{"type": "FeatureCollection", "features": [{"id": "0", "type": "Feature", "properties": {"time_step": null}, "geometry": {"type": "Polygon", "coordinates": [[[-72.94313322805966, 2.6220395724087773], [-72.94313322805966, 2.621228139510765], [-72.94322338727055, 2.621228139510765], [-72.94322338727055, 2.6213182987216554], [-72.94331354648145, 2.6213182987216554], [-72.94331354648145, 2.620867502667204], [-72.94223163595076, 2.620867502667204], [-72.94223163595076, 2.6210478210889847], [-72.94169068068543, 2.6210478210889847], [-72.94169068068543, 2.620867502667204], [-72.9418709991072, 2.620867502667204], [-72.9418709991072, 2.6206871842454236], [-72.94133004384186, 2.6206871842454236], [-72.94133004384186, 2.620867502667204], [-72.94114972542008, 2.620867502667204], [-72.94114972542008, 2.6210478210889847], [-72.94096940699829, 2.6210478210889847], [-72.94096940699829, 2.621228139510765], [-72.94078908857652, 2.621228139510765], [-72.94078908857652, 2.621408457932546], [-72.94060877015474, 2.621408457932546], [-72.94060877015474, 2.621228139510765], [-72.93934654120227, 2.621228139510765], [-72.93934654120227, 2.6211379802998747], [-72.93862526751515, 2.6211379802998747], [-72.93862526751515, 2.6217690947761065], [-72.93853510830427, 2.6217690947761065], [-72.93853510830427, 2.6219494131978873], [-72.93862526751515, 2.6219494131978873], [-72.93862526751515, 2.6220395724087773], [-72.94313322805966, 2.6220395724087773]]]}}, {"id": "1", "type": "Feature", "properties": {"time_step": null}, "geometry": {"type": "Polygon", "coordinates": [[[-72.95287042283582, 2.619064318449399], [-72.95287042283582, 2.6189741592385087], [-72.9529605820467, 2.6189741592385087], [-72.9529605820467, 2.6188840000276183], [-72.95323105967937, 2.6188840000276183], [-72.95323105967937, 2.618703681605838], [-72.95332121889027, 2.618703681605838], [-72.95332121889027, 2.6186135223949476], [-72.95341137810115, 2.6186135223949476], [-72.95341137810115, 2.618343044762277], [-72.95323105967937, 2.618343044762277], [-72.95323105967937, 2.617621771075155], [-72.9530507412576, 2.617621771075155], [-72.9530507412576, 2.6174414526533742], [-72.95196883072691, 2.6174414526533742], [-72.95196883072691, 2.617261134231594], [-72.95160819388335, 2.617261134231594], [-72.95160819388335, 2.6174414526533742], [-72.95142787546156, 2.6174414526533742], [-72.95142787546156, 2.6175316118642646], [-72.95151803467246, 2.6175316118642646], [-72.95151803467246, 2.6178922487078258], [-72.95142787546156, 2.6178922487078258], [-72.95142787546156, 2.6181627263404965], [-72.95151803467246, 2.6181627263404965], [-72.95151803467246, 2.618252885551387], [-72.95160819388335, 2.618252885551387], [-72.95160819388335, 2.6184332039731673], [-72.95178851230513, 2.6184332039731673], [-72.95178851230513, 2.6185233631840577], [-72.9521491491487, 2.6185233631840577], [-72.9521491491487, 2.618703681605838], [-72.95232946757046, 2.618703681605838], [-72.95232946757046, 2.619064318449399], [-72.95287042283582, 2.619064318449399]]]}}, {"id": "2", "type": "Feature", "properties": {"time_step": null}, "geometry": {"type": "Polygon", "coordinates": [[[-72.94430529780124, 2.61951511450385], [-72.94430529780124, 2.61942495529296], [-72.94439545701212, 2.61942495529296], [-72.94439545701212, 2.618072567129606], [-72.94421513859035, 2.618072567129606], [-72.94421513859035, 2.617711930286045], [-72.94403482016857, 2.617711930286045], [-72.94403482016857, 2.6175316118642646], [-72.94385450174678, 2.6175316118642646], [-72.94385450174678, 2.6173512934424843], [-72.943674183325, 2.6173512934424843], [-72.943674183325, 2.6171709750207035], [-72.94358402411412, 2.6171709750207035], [-72.94358402411412, 2.6170808158098136], [-72.94349386490323, 2.6170808158098136], [-72.94349386490323, 2.616810338177143], [-72.94331354648145, 2.616810338177143], [-72.94331354648145, 2.6162693829118013], [-72.94313322805966, 2.6162693829118013], [-72.94313322805966, 2.61590874606824], [-72.94295290963788, 2.61590874606824], [-72.94295290963788, 2.6157284276464594], [-72.9427725912161, 2.6157284276464594], [-72.9427725912161, 2.615548109224679], [-72.94241195437255, 2.615548109224679], [-72.94241195437255, 2.6153677908028987], [-72.94223163595076, 2.6153677908028987], [-72.94223163595076, 2.615548109224679], [-72.94205131752898, 2.615548109224679], [-72.94205131752898, 2.6160890644900205], [-72.9418709991072, 2.6160890644900205], [-72.9418709991072, 2.6164497013335817], [-72.94169068068543, 2.6164497013335817], [-72.94169068068543, 2.617711930286045], [-72.94223163595076, 2.617711930286045], [-72.94223163595076, 2.618252885551387], [-72.9418709991072, 2.618252885551387], [-72.9418709991072, 2.6184332039731673], [-72.94178083989631, 2.6184332039731673], [-72.94178083989631, 2.6185233631840577], [-72.94169068068543, 2.6185233631840577], [-72.94169068068543, 2.6187938408167284], [-72.9418709991072, 2.6187938408167284], [-72.9418709991072, 2.6189741592385087], [-72.94223163595076, 2.6189741592385087], [-72.94223163595076, 2.6188840000276183], [-72.94241195437255, 2.6188840000276183], [-72.94241195437255, 2.6187938408167284], [-72.94268243200521, 2.6187938408167284], [-72.94268243200521, 2.6188840000276183], [-72.942862750427, 2.6188840000276183], [-72.942862750427, 2.6189741592385087], [-72.94295290963788, 2.6189741592385087], [-72.94295290963788, 2.6187938408167284], [-72.94304306884878, 2.6187938408167284], [-72.94304306884878, 2.618703681605838], [-72.94313322805966, 2.618703681605838], [-72.94313322805966, 2.6184332039731673], [-72.94295290963788, 2.6184332039731673], [-72.94295290963788, 2.6181627263404965], [-72.942862750427, 2.6181627263404965], [-72.942862750427, 2.618072567129606], [-72.9427725912161, 2.618072567129606], [-72.9427725912161, 2.6178922487078258], [-72.94313322805966, 2.6178922487078258], [-72.94313322805966, 2.6178020894969354], [-72.94322338727055, 2.6178020894969354], [-72.94322338727055, 2.617711930286045], [-72.94313322805966, 2.617711930286045], [-72.94313322805966, 2.6175316118642646], [-72.94331354648145, 2.6175316118642646], [-72.94331354648145, 2.6174414526533742], [-72.94340370569233, 2.6174414526533742], [-72.94340370569233, 2.6173512934424843], [-72.94349386490323, 2.6173512934424843], [-72.94349386490323, 2.6175316118642646], [-72.943674183325, 2.6175316118642646], [-72.943674183325, 2.617711930286045], [-72.94331354648145, 2.617711930286045], [-72.94331354648145, 2.618252885551387], [-72.943674183325, 2.618252885551387], [-72.943674183325, 2.6184332039731673], [-72.9437643425359, 2.6184332039731673], [-72.9437643425359, 2.618343044762277], [-72.94385450174678, 2.618343044762277], [-72.94385450174678, 2.6188840000276183], [-72.94403482016857, 2.6188840000276183], [-72.94403482016857, 2.61942495529296], [-72.94412497937945, 2.61942495529296], [-72.94412497937945, 2.61933479608207], [-72.94421513859035, 2.61933479608207], [-72.94421513859035, 2.61951511450385], [-72.94430529780124, 2.61951511450385]], [[-72.94403482016857, 2.618252885551387], [-72.94394466095768, 2.618252885551387], [-72.94394466095768, 2.6181627263404965], [-72.94385450174678, 2.6181627263404965], [-72.94385450174678, 2.618072567129606], [-72.94403482016857, 2.618072567129606], [-72.94403482016857, 2.618252885551387]]]}}, {"id": "3", "type": "Feature", "properties": {"time_step": null}, "geometry": {"type": "Polygon", "coordinates": [[[-73.02130126390152, 2.6164497013335817], [-73.02130126390152, 2.614916994748447], [-73.02121110469062, 2.614916994748447], [-73.02121110469062, 2.6150071539593376], [-73.02103078626884, 2.6150071539593376], [-73.02103078626884, 2.6153677908028987], [-73.02057999021439, 2.6153677908028987], [-73.02057999021439, 2.6152776315920083], [-73.02012919415994, 2.6152776315920083], [-73.02012919415994, 2.6153677908028987], [-73.01994887573817, 2.6153677908028987], [-73.01994887573817, 2.6157284276464594], [-73.02012919415994, 2.6157284276464594], [-73.02012919415994, 2.61590874606824], [-73.02030951258172, 2.61590874606824], [-73.02030951258172, 2.6162693829118013], [-73.02103078626884, 2.6162693829118013], [-73.02103078626884, 2.616179223700911], [-73.02121110469062, 2.616179223700911], [-73.02121110469062, 2.6164497013335817], [-73.02130126390152, 2.6164497013335817]]]}}, {"id": "4", "type": "Feature", "properties": {"time_step": null}, "geometry": {"type": "Polygon", "coordinates": [[[-72.9816312111098, 2.6210478210889847], [-72.9816312111098, 2.620867502667204], [-72.98181152953158, 2.620867502667204], [-72.98181152953158, 2.6203265474018624], [-72.98190168874247, 2.6203265474018624], [-72.98190168874247, 2.6202363881909725], [-72.98199184795337, 2.6202363881909725], [-72.98199184795337, 2.6199659105583017], [-72.98217216637515, 2.6199659105583017], [-72.98217216637515, 2.619785592136521], [-72.98226232558603, 2.619785592136521], [-72.98226232558603, 2.619695432925631], [-72.98235248479692, 2.619695432925631], [-72.98235248479692, 2.6192446368711795], [-72.9825328032187, 2.6192446368711795], [-72.9825328032187, 2.618343044762277], [-72.98271312164049, 2.618343044762277], [-72.98271312164049, 2.6181627263404965], [-72.98289344006227, 2.6181627263404965], [-72.98289344006227, 2.617982407918716], [-72.98307375848405, 2.617982407918716], [-72.98307375848405, 2.617261134231594], [-72.98298359927315, 2.617261134231594], [-72.98298359927315, 2.6169004973880328], [-72.98289344006227, 2.6169004973880328], [-72.98289344006227, 2.616810338177143], [-72.98298359927315, 2.616810338177143], [-72.98298359927315, 2.6167201789662524], [-72.98289344006227, 2.6167201789662524], [-72.98289344006227, 2.6156382684355695], [-72.98298359927315, 2.6156382684355695], [-72.98298359927315, 2.6154579500137887], [-72.98307375848405, 2.6154579500137887], [-72.98307375848405, 2.6152776315920083], [-72.98289344006227, 2.6152776315920083], [-72.98289344006227, 2.614916994748447], [-72.9825328032187, 2.614916994748447], [-72.9825328032187, 2.614736676326667], [-72.98217216637515, 2.614736676326667], [-72.98217216637515, 2.614916994748447], [-72.98208200716425, 2.614916994748447], [-72.98208200716425, 2.615097313170228], [-72.98199184795337, 2.615097313170228], [-72.98199184795337, 2.61581858685735], [-72.98181152953158, 2.61581858685735], [-72.98181152953158, 2.61599890527913], [-72.98127057426625, 2.61599890527913], [-72.98127057426625, 2.61581858685735], [-72.98145089268802, 2.61581858685735], [-72.98145089268802, 2.6156382684355695], [-72.98127057426625, 2.6156382684355695], [-72.98127057426625, 2.6154579500137887], [-72.98109025584446, 2.6154579500137887], [-72.98109025584446, 2.6152776315920083], [-72.98090993742268, 2.6152776315920083], [-72.98090993742268, 2.615097313170228], [-72.9807296190009, 2.615097313170228], [-72.9807296190009, 2.614916994748447], [-72.98000834531378, 2.614916994748447], [-72.98000834531378, 2.614736676326667], [-72.97973786768111, 2.614736676326667], [-72.97973786768111, 2.6146465171157764], [-72.97964770847021, 2.6146465171157764], [-72.97964770847021, 2.6145563579048865], [-72.97910675320487, 2.6145563579048865], [-72.97910675320487, 2.614736676326667], [-72.97892643478309, 2.614736676326667], [-72.97892643478309, 2.614916994748447], [-72.97874611636132, 2.614916994748447], [-72.97874611636132, 2.615097313170228], [-72.97856579793954, 2.615097313170228], [-72.97856579793954, 2.6154579500137887], [-72.97838547951775, 2.6154579500137887], [-72.97838547951775, 2.6156382684355695], [-72.97802484267419, 2.6156382684355695], [-72.97802484267419, 2.61581858685735], [-72.97766420583064, 2.61581858685735], [-72.97766420583064, 2.61599890527913], [-72.97748388740885, 2.61599890527913], [-72.97748388740885, 2.616179223700911], [-72.97730356898707, 2.616179223700911], [-72.97730356898707, 2.616539860544472], [-72.97712325056528, 2.616539860544472], [-72.97712325056528, 2.6170808158098136], [-72.97730356898707, 2.6170808158098136], [-72.97730356898707, 2.6171709750207035], [-72.97748388740885, 2.6171709750207035], [-72.97748388740885, 2.6170808158098136], [-72.97784452425242, 2.6170808158098136], [-72.97784452425242, 2.6169004973880328], [-72.97820516109597, 2.6169004973880328], [-72.97820516109597, 2.617261134231594], [-72.97784452425242, 2.617261134231594], [-72.97784452425242, 2.617621771075155], [-72.97802484267419, 2.617621771075155], [-72.97802484267419, 2.6178020894969354], [-72.97874611636132, 2.6178020894969354], [-72.97874611636132, 2.617982407918716], [-72.97910675320487, 2.617982407918716], [-72.97910675320487, 2.6181627263404965], [-72.97946739004844, 2.6181627263404965], [-72.97946739004844, 2.618343044762277], [-72.97964770847021, 2.618343044762277], [-72.97964770847021, 2.6188840000276183], [-72.979828026892, 2.6188840000276183], [-72.979828026892, 2.619064318449399], [-72.98054930057911, 2.619064318449399], [-72.98054930057911, 2.6196052737147406], [-72.98036898215734, 2.6196052737147406], [-72.98036898215734, 2.619785592136521], [-72.98027882294645, 2.619785592136521], [-72.98027882294645, 2.6198757513474114], [-72.98018866373556, 2.6198757513474114], [-72.98018866373556, 2.620416706612753], [-72.98027882294645, 2.620416706612753], [-72.98027882294645, 2.6205068658236432], [-72.98054930057911, 2.6205068658236432], [-72.98054930057911, 2.6206871842454236], [-72.98090993742268, 2.6206871842454236], [-72.98090993742268, 2.620867502667204], [-72.98109025584446, 2.620867502667204], [-72.98109025584446, 2.6210478210889847], [-72.9816312111098, 2.6210478210889847]], [[-72.9807296190009, 2.6185233631840577], [-72.98054930057911, 2.6185233631840577], [-72.98054930057911, 2.6184332039731673], [-72.98045914136823, 2.6184332039731673], [-72.98045914136823, 2.618343044762277], [-72.98036898215734, 2.618343044762277], [-72.98036898215734, 2.6181627263404965], [-72.9808197782118, 2.6181627263404965], [-72.9808197782118, 2.618343044762277], [-72.9807296190009, 2.618343044762277], [-72.9807296190009, 2.6185233631840577]], [[-72.98109025584446, 2.617621771075155], [-72.98090993742268, 2.617621771075155], [-72.98090993742268, 2.617261134231594], [-72.9807296190009, 2.617261134231594], [-72.9807296190009, 2.6170808158098136], [-72.98054930057911, 2.6170808158098136], [-72.98054930057911, 2.6163595421226913], [-72.9807296190009, 2.6163595421226913], [-72.9807296190009, 2.616179223700911], [-72.98109025584446, 2.616179223700911], [-72.98109025584446, 2.617621771075155]]]}}, {"id": "5", "type": "Feature", "properties": {"time_step": null}, "geometry": {"type": "Polygon", "coordinates": [[[-72.98830299271569, 2.6169004973880328], [-72.98830299271569, 2.6167201789662524], [-72.98884394798102, 2.6167201789662524], [-72.98884394798102, 2.6157284276464594], [-72.98866362955924, 2.6157284276464594], [-72.98866362955924, 2.6154579500137887], [-72.98848331113746, 2.6154579500137887], [-72.98848331113746, 2.6152776315920083], [-72.98839315192657, 2.6152776315920083], [-72.98839315192657, 2.615187472381118], [-72.98830299271569, 2.615187472381118], [-72.98830299271569, 2.615097313170228], [-72.9881226742939, 2.615097313170228], [-72.9881226742939, 2.614736676326667], [-72.98794235587212, 2.614736676326667], [-72.98794235587212, 2.6145563579048865], [-72.9881226742939, 2.6145563579048865], [-72.9881226742939, 2.6143760394831057], [-72.98866362955924, 2.6143760394831057], [-72.98866362955924, 2.6140154026395446], [-72.98848331113746, 2.6140154026395446], [-72.98848331113746, 2.6138350842177642], [-72.9881226742939, 2.6138350842177642], [-72.9881226742939, 2.6132941289524227], [-72.98821283350479, 2.6132941289524227], [-72.98821283350479, 2.6131138105306424], [-72.9881226742939, 2.6131138105306424], [-72.9881226742939, 2.6129334921088616], [-72.98794235587212, 2.6129334921088616], [-72.98794235587212, 2.6125728552653005], [-72.98785219666124, 2.6125728552653005], [-72.98785219666124, 2.6124826960544105], [-72.98776203745034, 2.6124826960544105], [-72.98776203745034, 2.6116712631563983], [-72.987221082185, 2.6116712631563983], [-72.987221082185, 2.6118515815781786], [-72.98704076376322, 2.6118515815781786], [-72.98704076376322, 2.61221221842174], [-72.98686044534143, 2.61221221842174], [-72.98686044534143, 2.6121220592108494], [-72.98677028613055, 2.6121220592108494], [-72.98677028613055, 2.612031899999959], [-72.98649980849788, 2.612031899999959], [-72.98649980849788, 2.61221221842174], [-72.98613917165432, 2.61221221842174], [-72.98613917165432, 2.6121220592108494], [-72.98595885323253, 2.6121220592108494], [-72.98595885323253, 2.61221221842174], [-72.98559821638898, 2.61221221842174], [-72.98559821638898, 2.612031899999959], [-72.98523757954541, 2.612031899999959], [-72.98523757954541, 2.6117614223672883], [-72.98505726112363, 2.6117614223672883], [-72.98505726112363, 2.6118515815781786], [-72.98487694270185, 2.6118515815781786], [-72.98487694270185, 2.611941740789069], [-72.98496710191274, 2.611941740789069], [-72.98496710191274, 2.612031899999959], [-72.98505726112363, 2.612031899999959], [-72.98505726112363, 2.61221221842174], [-72.98487694270185, 2.61221221842174], [-72.98487694270185, 2.6123023776326297], [-72.98478678349096, 2.6123023776326297], [-72.98478678349096, 2.61221221842174], [-72.98469662428008, 2.61221221842174], [-72.98469662428008, 2.6121220592108494], [-72.98478678349096, 2.6121220592108494], [-72.98478678349096, 2.612031899999959], [-72.98433598743651, 2.612031899999959], [-72.98433598743651, 2.61221221842174], [-72.98424582822562, 2.61221221842174], [-72.98424582822562, 2.61239253684352], [-72.98433598743651, 2.61239253684352], [-72.98433598743651, 2.6125728552653005], [-72.98451630585829, 2.6125728552653005], [-72.98451630585829, 2.6128433328979717], [-72.98460646506918, 2.6128433328979717], [-72.98460646506918, 2.6129334921088616], [-72.98487694270185, 2.6129334921088616], [-72.98487694270185, 2.6131138105306424], [-72.98505726112363, 2.6131138105306424], [-72.98505726112363, 2.6132941289524227], [-72.98487694270185, 2.6132941289524227], [-72.98487694270185, 2.613654765795984], [-72.98469662428008, 2.613654765795984], [-72.98469662428008, 2.6138350842177642], [-72.98460646506918, 2.6138350842177642], [-72.98460646506918, 2.613744925006874], [-72.98451630585829, 2.613744925006874], [-72.98451630585829, 2.6140154026395446], [-72.98460646506918, 2.6140154026395446], [-72.98460646506918, 2.6139252434286546], [-72.98469662428008, 2.6139252434286546], [-72.98469662428008, 2.6140154026395446], [-72.98487694270185, 2.6140154026395446], [-72.98487694270185, 2.6141957210613254], [-72.98505726112363, 2.6141957210613254], [-72.98505726112363, 2.6143760394831057], [-72.98487694270185, 2.6143760394831057], [-72.98487694270185, 2.614916994748447], [-72.98505726112363, 2.614916994748447], [-72.98505726112363, 2.6152776315920083], [-72.98523757954541, 2.6152776315920083], [-72.98523757954541, 2.6156382684355695], [-72.9854178979672, 2.6156382684355695], [-72.9854178979672, 2.61581858685735], [-72.9863194900761, 2.61581858685735], [-72.9863194900761, 2.61599890527913], [-72.98613917165432, 2.61599890527913], [-72.98613917165432, 2.616179223700911], [-72.98649980849788, 2.616179223700911], [-72.98649980849788, 2.6163595421226913], [-72.98668012691965, 2.6163595421226913], [-72.98668012691965, 2.6164497013335817], [-72.98686044534143, 2.6164497013335817], [-72.98686044534143, 2.616539860544472], [-72.98704076376322, 2.616539860544472], [-72.98704076376322, 2.6167201789662524], [-72.98740140060679, 2.6167201789662524], [-72.98740140060679, 2.6169004973880328], [-72.98830299271569, 2.6169004973880328]], [[-72.987221082185, 2.615097313170228], [-72.98704076376322, 2.615097313170228], [-72.98704076376322, 2.614916994748447], [-72.98686044534143, 2.614916994748447], [-72.98686044534143, 2.614736676326667], [-72.98668012691965, 2.614736676326667], [-72.98668012691965, 2.6143760394831057], [-72.98686044534143, 2.6143760394831057], [-72.98686044534143, 2.6141957210613254], [-72.98704076376322, 2.6141957210613254], [-72.98704076376322, 2.6143760394831057], [-72.987221082185, 2.6143760394831057], [-72.987221082185, 2.614466198693996], [-72.98740140060679, 2.614466198693996], [-72.98740140060679, 2.614736676326667], [-72.98758171902855, 2.614736676326667], [-72.98758171902855, 2.614916994748447], [-72.987221082185, 2.614916994748447], [-72.987221082185, 2.615097313170228]], [[-72.98776203745034, 2.614736676326667], [-72.98758171902855, 2.614736676326667], [-72.98758171902855, 2.6145563579048865], [-72.98776203745034, 2.6145563579048865], [-72.98776203745034, 2.614736676326667]], [[-72.98686044534143, 2.613023651319752], [-72.98677028613055, 2.613023651319752], [-72.98677028613055, 2.6128433328979717], [-72.98668012691965, 2.6128433328979717], [-72.98668012691965, 2.6127531736870813], [-72.98686044534143, 2.6127531736870813], [-72.98686044534143, 2.613023651319752]], [[-72.98686044534143, 2.6125728552653005], [-72.98677028613055, 2.6125728552653005], [-72.98677028613055, 2.61239253684352], [-72.98686044534143, 2.61239253684352], [-72.98686044534143, 2.6125728552653005]], [[-72.98478678349096, 2.61239253684352], [-72.98469662428008, 2.61239253684352], [-72.98469662428008, 2.6123023776326297], [-72.98478678349096, 2.6123023776326297], [-72.98478678349096, 2.61239253684352]]]}}, {"id": "6", "type": "Feature", "properties": {"time_step": null}, "geometry": {"type": "Polygon", "coordinates": [[[-72.9474608701824, 2.6124826960544105], [-72.9474608701824, 2.6123023776326297], [-72.94764118860418, 2.6123023776326297], [-72.94764118860418, 2.6117614223672883], [-72.9474608701824, 2.6117614223672883], [-72.9474608701824, 2.611581103945508], [-72.94710023333883, 2.611581103945508], [-72.94710023333883, 2.6117614223672883], [-72.94691991491706, 2.6117614223672883], [-72.94691991491706, 2.611941740789069], [-72.94682975570616, 2.611941740789069], [-72.94682975570616, 2.6121220592108494], [-72.94691991491706, 2.6121220592108494], [-72.94691991491706, 2.6124826960544105], [-72.9474608701824, 2.6124826960544105]]]}}, {"id": "7", "type": "Feature", "properties": {"time_step": null}, "geometry": {"type": "Polygon", "coordinates": [[[-72.9483624622913, 2.6124826960544105], [-72.9483624622913, 2.6123023776326297], [-72.94854278071308, 2.6123023776326297], [-72.94854278071308, 2.6114007855237276], [-72.94818214386952, 2.6114007855237276], [-72.94818214386952, 2.611310626312837], [-72.94809198465863, 2.611310626312837], [-72.94809198465863, 2.6114007855237276], [-72.94782150702596, 2.6114007855237276], [-72.94782150702596, 2.6121220592108494], [-72.94791166623685, 2.6121220592108494], [-72.94791166623685, 2.6123023776326297], [-72.94800182544773, 2.6123023776326297], [-72.94800182544773, 2.6124826960544105], [-72.9483624622913, 2.6124826960544105]]]}}, {"id": "8", "type": "Feature", "properties": {"time_step": null}, "geometry": {"type": "Polygon", "coordinates": [[[-72.98109025584446, 2.615097313170228], [-72.98109025584446, 2.6150071539593376], [-72.98127057426625, 2.6150071539593376], [-72.98127057426625, 2.614916994748447], [-72.98181152953158, 2.614916994748447], [-72.98181152953158, 2.614736676326667], [-72.98199184795337, 2.614736676326667], [-72.98199184795337, 2.6145563579048865], [-72.98235248479692, 2.6145563579048865], [-72.98235248479692, 2.6143760394831057], [-72.9825328032187, 2.6143760394831057], [-72.9825328032187, 2.6141957210613254], [-72.98271312164049, 2.6141957210613254], [-72.98271312164049, 2.6140154026395446], [-72.98307375848405, 2.6140154026395446], [-72.98307375848405, 2.6138350842177642], [-72.98325407690582, 2.6138350842177642], [-72.98325407690582, 2.613654765795984], [-72.9834343953276, 2.613654765795984], [-72.9834343953276, 2.613474447374203], [-72.98361471374939, 2.613474447374203], [-72.98361471374939, 2.6129334921088616], [-72.98379503217117, 2.6129334921088616], [-72.98379503217117, 2.6127531736870813], [-72.98388519138206, 2.6127531736870813], [-72.98388519138206, 2.6125728552653005], [-72.98397535059296, 2.6125728552653005], [-72.98397535059296, 2.6116712631563983], [-72.98379503217117, 2.6116712631563983], [-72.98379503217117, 2.611310626312837], [-72.98361471374939, 2.611310626312837], [-72.98361471374939, 2.6112204671019468], [-72.9834343953276, 2.6112204671019468], [-72.9834343953276, 2.611130307891057], [-72.98307375848405, 2.611130307891057], [-72.98307375848405, 2.6117614223672883], [-72.98316391769494, 2.6117614223672883], [-72.98316391769494, 2.6116712631563983], [-72.98325407690582, 2.6116712631563983], [-72.98325407690582, 2.612031899999959], [-72.98307375848405, 2.612031899999959], [-72.98307375848405, 2.61221221842174], [-72.98289344006227, 2.61221221842174], [-72.98289344006227, 2.61239253684352], [-72.9825328032187, 2.61239253684352], [-72.9825328032187, 2.61221221842174], [-72.98235248479692, 2.61221221842174], [-72.98235248479692, 2.612031899999959], [-72.9816312111098, 2.612031899999959], [-72.9816312111098, 2.61221221842174], [-72.98145089268802, 2.61221221842174], [-72.98145089268802, 2.61239253684352], [-72.98127057426625, 2.61239253684352], [-72.98127057426625, 2.6125728552653005], [-72.98109025584446, 2.6125728552653005], [-72.98109025584446, 2.6129334921088616], [-72.98090993742268, 2.6129334921088616], [-72.98090993742268, 2.6131138105306424], [-72.9807296190009, 2.6131138105306424], [-72.9807296190009, 2.6132941289524227], [-72.98063945979001, 2.6132941289524227], [-72.98063945979001, 2.613474447374203], [-72.98054930057911, 2.613474447374203], [-72.98054930057911, 2.613654765795984], [-72.98027882294645, 2.613654765795984], [-72.98027882294645, 2.6138350842177642], [-72.98018866373556, 2.6138350842177642], [-72.98018866373556, 2.6141957210613254], [-72.98036898215734, 2.6141957210613254], [-72.98036898215734, 2.6145563579048865], [-72.98054930057911, 2.6145563579048865], [-72.98054930057911, 2.614736676326667], [-72.9807296190009, 2.614736676326667], [-72.9807296190009, 2.614916994748447], [-72.98090993742268, 2.614916994748447], [-72.98090993742268, 2.615097313170228], [-72.98109025584446, 2.615097313170228]]]}}, {"id": "9", "type": "Feature", "properties": {"time_step": null}, "geometry": {"type": "Polygon", "coordinates": [[[-72.97937723083754, 2.6141957210613254], [-72.97937723083754, 2.614105561850435], [-72.97946739004844, 2.614105561850435], [-72.97946739004844, 2.6140154026395446], [-72.979828026892, 2.6140154026395446], [-72.979828026892, 2.6138350842177642], [-72.98000834531378, 2.6138350842177642], [-72.98000834531378, 2.613744925006874], [-72.97991818610289, 2.613744925006874], [-72.97991818610289, 2.613654765795984], [-72.98000834531378, 2.613654765795984], [-72.98000834531378, 2.6131138105306424], [-72.979828026892, 2.6131138105306424], [-72.979828026892, 2.6128433328979717], [-72.97973786768111, 2.6128433328979717], [-72.97973786768111, 2.6127531736870813], [-72.97964770847021, 2.6127531736870813], [-72.97964770847021, 2.612663014476191], [-72.97973786768111, 2.612663014476191], [-72.97973786768111, 2.6125728552653005], [-72.97964770847021, 2.6125728552653005], [-72.97964770847021, 2.61221221842174], [-72.97946739004844, 2.61221221842174], [-72.97946739004844, 2.612031899999959], [-72.97964770847021, 2.612031899999959], [-72.97964770847021, 2.611130307891057], [-72.97946739004844, 2.611130307891057], [-72.97946739004844, 2.611310626312837], [-72.97928707162666, 2.611310626312837], [-72.97928707162666, 2.611130307891057], [-72.97892643478309, 2.611130307891057], [-72.97892643478309, 2.610949989469276], [-72.97838547951775, 2.610949989469276], [-72.97838547951775, 2.6114909447346175], [-72.97856579793954, 2.6114909447346175], [-72.97856579793954, 2.6118515815781786], [-72.97847563872864, 2.6118515815781786], [-72.97847563872864, 2.611941740789069], [-72.97838547951775, 2.611941740789069], [-72.97838547951775, 2.6125728552653005], [-72.97847563872864, 2.6125728552653005], [-72.97847563872864, 2.6127531736870813], [-72.97856579793954, 2.6127531736870813], [-72.97856579793954, 2.613474447374203], [-72.97865595715042, 2.613474447374203], [-72.97865595715042, 2.613654765795984], [-72.97874611636132, 2.613654765795984], [-72.97874611636132, 2.6141957210613254], [-72.97937723083754, 2.6141957210613254]], [[-72.97937723083754, 2.611581103945508], [-72.97928707162666, 2.611581103945508], [-72.97928707162666, 2.6114007855237276], [-72.97937723083754, 2.6114007855237276], [-72.97937723083754, 2.611581103945508]]]}}, {"id": "10", "type": "Feature", "properties": {"time_step": null}, "geometry": {"type": "Polygon", "coordinates": [[[-72.9465592780735, 2.6117614223672883], [-72.9465592780735, 2.611581103945508], [-72.94673959649528, 2.611581103945508], [-72.94673959649528, 2.6106795118366053], [-72.94637895965171, 2.6106795118366053], [-72.94637895965171, 2.6108598302583856], [-72.94619864122993, 2.6108598302583856], [-72.94619864122993, 2.611130307891057], [-72.94610848201904, 2.611130307891057], [-72.94610848201904, 2.6114007855237276], [-72.94619864122993, 2.6114007855237276], [-72.94619864122993, 2.611581103945508], [-72.94637895965171, 2.611581103945508], [-72.94637895965171, 2.6117614223672883], [-72.9465592780735, 2.6117614223672883]]]}}, {"id": "11", "type": "Feature", "properties": {"time_step": null}, "geometry": {"type": "Polygon", "coordinates": [[[-72.97135306106831, 2.612031899999959], [-72.97135306106831, 2.6118515815781786], [-72.97171369791188, 2.6118515815781786], [-72.97171369791188, 2.6116712631563983], [-72.97207433475543, 2.6116712631563983], [-72.97207433475543, 2.6114909447346175], [-72.972434971599, 2.6114909447346175], [-72.972434971599, 2.6114007855237276], [-72.97252513080988, 2.6114007855237276], [-72.97252513080988, 2.611310626312837], [-72.97261529002078, 2.611310626312837], [-72.97261529002078, 2.6107696710474957], [-72.97279560844255, 2.6107696710474957], [-72.97279560844255, 2.6104090342039346], [-72.97261529002078, 2.6104090342039346], [-72.97261529002078, 2.610228715782154], [-72.97252513080988, 2.610228715782154], [-72.97252513080988, 2.610138556571264], [-72.972434971599, 2.610138556571264], [-72.972434971599, 2.6100483973603734], [-72.97225465317722, 2.6100483973603734], [-72.97225465317722, 2.610228715782154], [-72.97171369791188, 2.610228715782154], [-72.97171369791188, 2.6104090342039346], [-72.9715333794901, 2.6104090342039346], [-72.9715333794901, 2.610589352625715], [-72.97135306106831, 2.610589352625715], [-72.97135306106831, 2.6107696710474957], [-72.97117274264653, 2.6107696710474957], [-72.97117274264653, 2.611130307891057], [-72.97099242422475, 2.611130307891057], [-72.97099242422475, 2.611310626312837], [-72.97081210580298, 2.611310626312837], [-72.97081210580298, 2.612031899999959], [-72.97135306106831, 2.612031899999959]]]}}, {"id": "12", "type": "Feature", "properties": {"time_step": null}, "geometry": {"type": "Polygon", "coordinates": [[[-72.93339603328351, 2.6135646065850935], [-72.93339603328351, 2.613384288163313], [-72.9335763517053, 2.613384288163313], [-72.9335763517053, 2.613023651319752], [-72.93339603328351, 2.613023651319752], [-72.93339603328351, 2.6128433328979717], [-72.93321571486173, 2.6128433328979717], [-72.93321571486173, 2.612663014476191], [-72.93303539643996, 2.612663014476191], [-72.93303539643996, 2.6124826960544105], [-72.93285507801818, 2.6124826960544105], [-72.93285507801818, 2.6117614223672883], [-72.93303539643996, 2.6117614223672883], [-72.93303539643996, 2.6110401486801664], [-72.93294523722906, 2.6110401486801664], [-72.93294523722906, 2.6108598302583856], [-72.93285507801818, 2.6108598302583856], [-72.93285507801818, 2.6099582381494835], [-72.9326747595964, 2.6099582381494835], [-72.9326747595964, 2.6097779197277027], [-72.93249444117461, 2.6097779197277027], [-72.93249444117461, 2.6095976013059223], [-72.93231412275283, 2.6095976013059223], [-72.93231412275283, 2.6097779197277027], [-72.93213380433106, 2.6097779197277027], [-72.93213380433106, 2.6099582381494835], [-72.93204364512016, 2.6099582381494835], [-72.93204364512016, 2.6100483973603734], [-72.93195348590928, 2.6100483973603734], [-72.93195348590928, 2.6114909447346175], [-72.93213380433106, 2.6114909447346175], [-72.93213380433106, 2.611581103945508], [-72.93204364512016, 2.611581103945508], [-72.93204364512016, 2.6117614223672883], [-72.93195348590928, 2.6117614223672883], [-72.93195348590928, 2.611941740789069], [-72.93213380433106, 2.611941740789069], [-72.93213380433106, 2.613023651319752], [-72.93231412275283, 2.613023651319752], [-72.93231412275283, 2.6135646065850935], [-72.93339603328351, 2.6135646065850935]]]}}, {"id": "13", "type": "Feature", "properties": {"time_step": null}, "geometry": {"type": "Polygon", "coordinates": [[[-72.95232946757046, 2.613384288163313], [-72.95232946757046, 2.6132039697415324], [-72.95287042283582, 2.6132039697415324], [-72.95287042283582, 2.613023651319752], [-72.95314090046848, 2.613023651319752], [-72.95314090046848, 2.6131138105306424], [-72.95359169652293, 2.6131138105306424], [-72.95359169652293, 2.6129334921088616], [-72.9539523333665, 2.6129334921088616], [-72.9539523333665, 2.6124826960544105], [-72.9538621741556, 2.6124826960544105], [-72.9538621741556, 2.61239253684352], [-72.95377201494472, 2.61239253684352], [-72.95377201494472, 2.6121220592108494], [-72.95359169652293, 2.6121220592108494], [-72.95359169652293, 2.611941740789069], [-72.95341137810115, 2.611941740789069], [-72.95341137810115, 2.6117614223672883], [-72.95323105967937, 2.6117614223672883], [-72.95323105967937, 2.611581103945508], [-72.9530507412576, 2.611581103945508], [-72.9530507412576, 2.6114007855237276], [-72.95323105967937, 2.6114007855237276], [-72.95323105967937, 2.6112204671019468], [-72.95341137810115, 2.6112204671019468], [-72.95341137810115, 2.610949989469276], [-72.95350153731205, 2.610949989469276], [-72.95350153731205, 2.6108598302583856], [-72.95359169652293, 2.6108598302583856], [-72.95359169652293, 2.6107696710474957], [-72.95368185573382, 2.6107696710474957], [-72.95368185573382, 2.6106795118366053], [-72.95377201494472, 2.6106795118366053], [-72.95377201494472, 2.610138556571264], [-72.95359169652293, 2.610138556571264], [-72.95359169652293, 2.6097779197277027], [-72.95341137810115, 2.6097779197277027], [-72.95341137810115, 2.6095976013059223], [-72.95269010441403, 2.6095976013059223], [-72.95269010441403, 2.6097779197277027], [-72.95250978599225, 2.6097779197277027], [-72.95250978599225, 2.6099582381494835], [-72.95232946757046, 2.6099582381494835], [-72.95232946757046, 2.610138556571264], [-72.9521491491487, 2.610138556571264], [-72.9521491491487, 2.610499193414825], [-72.95196883072691, 2.610499193414825], [-72.95196883072691, 2.6106795118366053], [-72.95178851230513, 2.6106795118366053], [-72.95178851230513, 2.611581103945508], [-72.95160819388335, 2.611581103945508], [-72.95160819388335, 2.6128433328979717], [-72.95142787546156, 2.6128433328979717], [-72.95142787546156, 2.6132941289524227], [-72.95151803467246, 2.6132941289524227], [-72.95151803467246, 2.613384288163313], [-72.95232946757046, 2.613384288163313]]]}}, {"id": "14", "type": "Feature", "properties": {"time_step": null}, "geometry": {"type": "Polygon", "coordinates": [[[-72.98325407690582, 2.6107696710474957], [-72.98325407690582, 2.6099582381494835], [-72.98316391769494, 2.6099582381494835], [-72.98316391769494, 2.609868078938593], [-72.98307375848405, 2.609868078938593], [-72.98307375848405, 2.6096877605168127], [-72.9825328032187, 2.6096877605168127], [-72.9825328032187, 2.609507442095032], [-72.98235248479692, 2.609507442095032], [-72.98235248479692, 2.6096877605168127], [-72.98217216637515, 2.6096877605168127], [-72.98217216637515, 2.609868078938593], [-72.98235248479692, 2.609868078938593], [-72.98235248479692, 2.610138556571264], [-72.9825328032187, 2.610138556571264], [-72.9825328032187, 2.610228715782154], [-72.98271312164049, 2.610228715782154], [-72.98271312164049, 2.6104090342039346], [-72.98289344006227, 2.6104090342039346], [-72.98289344006227, 2.6106795118366053], [-72.98298359927315, 2.6106795118366053], [-72.98298359927315, 2.6107696710474957], [-72.98325407690582, 2.6107696710474957]]]}}, {"id": "15", "type": "Feature", "properties": {"time_step": null}, "geometry": {"type": "Polygon", "coordinates": [[[-72.98595885323253, 2.6107696710474957], [-72.98595885323253, 2.6106795118366053], [-72.98613917165432, 2.6106795118366053], [-72.98613917165432, 2.610589352625715], [-72.98649980849788, 2.610589352625715], [-72.98649980849788, 2.6104090342039346], [-72.98668012691965, 2.6104090342039346], [-72.98668012691965, 2.609507442095032], [-72.98649980849788, 2.609507442095032], [-72.98649980849788, 2.6093271236732516], [-72.98577853481075, 2.6093271236732516], [-72.98577853481075, 2.609417282884142], [-72.98559821638898, 2.609417282884142], [-72.98559821638898, 2.6093271236732516], [-72.9854178979672, 2.6093271236732516], [-72.9854178979672, 2.609417282884142], [-72.9853277387563, 2.609417282884142], [-72.9853277387563, 2.609507442095032], [-72.98505726112363, 2.609507442095032], [-72.98505726112363, 2.610228715782154], [-72.98523757954541, 2.610228715782154], [-72.98523757954541, 2.6107696710474957], [-72.98595885323253, 2.6107696710474957]]]}}, {"id": "16", "type": "Feature", "properties": {"time_step": null}, "geometry": {"type": "Polygon", "coordinates": [[[-72.99308143089287, 2.609868078938593], [-72.99308143089287, 2.6097779197277027], [-72.99317159010376, 2.6097779197277027], [-72.99317159010376, 2.6096877605168127], [-72.99353222694732, 2.6096877605168127], [-72.99353222694732, 2.609507442095032], [-72.99371254536909, 2.609507442095032], [-72.99371254536909, 2.609236964462361], [-72.99380270457999, 2.609236964462361], [-72.99380270457999, 2.609146805251471], [-72.99371254536909, 2.609146805251471], [-72.99371254536909, 2.60878616840791], [-72.99299127168197, 2.60878616840791], [-72.99299127168197, 2.6088763276188], [-72.99290111247109, 2.6088763276188], [-72.99290111247109, 2.6089664868296905], [-72.99263063483842, 2.6089664868296905], [-72.99263063483842, 2.6096877605168127], [-72.99281095326019, 2.6096877605168127], [-72.99281095326019, 2.609868078938593], [-72.99308143089287, 2.609868078938593]]]}}, {"id": "17", "type": "Feature", "properties": {"time_step": null}, "geometry": {"type": "Polygon", "coordinates": [[[-72.99713859538292, 2.609507442095032], [-72.99713859538292, 2.609417282884142], [-72.99722875459382, 2.609417282884142], [-72.99722875459382, 2.6089664868296905], [-72.99686811775025, 2.6089664868296905], [-72.99686811775025, 2.60878616840791], [-72.99668779932847, 2.60878616840791], [-72.99668779932847, 2.6086960091970197], [-72.99659764011759, 2.6086960091970197], [-72.99659764011759, 2.6086058499861293], [-72.99614684406313, 2.6086058499861293], [-72.99614684406313, 2.6089664868296905], [-72.99632716248492, 2.6089664868296905], [-72.99632716248492, 2.609146805251471], [-72.9965074809067, 2.609146805251471], [-72.9965074809067, 2.609507442095032], [-72.99713859538292, 2.609507442095032]]]}}, {"id": "18", "type": "Feature", "properties": {"time_step": null}, "geometry": {"type": "Polygon", "coordinates": [[[-72.97297592686434, 2.609868078938593], [-72.97297592686434, 2.609146805251471], [-72.97279560844255, 2.609146805251471], [-72.97279560844255, 2.60878616840791], [-72.97261529002078, 2.60878616840791], [-72.97261529002078, 2.6086058499861293], [-72.97252513080988, 2.6086058499861293], [-72.97252513080988, 2.6085156907752394], [-72.972434971599, 2.6085156907752394], [-72.972434971599, 2.6082452131425686], [-72.97225465317722, 2.6082452131425686], [-72.97225465317722, 2.6081550539316782], [-72.97207433475543, 2.6081550539316782], [-72.97207433475543, 2.6082452131425686], [-72.97189401633365, 2.6082452131425686], [-72.97189401633365, 2.60878616840791], [-72.97180385712277, 2.60878616840791], [-72.97180385712277, 2.6089664868296905], [-72.97189401633365, 2.6089664868296905], [-72.97189401633365, 2.609146805251471], [-72.97207433475543, 2.609146805251471], [-72.97207433475543, 2.6093271236732516], [-72.97225465317722, 2.6093271236732516], [-72.97225465317722, 2.609507442095032], [-72.9723448123881, 2.609507442095032], [-72.9723448123881, 2.6095976013059223], [-72.972434971599, 2.6095976013059223], [-72.972434971599, 2.6097779197277027], [-72.97252513080988, 2.6097779197277027], [-72.97252513080988, 2.609868078938593], [-72.97297592686434, 2.609868078938593]]]}}, {"id": "19", "type": "Feature", "properties": {"time_step": null}, "geometry": {"type": "Polygon", "coordinates": [[[-72.98478678349096, 2.609146805251471], [-72.98478678349096, 2.609056646040581], [-72.98487694270185, 2.609056646040581], [-72.98487694270185, 2.6089664868296905], [-72.98523757954541, 2.6089664868296905], [-72.98523757954541, 2.60878616840791], [-72.9854178979672, 2.60878616840791], [-72.9854178979672, 2.608425531564349], [-72.98523757954541, 2.608425531564349], [-72.98523757954541, 2.6082452131425686], [-72.98514742033453, 2.6082452131425686], [-72.98514742033453, 2.6081550539316782], [-72.98505726112363, 2.6081550539316782], [-72.98505726112363, 2.6078845762990075], [-72.98451630585829, 2.6078845762990075], [-72.98451630585829, 2.6089664868296905], [-72.98469662428008, 2.6089664868296905], [-72.98469662428008, 2.609146805251471], [-72.98478678349096, 2.609146805251471]]]}}, {"id": "20", "type": "Feature", "properties": {"time_step": null}, "geometry": {"type": "Polygon", "coordinates": [[[-72.99849098354628, 2.6086058499861293], [-72.99849098354628, 2.608064894720788], [-72.99813034670272, 2.608064894720788], [-72.99813034670272, 2.607704257877227], [-72.99795002828094, 2.607704257877227], [-72.99795002828094, 2.6075239394554464], [-72.99776970985916, 2.6075239394554464], [-72.99776970985916, 2.607343621033666], [-72.99704843617204, 2.607343621033666], [-72.99704843617204, 2.607433780244556], [-72.99686811775025, 2.607433780244556], [-72.99686811775025, 2.6082452131425686], [-72.99704843617204, 2.6082452131425686], [-72.99704843617204, 2.6083353723534586], [-72.99713859538292, 2.6083353723534586], [-72.99713859538292, 2.608425531564349], [-72.99776970985916, 2.608425531564349], [-72.99776970985916, 2.6086058499861293], [-72.99849098354628, 2.6086058499861293]], [[-72.99813034670272, 2.6082452131425686], [-72.99795002828094, 2.6082452131425686], [-72.99795002828094, 2.608064894720788], [-72.99813034670272, 2.608064894720788], [-72.99813034670272, 2.6082452131425686]]]}}, {"id": "21", "type": "Feature", "properties": {"time_step": null}, "geometry": {"type": "Polygon", "coordinates": [[[-72.93952685962405, 2.614105561850435], [-72.93952685962405, 2.6139252434286546], [-72.93970717804584, 2.6139252434286546], [-72.93970717804584, 2.613744925006874], [-72.94006781488939, 2.613744925006874], [-72.94006781488939, 2.6135646065850935], [-72.94024813331117, 2.6135646065850935], [-72.94024813331117, 2.613474447374203], [-72.94042845173296, 2.613474447374203], [-72.94042845173296, 2.613384288163313], [-72.94133004384186, 2.613384288163313], [-72.94133004384186, 2.6132039697415324], [-72.94169068068543, 2.6132039697415324], [-72.94169068068543, 2.613023651319752], [-72.9418709991072, 2.613023651319752], [-72.9418709991072, 2.6128433328979717], [-72.94205131752898, 2.6128433328979717], [-72.94205131752898, 2.612663014476191], [-72.94223163595076, 2.612663014476191], [-72.94223163595076, 2.6124826960544105], [-72.94241195437255, 2.6124826960544105], [-72.94241195437255, 2.6123023776326297], [-72.94259227279433, 2.6123023776326297], [-72.94259227279433, 2.611941740789069], [-72.9427725912161, 2.611941740789069], [-72.9427725912161, 2.611581103945508], [-72.94295290963788, 2.611581103945508], [-72.94295290963788, 2.6114007855237276], [-72.94304306884878, 2.6114007855237276], [-72.94304306884878, 2.611310626312837], [-72.94313322805966, 2.611310626312837], [-72.94313322805966, 2.6112204671019468], [-72.94322338727055, 2.6112204671019468], [-72.94322338727055, 2.611130307891057], [-72.94331354648145, 2.611130307891057], [-72.94331354648145, 2.6106795118366053], [-72.9427725912161, 2.6106795118366053], [-72.9427725912161, 2.610138556571264], [-72.942862750427, 2.610138556571264], [-72.942862750427, 2.6100483973603734], [-72.94295290963788, 2.6100483973603734], [-72.94295290963788, 2.6099582381494835], [-72.94313322805966, 2.6099582381494835], [-72.94313322805966, 2.6097779197277027], [-72.94349386490323, 2.6097779197277027], [-72.94349386490323, 2.6096877605168127], [-72.943674183325, 2.6096877605168127], [-72.943674183325, 2.609868078938593], [-72.94385450174678, 2.609868078938593], [-72.94385450174678, 2.610499193414825], [-72.94403482016857, 2.610499193414825], [-72.94403482016857, 2.6108598302583856], [-72.94421513859035, 2.6108598302583856], [-72.94421513859035, 2.6114007855237276], [-72.94439545701212, 2.6114007855237276], [-72.94439545701212, 2.6123023776326297], [-72.9445757754339, 2.6123023776326297], [-72.9445757754339, 2.6124826960544105], [-72.94493641227747, 2.6124826960544105], [-72.94493641227747, 2.6125728552653005], [-72.94502657148836, 2.6125728552653005], [-72.94502657148836, 2.6124826960544105], [-72.94511673069925, 2.6124826960544105], [-72.94511673069925, 2.6123023776326297], [-72.94529704912102, 2.6123023776326297], [-72.94529704912102, 2.6121220592108494], [-72.94547736754281, 2.6121220592108494], [-72.94547736754281, 2.611941740789069], [-72.94583800438637, 2.611941740789069], [-72.94583800438637, 2.6112204671019468], [-72.94565768596459, 2.6112204671019468], [-72.94565768596459, 2.6108598302583856], [-72.94547736754281, 2.6108598302583856], [-72.94547736754281, 2.610499193414825], [-72.94511673069925, 2.610499193414825], [-72.94511673069925, 2.6099582381494835], [-72.94493641227747, 2.6099582381494835], [-72.94493641227747, 2.6097779197277027], [-72.9445757754339, 2.6097779197277027], [-72.9445757754339, 2.6095976013059223], [-72.9446659346448, 2.6095976013059223], [-72.9446659346448, 2.6096877605168127], [-72.94475609385569, 2.6096877605168127], [-72.94475609385569, 2.6093271236732516], [-72.9446659346448, 2.6093271236732516], [-72.9446659346448, 2.609236964462361], [-72.94475609385569, 2.609236964462361], [-72.94475609385569, 2.6088763276188], [-72.9446659346448, 2.6088763276188], [-72.9446659346448, 2.60878616840791], [-72.9445757754339, 2.60878616840791], [-72.9445757754339, 2.6086058499861293], [-72.94448561622302, 2.6086058499861293], [-72.94448561622302, 2.6085156907752394], [-72.94439545701212, 2.6085156907752394], [-72.94439545701212, 2.6083353723534586], [-72.94421513859035, 2.6083353723534586], [-72.94421513859035, 2.607974735509898], [-72.94412497937945, 2.607974735509898], [-72.94412497937945, 2.6078845762990075], [-72.94403482016857, 2.6078845762990075], [-72.94403482016857, 2.607794417088117], [-72.943674183325, 2.607794417088117], [-72.943674183325, 2.6076140986663368], [-72.9437643425359, 2.6076140986663368], [-72.9437643425359, 2.6075239394554464], [-72.94385450174678, 2.6075239394554464], [-72.94385450174678, 2.6072534618227756], [-72.94322338727055, 2.6072534618227756], [-72.94322338727055, 2.607343621033666], [-72.94313322805966, 2.607343621033666], [-72.94313322805966, 2.607433780244556], [-72.9427725912161, 2.607433780244556], [-72.9427725912161, 2.6076140986663368], [-72.94241195437255, 2.6076140986663368], [-72.94241195437255, 2.607794417088117], [-72.94223163595076, 2.607794417088117], [-72.94223163595076, 2.6081550539316782], [-72.94205131752898, 2.6081550539316782], [-72.94205131752898, 2.6083353723534586], [-72.9418709991072, 2.6083353723534586], [-72.9418709991072, 2.608425531564349], [-72.94169068068543, 2.608425531564349], [-72.94169068068543, 2.6085156907752394], [-72.94151036226364, 2.6085156907752394], [-72.94151036226364, 2.6086960091970197], [-72.94133004384186, 2.6086960091970197], [-72.94133004384186, 2.6085156907752394], [-72.94096940699829, 2.6085156907752394], [-72.94096940699829, 2.6086960091970197], [-72.94078908857652, 2.6086960091970197], [-72.94078908857652, 2.609417282884142], [-72.94087924778741, 2.609417282884142], [-72.94087924778741, 2.6095976013059223], [-72.94096940699829, 2.6095976013059223], [-72.94096940699829, 2.6099582381494835], [-72.94024813331117, 2.6099582381494835], [-72.94024813331117, 2.610138556571264], [-72.94006781488939, 2.610138556571264], [-72.94006781488939, 2.610318874993044], [-72.93988749646762, 2.610318874993044], [-72.93988749646762, 2.610499193414825], [-72.93970717804584, 2.610499193414825], [-72.93970717804584, 2.6106795118366053], [-72.9391662227805, 2.6106795118366053], [-72.9391662227805, 2.6108598302583856], [-72.93898590435872, 2.6108598302583856], [-72.93898590435872, 2.6110401486801664], [-72.93880558593693, 2.6110401486801664], [-72.93880558593693, 2.6112204671019468], [-72.93862526751515, 2.6112204671019468], [-72.93862526751515, 2.611581103945508], [-72.93844494909337, 2.611581103945508], [-72.93844494909337, 2.6117614223672883], [-72.9382646306716, 2.6117614223672883], [-72.9382646306716, 2.612663014476191], [-72.9381744714607, 2.612663014476191], [-72.9381744714607, 2.6125728552653005], [-72.93808431224981, 2.6125728552653005], [-72.93808431224981, 2.6132039697415324], [-72.9382646306716, 2.6132039697415324], [-72.9382646306716, 2.613384288163313], [-72.93844494909337, 2.613384288163313], [-72.93844494909337, 2.613654765795984], [-72.93853510830427, 2.613654765795984], [-72.93853510830427, 2.613744925006874], [-72.93862526751515, 2.613744925006874], [-72.93862526751515, 2.6138350842177642], [-72.93871542672605, 2.6138350842177642], [-72.93871542672605, 2.6139252434286546], [-72.93880558593693, 2.6139252434286546], [-72.93880558593693, 2.614105561850435], [-72.93952685962405, 2.614105561850435]], [[-72.94114972542008, 2.6123023776326297], [-72.94051861094384, 2.6123023776326297], [-72.94051861094384, 2.61221221842174], [-72.94042845173296, 2.61221221842174], [-72.94042845173296, 2.611941740789069], [-72.94024813331117, 2.611941740789069], [-72.94024813331117, 2.6117614223672883], [-72.94042845173296, 2.6117614223672883], [-72.94042845173296, 2.611581103945508], [-72.94060877015474, 2.611581103945508], [-72.94060877015474, 2.6114007855237276], [-72.94114972542008, 2.6114007855237276], [-72.94114972542008, 2.611581103945508], [-72.94123988463097, 2.611581103945508], [-72.94123988463097, 2.6117614223672883], [-72.94133004384186, 2.6117614223672883], [-72.94133004384186, 2.61221221842174], [-72.94114972542008, 2.61221221842174], [-72.94114972542008, 2.6123023776326297]], [[-72.94015797410029, 2.611941740789069], [-72.94006781488939, 2.611941740789069], [-72.94006781488939, 2.6117614223672883], [-72.94015797410029, 2.6117614223672883], [-72.94015797410029, 2.611941740789069]], [[-72.94385450174678, 2.6097779197277027], [-72.9437643425359, 2.6097779197277027], [-72.9437643425359, 2.6095976013059223], [-72.94385450174678, 2.6095976013059223], [-72.94385450174678, 2.6097779197277027]], [[-72.94421513859035, 2.6096877605168127], [-72.94412497937945, 2.6096877605168127], [-72.94412497937945, 2.6095976013059223], [-72.94421513859035, 2.6095976013059223], [-72.94421513859035, 2.6096877605168127]], [[-72.94439545701212, 2.6095976013059223], [-72.94421513859035, 2.6095976013059223], [-72.94421513859035, 2.609507442095032], [-72.94439545701212, 2.609507442095032], [-72.94439545701212, 2.6095976013059223]]]}}, {"id": "22", "type": "Feature", "properties": {"time_step": null}, "geometry": {"type": "Polygon", "coordinates": [[[-72.99939257565518, 2.608425531564349], [-72.99939257565518, 2.6083353723534586], [-72.99948273486608, 2.6083353723534586], [-72.99948273486608, 2.6082452131425686], [-72.99957289407696, 2.6082452131425686], [-72.99957289407696, 2.6078845762990075], [-72.99975321249875, 2.6078845762990075], [-72.99975321249875, 2.6076140986663368], [-72.99984337170963, 2.6076140986663368], [-72.99984337170963, 2.6075239394554464], [-72.99993353092053, 2.6075239394554464], [-72.99993353092053, 2.607433780244556], [-72.99984337170963, 2.607433780244556], [-72.99984337170963, 2.6072534618227756], [-72.99975321249875, 2.6072534618227756], [-72.99975321249875, 2.6068026657683245], [-72.99939257565518, 2.6068026657683245], [-72.99939257565518, 2.606712506557434], [-72.9993024164443, 2.606712506557434], [-72.9993024164443, 2.6066223473465437], [-72.99903193881163, 2.6066223473465437], [-72.99903193881163, 2.6068026657683245], [-72.99885162038984, 2.6068026657683245], [-72.99885162038984, 2.6071633026118852], [-72.99867130196806, 2.6071633026118852], [-72.99867130196806, 2.607343621033666], [-72.99858114275717, 2.607343621033666], [-72.99858114275717, 2.607433780244556], [-72.99849098354628, 2.607433780244556], [-72.99849098354628, 2.608064894720788], [-72.99867130196806, 2.608064894720788], [-72.99867130196806, 2.6082452131425686], [-72.9992122572334, 2.6082452131425686], [-72.9992122572334, 2.608425531564349], [-72.99939257565518, 2.608425531564349]]]}}, {"id": "23", "type": "Feature", "properties": {"time_step": null}, "geometry": {"type": "Polygon", "coordinates": [[[-72.94962469124376, 2.6088763276188], [-72.94962469124376, 2.6086960091970197], [-72.94980500966554, 2.6086960091970197], [-72.94980500966554, 2.6085156907752394], [-72.95106723861801, 2.6085156907752394], [-72.95106723861801, 2.6076140986663368], [-72.95097707940711, 2.6076140986663368], [-72.95097707940711, 2.607433780244556], [-72.95088692019623, 2.607433780244556], [-72.95088692019623, 2.6068928249792145], [-72.95079676098534, 2.6068928249792145], [-72.95079676098534, 2.6072534618227756], [-72.95070660177444, 2.6072534618227756], [-72.95070660177444, 2.6066223473465437], [-72.95061644256356, 2.6066223473465437], [-72.95061644256356, 2.606532188135654], [-72.94998532808732, 2.606532188135654], [-72.94998532808732, 2.606712506557434], [-72.94980500966554, 2.606712506557434], [-72.94980500966554, 2.606532188135654], [-72.94854278071308, 2.606532188135654], [-72.94854278071308, 2.6068928249792145], [-72.9483624622913, 2.6068928249792145], [-72.9483624622913, 2.6068026657683245], [-72.94818214386952, 2.6068026657683245], [-72.94818214386952, 2.606712506557434], [-72.94782150702596, 2.606712506557434], [-72.94782150702596, 2.6068928249792145], [-72.94728055176061, 2.6068928249792145], [-72.94728055176061, 2.606712506557434], [-72.9465592780735, 2.606712506557434], [-72.9465592780735, 2.6070731434009953], [-72.94637895965171, 2.6070731434009953], [-72.94637895965171, 2.6068928249792145], [-72.94619864122993, 2.6068928249792145], [-72.94619864122993, 2.606712506557434], [-72.94601832280816, 2.606712506557434], [-72.94601832280816, 2.6068928249792145], [-72.94511673069925, 2.6068928249792145], [-72.94511673069925, 2.6070731434009953], [-72.94493641227747, 2.6070731434009953], [-72.94493641227747, 2.607433780244556], [-72.94511673069925, 2.607433780244556], [-72.94511673069925, 2.6076140986663368], [-72.94493641227747, 2.6076140986663368], [-72.94493641227747, 2.6075239394554464], [-72.94484625306657, 2.6075239394554464], [-72.94484625306657, 2.6076140986663368], [-72.9445757754339, 2.6076140986663368], [-72.9445757754339, 2.607794417088117], [-72.94439545701212, 2.607794417088117], [-72.94439545701212, 2.607974735509898], [-72.94448561622302, 2.607974735509898], [-72.94448561622302, 2.6081550539316782], [-72.9445757754339, 2.6081550539316782], [-72.9445757754339, 2.6083353723534586], [-72.9446659346448, 2.6083353723534586], [-72.9446659346448, 2.608425531564349], [-72.94475609385569, 2.608425531564349], [-72.94475609385569, 2.6085156907752394], [-72.94511673069925, 2.6085156907752394], [-72.94511673069925, 2.6083353723534586], [-72.94529704912102, 2.6083353723534586], [-72.94529704912102, 2.6081550539316782], [-72.94601832280816, 2.6081550539316782], [-72.94601832280816, 2.607974735509898], [-72.94619864122993, 2.607974735509898], [-72.94619864122993, 2.6076140986663368], [-72.94628880044083, 2.6076140986663368], [-72.94628880044083, 2.607343621033666], [-72.94637895965171, 2.607343621033666], [-72.94637895965171, 2.6072534618227756], [-72.94673959649528, 2.6072534618227756], [-72.94673959649528, 2.6082452131425686], [-72.94664943728438, 2.6082452131425686], [-72.94664943728438, 2.6083353723534586], [-72.94673959649528, 2.6083353723534586], [-72.94673959649528, 2.6088763276188], [-72.94728055176061, 2.6088763276188], [-72.94728055176061, 2.6086960091970197], [-72.94764118860418, 2.6086960091970197], [-72.94764118860418, 2.607794417088117], [-72.94755102939328, 2.607794417088117], [-72.94755102939328, 2.6076140986663368], [-72.9474608701824, 2.6076140986663368], [-72.9474608701824, 2.6072534618227756], [-72.94764118860418, 2.6072534618227756], [-72.94764118860418, 2.6070731434009953], [-72.94791166623685, 2.6070731434009953], [-72.94791166623685, 2.6071633026118852], [-72.94800182544773, 2.6071633026118852], [-72.94800182544773, 2.6072534618227756], [-72.9483624622913, 2.6072534618227756], [-72.9483624622913, 2.6071633026118852], [-72.94845262150218, 2.6071633026118852], [-72.94845262150218, 2.6070731434009953], [-72.94854278071308, 2.6070731434009953], [-72.94854278071308, 2.6072534618227756], [-72.94872309913487, 2.6072534618227756], [-72.94872309913487, 2.6076140986663368], [-72.94908373597842, 2.6076140986663368], [-72.94908373597842, 2.607794417088117], [-72.94890341755664, 2.607794417088117], [-72.94890341755664, 2.6081550539316782], [-72.94899357676753, 2.6081550539316782], [-72.94899357676753, 2.6083353723534586], [-72.94908373597842, 2.6083353723534586], [-72.94908373597842, 2.608425531564349], [-72.94899357676753, 2.608425531564349], [-72.94899357676753, 2.6085156907752394], [-72.94908373597842, 2.6085156907752394], [-72.94908373597842, 2.6086960091970197], [-72.94917389518932, 2.6086960091970197], [-72.94917389518932, 2.60878616840791], [-72.9492640544002, 2.60878616840791], [-72.9492640544002, 2.6088763276188], [-72.94962469124376, 2.6088763276188]]]}}, {"id": "24", "type": "Feature", "properties": {"time_step": null}, "geometry": {"type": "Polygon", "coordinates": [[[-72.97532006634748, 2.6078845762990075], [-72.97532006634748, 2.607704257877227], [-72.97568070319105, 2.607704257877227], [-72.97568070319105, 2.6068026657683245], [-72.97550038476926, 2.6068026657683245], [-72.97550038476926, 2.6066223473465437], [-72.97541022555838, 2.6066223473465437], [-72.97541022555838, 2.6064420289247634], [-72.97495942950393, 2.6064420289247634], [-72.97495942950393, 2.6066223473465437], [-72.97459879266036, 2.6066223473465437], [-72.97459879266036, 2.6068026657683245], [-72.9742381558168, 2.6068026657683245], [-72.9742381558168, 2.6071633026118852], [-72.97414799660591, 2.6071633026118852], [-72.97414799660591, 2.607343621033666], [-72.9742381558168, 2.607343621033666], [-72.9742381558168, 2.6076140986663368], [-72.97432831502769, 2.6076140986663368], [-72.97432831502769, 2.607704257877227], [-72.97441847423858, 2.607704257877227], [-72.97441847423858, 2.607794417088117], [-72.97459879266036, 2.607794417088117], [-72.97459879266036, 2.6078845762990075], [-72.97532006634748, 2.6078845762990075]]]}}, {"id": "25", "type": "Feature", "properties": {"time_step": null}, "geometry": {"type": "Polygon", "coordinates": [[[-72.96332889129908, 2.6068928249792145], [-72.96332889129908, 2.6061715512920927], [-72.9631485728773, 2.6061715512920927], [-72.9631485728773, 2.6060813920812023], [-72.96323873208819, 2.6060813920812023], [-72.96323873208819, 2.6059912328703123], [-72.9631485728773, 2.6059912328703123], [-72.9631485728773, 2.6058109144485315], [-72.96305841366642, 2.6058109144485315], [-72.96305841366642, 2.605901073659422], [-72.96296825445552, 2.605901073659422], [-72.96296825445552, 2.6059912328703123], [-72.96278793603373, 2.6059912328703123], [-72.96278793603373, 2.6061715512920927], [-72.96242729919018, 2.6061715512920927], [-72.96242729919018, 2.606351869713873], [-72.9622469807684, 2.606351869713873], [-72.9622469807684, 2.6066223473465437], [-72.96233713997928, 2.6066223473465437], [-72.96233713997928, 2.606532188135654], [-72.96242729919018, 2.606532188135654], [-72.96242729919018, 2.6066223473465437], [-72.96251745840107, 2.6066223473465437], [-72.96251745840107, 2.606532188135654], [-72.96260761761197, 2.606532188135654], [-72.96260761761197, 2.6068026657683245], [-72.96287809524463, 2.6068026657683245], [-72.96287809524463, 2.606712506557434], [-72.96296825445552, 2.606712506557434], [-72.96296825445552, 2.6068928249792145], [-72.96332889129908, 2.6068928249792145]], [[-72.96323873208819, 2.6068026657683245], [-72.9631485728773, 2.6068026657683245], [-72.9631485728773, 2.606712506557434], [-72.96323873208819, 2.606712506557434], [-72.96323873208819, 2.6068026657683245]]]}}, {"id": "26", "type": "Feature", "properties": {"time_step": null}, "geometry": {"type": "Polygon", "coordinates": [[[-72.93402714775975, 2.610138556571264], [-72.93402714775975, 2.6100483973603734], [-72.93411730697063, 2.6100483973603734], [-72.93411730697063, 2.6099582381494835], [-72.93429762539242, 2.6099582381494835], [-72.93429762539242, 2.6097779197277027], [-72.9344779438142, 2.6097779197277027], [-72.9344779438142, 2.6095976013059223], [-72.93465826223598, 2.6095976013059223], [-72.93465826223598, 2.609417282884142], [-72.93474842144687, 2.609417282884142], [-72.93474842144687, 2.6093271236732516], [-72.93483858065775, 2.6093271236732516], [-72.93483858065775, 2.609056646040581], [-72.93501889907954, 2.609056646040581], [-72.93501889907954, 2.6083353723534586], [-72.93492873986865, 2.6083353723534586], [-72.93492873986865, 2.6082452131425686], [-72.93501889907954, 2.6082452131425686], [-72.93501889907954, 2.607794417088117], [-72.93519921750132, 2.607794417088117], [-72.93519921750132, 2.607433780244556], [-72.93501889907954, 2.607433780244556], [-72.93501889907954, 2.607343621033666], [-72.93492873986865, 2.607343621033666], [-72.93492873986865, 2.6072534618227756], [-72.93483858065775, 2.6072534618227756], [-72.93483858065775, 2.6068928249792145], [-72.93465826223598, 2.6068928249792145], [-72.93465826223598, 2.606712506557434], [-72.9344779438142, 2.606712506557434], [-72.9344779438142, 2.606532188135654], [-72.93411730697063, 2.606532188135654], [-72.93411730697063, 2.606712506557434], [-72.93393698854887, 2.606712506557434], [-72.93393698854887, 2.606351869713873], [-72.9335763517053, 2.606351869713873], [-72.9335763517053, 2.6061715512920927], [-72.93330587407263, 2.6061715512920927], [-72.93330587407263, 2.606261710502983], [-72.93321571486173, 2.606261710502983], [-72.93321571486173, 2.606351869713873], [-72.93276491880728, 2.606351869713873], [-72.93276491880728, 2.6061715512920927], [-72.93240428196373, 2.6061715512920927], [-72.93240428196373, 2.6059912328703123], [-72.93222396354194, 2.6059912328703123], [-72.93222396354194, 2.605630596026751], [-72.93204364512016, 2.605630596026751], [-72.93204364512016, 2.6058109144485315], [-72.93186332669838, 2.6058109144485315], [-72.93186332669838, 2.6059912328703123], [-72.93168300827661, 2.6059912328703123], [-72.93168300827661, 2.6061715512920927], [-72.93150268985482, 2.6061715512920927], [-72.93150268985482, 2.606532188135654], [-72.93141253064393, 2.606532188135654], [-72.93141253064393, 2.6095976013059223], [-72.93159284906571, 2.6095976013059223], [-72.93159284906571, 2.6097779197277027], [-72.93213380433106, 2.6097779197277027], [-72.93213380433106, 2.609507442095032], [-72.93204364512016, 2.609507442095032], [-72.93204364512016, 2.609417282884142], [-72.93150268985482, 2.609417282884142], [-72.93150268985482, 2.609236964462361], [-72.93159284906571, 2.609236964462361], [-72.93159284906571, 2.609146805251471], [-72.93177316748749, 2.609146805251471], [-72.93177316748749, 2.609236964462361], [-72.93213380433106, 2.609236964462361], [-72.93213380433106, 2.609056646040581], [-72.93231412275283, 2.609056646040581], [-72.93231412275283, 2.6088763276188], [-72.93249444117461, 2.6088763276188], [-72.93249444117461, 2.6085156907752394], [-72.9326747595964, 2.6085156907752394], [-72.9326747595964, 2.6083353723534586], [-72.93285507801818, 2.6083353723534586], [-72.93285507801818, 2.6081550539316782], [-72.93303539643996, 2.6081550539316782], [-72.93303539643996, 2.607974735509898], [-72.93321571486173, 2.607974735509898], [-72.93321571486173, 2.6076140986663368], [-72.93339603328351, 2.6076140986663368], [-72.93339603328351, 2.607433780244556], [-72.9335763517053, 2.607433780244556], [-72.9335763517053, 2.6081550539316782], [-72.93339603328351, 2.6081550539316782], [-72.93339603328351, 2.6083353723534586], [-72.93321571486173, 2.6083353723534586], [-72.93321571486173, 2.6085156907752394], [-72.93303539643996, 2.6085156907752394], [-72.93303539643996, 2.60878616840791], [-72.93294523722906, 2.60878616840791], [-72.93294523722906, 2.6088763276188], [-72.93285507801818, 2.6088763276188], [-72.93285507801818, 2.609417282884142], [-72.93303539643996, 2.609417282884142], [-72.93303539643996, 2.6095976013059223], [-72.93321571486173, 2.6095976013059223], [-72.93321571486173, 2.6097779197277027], [-72.9335763517053, 2.6097779197277027], [-72.9335763517053, 2.6099582381494835], [-72.93375667012708, 2.6099582381494835], [-72.93375667012708, 2.610138556571264], [-72.93402714775975, 2.610138556571264]], [[-72.93375667012708, 2.6072534618227756], [-72.9335763517053, 2.6072534618227756], [-72.9335763517053, 2.6070731434009953], [-72.93375667012708, 2.6070731434009953], [-72.93375667012708, 2.6072534618227756]]]}}, {"id": "27", "type": "Feature", "properties": {"time_step": null}, "geometry": {"type": "Polygon", "coordinates": [[[-72.94637895965171, 2.6061715512920927], [-72.94637895965171, 2.6059912328703123], [-72.94646911886261, 2.6059912328703123], [-72.94646911886261, 2.605720755237641], [-72.9465592780735, 2.605720755237641], [-72.9465592780735, 2.605630596026751], [-72.94619864122993, 2.605630596026751], [-72.94619864122993, 2.605540436815861], [-72.94610848201904, 2.605540436815861], [-72.94610848201904, 2.605630596026751], [-72.94601832280816, 2.605630596026751], [-72.94601832280816, 2.6054502776049704], [-72.94547736754281, 2.6054502776049704], [-72.94547736754281, 2.605630596026751], [-72.94475609385569, 2.605630596026751], [-72.94475609385569, 2.6058109144485315], [-72.9445757754339, 2.6058109144485315], [-72.9445757754339, 2.605720755237641], [-72.94448561622302, 2.605720755237641], [-72.94448561622302, 2.6058109144485315], [-72.94439545701212, 2.6058109144485315], [-72.94439545701212, 2.605901073659422], [-72.94448561622302, 2.605901073659422], [-72.94448561622302, 2.6059912328703123], [-72.9445757754339, 2.6059912328703123], [-72.9445757754339, 2.6060813920812023], [-72.9446659346448, 2.6060813920812023], [-72.9446659346448, 2.6061715512920927], [-72.94547736754281, 2.6061715512920927], [-72.94547736754281, 2.6059912328703123], [-72.94583800438637, 2.6059912328703123], [-72.94583800438637, 2.6060813920812023], [-72.94601832280816, 2.6060813920812023], [-72.94601832280816, 2.6061715512920927], [-72.94637895965171, 2.6061715512920927]]]}}, {"id": "28", "type": "Feature", "properties": {"time_step": null}, "geometry": {"type": "Polygon", "coordinates": [[[-72.9983106651245, 2.6058109144485315], [-72.9983106651245, 2.605720755237641], [-72.99849098354628, 2.605720755237641], [-72.99849098354628, 2.605540436815861], [-72.99876146117896, 2.605540436815861], [-72.99876146117896, 2.6054502776049704], [-72.99885162038984, 2.6054502776049704], [-72.99885162038984, 2.6053601183940804], [-72.99849098354628, 2.6053601183940804], [-72.99849098354628, 2.6051797999722996], [-72.99795002828094, 2.6051797999722996], [-72.99795002828094, 2.6053601183940804], [-72.99776970985916, 2.6053601183940804], [-72.99776970985916, 2.605720755237641], [-72.99813034670272, 2.605720755237641], [-72.99813034670272, 2.6058109144485315], [-72.9983106651245, 2.6058109144485315]]]}}, {"id": "29", "type": "Feature", "properties": {"time_step": null}, "geometry": {"type": "Polygon", "coordinates": [[[-72.9521491491487, 2.6085156907752394], [-72.9521491491487, 2.6083353723534586], [-72.95232946757046, 2.6083353723534586], [-72.95232946757046, 2.6076140986663368], [-72.95250978599225, 2.6076140986663368], [-72.95250978599225, 2.6072534618227756], [-72.95323105967937, 2.6072534618227756], [-72.95323105967937, 2.6070731434009953], [-72.95341137810115, 2.6070731434009953], [-72.95341137810115, 2.606982984190105], [-72.95350153731205, 2.606982984190105], [-72.95350153731205, 2.6068928249792145], [-72.95359169652293, 2.6068928249792145], [-72.95359169652293, 2.606712506557434], [-72.95377201494472, 2.606712506557434], [-72.95377201494472, 2.606351869713873], [-72.9539523333665, 2.606351869713873], [-72.9539523333665, 2.6060813920812023], [-72.95404249257739, 2.6060813920812023], [-72.95404249257739, 2.6059912328703123], [-72.95413265178827, 2.6059912328703123], [-72.95413265178827, 2.6054502776049704], [-72.95431297021005, 2.6054502776049704], [-72.95431297021005, 2.6053601183940804], [-72.95422281099917, 2.6053601183940804], [-72.95422281099917, 2.6050896407614097], [-72.95404249257739, 2.6050896407614097], [-72.95404249257739, 2.6051797999722996], [-72.9539523333665, 2.6051797999722996], [-72.9539523333665, 2.60526995918319], [-72.95341137810115, 2.60526995918319], [-72.95341137810115, 2.6053601183940804], [-72.95332121889027, 2.6053601183940804], [-72.95332121889027, 2.6054502776049704], [-72.9530507412576, 2.6054502776049704], [-72.9530507412576, 2.605630596026751], [-72.95287042283582, 2.605630596026751], [-72.95287042283582, 2.60526995918319], [-72.95232946757046, 2.60526995918319], [-72.95232946757046, 2.6053601183940804], [-72.9521491491487, 2.6053601183940804], [-72.9521491491487, 2.6054502776049704], [-72.95196883072691, 2.6054502776049704], [-72.95196883072691, 2.6058109144485315], [-72.95178851230513, 2.6058109144485315], [-72.95178851230513, 2.6061715512920927], [-72.95160819388335, 2.6061715512920927], [-72.95160819388335, 2.606712506557434], [-72.95151803467246, 2.606712506557434], [-72.95151803467246, 2.6068928249792145], [-72.95142787546156, 2.6068928249792145], [-72.95142787546156, 2.6071633026118852], [-72.95151803467246, 2.6071633026118852], [-72.95151803467246, 2.6072534618227756], [-72.95160819388335, 2.6072534618227756], [-72.95160819388335, 2.6076140986663368], [-72.95178851230513, 2.6076140986663368], [-72.95178851230513, 2.6081550539316782], [-72.95187867151601, 2.6081550539316782], [-72.95187867151601, 2.6082452131425686], [-72.95196883072691, 2.6082452131425686], [-72.95196883072691, 2.6085156907752394], [-72.9521491491487, 2.6085156907752394]]]}}, {"id": "30", "type": "Feature", "properties": {"time_step": null}, "geometry": {"type": "Polygon", "coordinates": [[[-72.97099242422475, 2.6093271236732516], [-72.97099242422475, 2.609146805251471], [-72.97135306106831, 2.609146805251471], [-72.97135306106831, 2.6089664868296905], [-72.9715333794901, 2.6089664868296905], [-72.9715333794901, 2.60878616840791], [-72.97162353870098, 2.60878616840791], [-72.97162353870098, 2.6086960091970197], [-72.97171369791188, 2.6086960091970197], [-72.97171369791188, 2.608064894720788], [-72.97180385712277, 2.608064894720788], [-72.97180385712277, 2.607974735509898], [-72.97171369791188, 2.607974735509898], [-72.97171369791188, 2.607343621033666], [-72.97189401633365, 2.607343621033666], [-72.97189401633365, 2.605720755237641], [-72.97207433475543, 2.605720755237641], [-72.97207433475543, 2.6051797999722996], [-72.97189401633365, 2.6051797999722996], [-72.97189401633365, 2.6049994815505193], [-72.9715333794901, 2.6049994815505193], [-72.9715333794901, 2.604909322339629], [-72.97135306106831, 2.604909322339629], [-72.97135306106831, 2.6049994815505193], [-72.97099242422475, 2.6049994815505193], [-72.97099242422475, 2.604909322339629], [-72.97081210580298, 2.604909322339629], [-72.97081210580298, 2.6049994815505193], [-72.96954987685051, 2.6049994815505193], [-72.96954987685051, 2.6051797999722996], [-72.96936955842872, 2.6051797999722996], [-72.96936955842872, 2.6054502776049704], [-72.96918924000694, 2.6054502776049704], [-72.96918924000694, 2.605540436815861], [-72.96900892158517, 2.605540436815861], [-72.96900892158517, 2.605901073659422], [-72.96891876237427, 2.605901073659422], [-72.96891876237427, 2.6060813920812023], [-72.96882860316339, 2.6060813920812023], [-72.96882860316339, 2.6068026657683245], [-72.9686482847416, 2.6068026657683245], [-72.9686482847416, 2.606982984190105], [-72.96882860316339, 2.606982984190105], [-72.96882860316339, 2.607343621033666], [-72.96909908079606, 2.607343621033666], [-72.96909908079606, 2.607433780244556], [-72.96918924000694, 2.607433780244556], [-72.96918924000694, 2.6075239394554464], [-72.96927939921784, 2.6075239394554464], [-72.96927939921784, 2.6076140986663368], [-72.96936955842872, 2.6076140986663368], [-72.96936955842872, 2.607704257877227], [-72.96945971763962, 2.607704257877227], [-72.96945971763962, 2.607794417088117], [-72.96954987685051, 2.607794417088117], [-72.96954987685051, 2.608064894720788], [-72.96964003606139, 2.608064894720788], [-72.96964003606139, 2.6081550539316782], [-72.96973019527229, 2.6081550539316782], [-72.96973019527229, 2.6082452131425686], [-72.96982035448318, 2.6082452131425686], [-72.96982035448318, 2.6083353723534586], [-72.96991051369407, 2.6083353723534586], [-72.96991051369407, 2.608425531564349], [-72.96973019527229, 2.608425531564349], [-72.96973019527229, 2.60878616840791], [-72.96982035448318, 2.60878616840791], [-72.96982035448318, 2.6088763276188], [-72.96991051369407, 2.6088763276188], [-72.96991051369407, 2.609146805251471], [-72.97027115053763, 2.609146805251471], [-72.97027115053763, 2.6093271236732516], [-72.97099242422475, 2.6093271236732516]]]}}, {"id": "31", "type": "Feature", "properties": {"time_step": null}, "geometry": {"type": "Polygon", "coordinates": [[[-73.01994887573817, 2.606351869713873], [-73.01994887573817, 2.606261710502983], [-73.02067014942529, 2.606261710502983], [-73.02067014942529, 2.6060813920812023], [-73.02085046784707, 2.6060813920812023], [-73.02085046784707, 2.605901073659422], [-73.02112094547974, 2.605901073659422], [-73.02112094547974, 2.605720755237641], [-73.02130126390152, 2.605720755237641], [-73.02130126390152, 2.6053601183940804], [-73.02121110469062, 2.6053601183940804], [-73.02121110469062, 2.6051797999722996], [-73.02085046784707, 2.6051797999722996], [-73.02085046784707, 2.6049994815505193], [-73.02067014942529, 2.6049994815505193], [-73.02067014942529, 2.604819163128739], [-73.02012919415994, 2.604819163128739], [-73.02012919415994, 2.6047290039178486], [-73.01994887573817, 2.6047290039178486], [-73.01994887573817, 2.604638844706958], [-73.01940792047282, 2.604638844706958], [-73.01940792047282, 2.604458526285178], [-73.01886696520748, 2.604458526285178], [-73.01886696520748, 2.6049994815505193], [-73.0186866467857, 2.6049994815505193], [-73.0186866467857, 2.60526995918319], [-73.01859648757481, 2.60526995918319], [-73.01859648757481, 2.6053601183940804], [-73.0186866467857, 2.6053601183940804], [-73.0186866467857, 2.605720755237641], [-73.01886696520748, 2.605720755237641], [-73.01886696520748, 2.605901073659422], [-73.01904728362926, 2.605901073659422], [-73.01904728362926, 2.6060813920812023], [-73.01940792047282, 2.6060813920812023], [-73.01940792047282, 2.605901073659422], [-73.0195882388946, 2.605901073659422], [-73.0195882388946, 2.605720755237641], [-73.01976855731638, 2.605720755237641], [-73.01976855731638, 2.606351869713873], [-73.01994887573817, 2.606351869713873]]]}}, {"id": "32", "type": "Feature", "properties": {"time_step": null}, "geometry": {"type": "Polygon", "coordinates": [[[-72.97441847423858, 2.605540436815861], [-72.97441847423858, 2.6053601183940804], [-72.97459879266036, 2.6053601183940804], [-72.97459879266036, 2.604638844706958], [-72.97441847423858, 2.604638844706958], [-72.97441847423858, 2.604458526285178], [-72.97387751897324, 2.604458526285178], [-72.97387751897324, 2.6049994815505193], [-72.97396767818414, 2.6049994815505193], [-72.97396767818414, 2.6050896407614097], [-72.97405783739502, 2.6050896407614097], [-72.97405783739502, 2.6053601183940804], [-72.9742381558168, 2.6053601183940804], [-72.9742381558168, 2.605540436815861], [-72.97441847423858, 2.605540436815861]]]}}, {"id": "33", "type": "Feature", "properties": {"time_step": null}, "geometry": {"type": "Polygon", "coordinates": [[[-72.98325407690582, 2.6053601183940804], [-72.98325407690582, 2.6051797999722996], [-72.9834343953276, 2.6051797999722996], [-72.9834343953276, 2.604819163128739], [-72.9835245545385, 2.604819163128739], [-72.9835245545385, 2.6047290039178486], [-72.98361471374939, 2.6047290039178486], [-72.98361471374939, 2.604638844706958], [-72.98325407690582, 2.604638844706958], [-72.98325407690582, 2.6049994815505193], [-72.98217216637515, 2.6049994815505193], [-72.98217216637515, 2.604638844706958], [-72.98208200716425, 2.604638844706958], [-72.98208200716425, 2.6047290039178486], [-72.98199184795337, 2.6047290039178486], [-72.98199184795337, 2.604638844706958], [-72.98190168874247, 2.604638844706958], [-72.98190168874247, 2.604548685496068], [-72.98199184795337, 2.604548685496068], [-72.98199184795337, 2.604458526285178], [-72.98190168874247, 2.604458526285178], [-72.98190168874247, 2.6042782078633975], [-72.98199184795337, 2.6042782078633975], [-72.98199184795337, 2.604188048652507], [-72.98190168874247, 2.604188048652507], [-72.98190168874247, 2.6040978894416167], [-72.98181152953158, 2.6040978894416167], [-72.98181152953158, 2.6039175710198363], [-72.9816312111098, 2.6039175710198363], [-72.9816312111098, 2.6051797999722996], [-72.98280328085137, 2.6051797999722996], [-72.98280328085137, 2.60526995918319], [-72.98316391769494, 2.60526995918319], [-72.98316391769494, 2.6053601183940804], [-72.98325407690582, 2.6053601183940804]]]}}, {"id": "34", "type": "Feature", "properties": {"time_step": null}, "geometry": {"type": "Polygon", "coordinates": [[[-72.98307375848405, 2.604458526285178], [-72.98307375848405, 2.6042782078633975], [-72.98325407690582, 2.6042782078633975], [-72.98325407690582, 2.6040978894416167], [-72.9834343953276, 2.6040978894416167], [-72.9834343953276, 2.6039175710198363], [-72.98361471374939, 2.6039175710198363], [-72.98361471374939, 2.6036470933871656], [-72.98370487296027, 2.6036470933871656], [-72.98370487296027, 2.6037372525980556], [-72.98379503217117, 2.6037372525980556], [-72.98379503217117, 2.603556934176275], [-72.9835245545385, 2.603556934176275], [-72.9835245545385, 2.6037372525980556], [-72.9834343953276, 2.6037372525980556], [-72.9834343953276, 2.603556934176275], [-72.98325407690582, 2.603556934176275], [-72.98325407690582, 2.603376615754495], [-72.98271312164049, 2.603376615754495], [-72.98271312164049, 2.604458526285178], [-72.98307375848405, 2.604458526285178]]]}}, {"id": "35", "type": "Feature", "properties": {"time_step": null}, "geometry": {"type": "Polygon", "coordinates": [[[-72.97279560844255, 2.6042782078633975], [-72.97279560844255, 2.6040978894416167], [-72.97315624528612, 2.6040978894416167], [-72.97315624528612, 2.6039175710198363], [-72.97360704134057, 2.6039175710198363], [-72.97360704134057, 2.603827411808946], [-72.97369720055146, 2.603827411808946], [-72.97369720055146, 2.6037372525980556], [-72.97396767818414, 2.6037372525980556], [-72.97396767818414, 2.6036470933871656], [-72.97405783739502, 2.6036470933871656], [-72.97405783739502, 2.603376615754495], [-72.9742381558168, 2.603376615754495], [-72.9742381558168, 2.603196297332714], [-72.97405783739502, 2.603196297332714], [-72.97405783739502, 2.6028356604891534], [-72.9733365637079, 2.6028356604891534], [-72.9733365637079, 2.6030159789109337], [-72.97315624528612, 2.6030159789109337], [-72.97315624528612, 2.603196297332714], [-72.97297592686434, 2.603196297332714], [-72.97297592686434, 2.603376615754495], [-72.97261529002078, 2.603376615754495], [-72.97261529002078, 2.6039175710198363], [-72.97252513080988, 2.6039175710198363], [-72.97252513080988, 2.6040978894416167], [-72.97261529002078, 2.6040978894416167], [-72.97261529002078, 2.6042782078633975], [-72.97279560844255, 2.6042782078633975]]]}}, {"id": "36", "type": "Feature", "properties": {"time_step": null}, "geometry": {"type": "Polygon", "coordinates": [[[-72.94764118860418, 2.604188048652507], [-72.94764118860418, 2.6040077302307263], [-72.94782150702596, 2.6040077302307263], [-72.94782150702596, 2.6036470933871656], [-72.94764118860418, 2.6036470933871656], [-72.94764118860418, 2.602745501278263], [-72.94755102939328, 2.602745501278263], [-72.94755102939328, 2.6025651828564826], [-72.94673959649528, 2.6025651828564826], [-72.94673959649528, 2.6026553420673726], [-72.94664943728438, 2.6026553420673726], [-72.94664943728438, 2.602745501278263], [-72.9465592780735, 2.602745501278263], [-72.9465592780735, 2.6029258197000433], [-72.94637895965171, 2.6029258197000433], [-72.94637895965171, 2.6030159789109337], [-72.94628880044083, 2.6030159789109337], [-72.94628880044083, 2.603106138121824], [-72.94583800438637, 2.603106138121824], [-72.94583800438637, 2.603196297332714], [-72.94565768596459, 2.603196297332714], [-72.94565768596459, 2.6032864565436045], [-72.94547736754281, 2.6032864565436045], [-72.94547736754281, 2.6040077302307263], [-72.94565768596459, 2.6040077302307263], [-72.94565768596459, 2.604188048652507], [-72.94601832280816, 2.604188048652507], [-72.94601832280816, 2.6040978894416167], [-72.94619864122993, 2.6040978894416167], [-72.94619864122993, 2.604188048652507], [-72.94764118860418, 2.604188048652507]]]}}, {"id": "37", "type": "Feature", "properties": {"time_step": null}, "geometry": {"type": "Polygon", "coordinates": [[[-72.93754335698446, 2.603106138121824], [-72.93754335698446, 2.6025651828564826], [-72.93664176487556, 2.6025651828564826], [-72.93664176487556, 2.602745501278263], [-72.93646144645379, 2.602745501278263], [-72.93646144645379, 2.6029258197000433], [-72.93628112803201, 2.6029258197000433], [-72.93628112803201, 2.603106138121824], [-72.93754335698446, 2.603106138121824]]]}}, {"id": "38", "type": "Feature", "properties": {"time_step": null}, "geometry": {"type": "Polygon", "coordinates": [[[-72.9622469807684, 2.609868078938593], [-72.9622469807684, 2.6096877605168127], [-72.96242729919018, 2.6096877605168127], [-72.96242729919018, 2.609146805251471], [-72.96260761761197, 2.609146805251471], [-72.96260761761197, 2.608064894720788], [-72.96251745840107, 2.608064894720788], [-72.96251745840107, 2.6078845762990075], [-72.96242729919018, 2.6078845762990075], [-72.96242729919018, 2.607433780244556], [-72.9622469807684, 2.607433780244556], [-72.9622469807684, 2.6072534618227756], [-72.96197650313573, 2.6072534618227756], [-72.96197650313573, 2.6070731434009953], [-72.96170602550306, 2.6070731434009953], [-72.96170602550306, 2.6068928249792145], [-72.96152570708128, 2.6068928249792145], [-72.96152570708128, 2.606712506557434], [-72.96116507023771, 2.606712506557434], [-72.96116507023771, 2.6061715512920927], [-72.96098475181593, 2.6061715512920927], [-72.96098475181593, 2.6059912328703123], [-72.96062411497238, 2.6059912328703123], [-72.96062411497238, 2.6058109144485315], [-72.96044379655059, 2.6058109144485315], [-72.96044379655059, 2.605720755237641], [-72.96062411497238, 2.605720755237641], [-72.96062411497238, 2.605630596026751], [-72.96080443339416, 2.605630596026751], [-72.96080443339416, 2.6054502776049704], [-72.96098475181593, 2.6054502776049704], [-72.96098475181593, 2.6050896407614097], [-72.96116507023771, 2.6050896407614097], [-72.96116507023771, 2.604909322339629], [-72.9613453886595, 2.604909322339629], [-72.9613453886595, 2.6047290039178486], [-72.96152570708128, 2.6047290039178486], [-72.96152570708128, 2.6043683670742874], [-72.9613453886595, 2.6043683670742874], [-72.9613453886595, 2.6042782078633975], [-72.96143554787038, 2.6042782078633975], [-72.96143554787038, 2.604188048652507], [-72.96152570708128, 2.604188048652507], [-72.96152570708128, 2.603827411808946], [-72.9613453886595, 2.603827411808946], [-72.9613453886595, 2.6036470933871656], [-72.96125522944861, 2.6036470933871656], [-72.96125522944861, 2.603556934176275], [-72.9613453886595, 2.603556934176275], [-72.9613453886595, 2.6029258197000433], [-72.96125522944861, 2.6029258197000433], [-72.96125522944861, 2.6028356604891534], [-72.96116507023771, 2.6028356604891534], [-72.96116507023771, 2.602384864434702], [-72.96089459260504, 2.602384864434702], [-72.96089459260504, 2.6022947052238115], [-72.96080443339416, 2.6022947052238115], [-72.96080443339416, 2.602384864434702], [-72.96062411497238, 2.602384864434702], [-72.96062411497238, 2.6025651828564826], [-72.96044379655059, 2.6025651828564826], [-72.96044379655059, 2.6026553420673726], [-72.96053395576148, 2.6026553420673726], [-72.96053395576148, 2.602745501278263], [-72.96044379655059, 2.602745501278263], [-72.96044379655059, 2.6028356604891534], [-72.96053395576148, 2.6028356604891534], [-72.96053395576148, 2.6029258197000433], [-72.96062411497238, 2.6029258197000433], [-72.96062411497238, 2.603106138121824], [-72.96080443339416, 2.603106138121824], [-72.96080443339416, 2.6032864565436045], [-72.96062411497238, 2.6032864565436045], [-72.96062411497238, 2.603466774965385], [-72.96044379655059, 2.603466774965385], [-72.96044379655059, 2.6036470933871656], [-72.9593618860199, 2.6036470933871656], [-72.9593618860199, 2.603827411808946], [-72.95927172680902, 2.603827411808946], [-72.95927172680902, 2.6040077302307263], [-72.95918156759812, 2.6040077302307263], [-72.95918156759812, 2.604188048652507], [-72.9593618860199, 2.604188048652507], [-72.9593618860199, 2.604909322339629], [-72.95954220444169, 2.604909322339629], [-72.95954220444169, 2.60526995918319], [-72.95963236365257, 2.60526995918319], [-72.95963236365257, 2.6053601183940804], [-72.95954220444169, 2.6053601183940804], [-72.95954220444169, 2.6070731434009953], [-72.95972252286347, 2.6070731434009953], [-72.95972252286347, 2.607433780244556], [-72.95999300049614, 2.607433780244556], [-72.95999300049614, 2.6075239394554464], [-72.96008315970703, 2.6075239394554464], [-72.96008315970703, 2.6076140986663368], [-72.96026347812881, 2.6076140986663368], [-72.96026347812881, 2.607794417088117], [-72.96035363733971, 2.607794417088117], [-72.96035363733971, 2.6078845762990075], [-72.96044379655059, 2.6078845762990075], [-72.96044379655059, 2.607974735509898], [-72.96080443339416, 2.607974735509898], [-72.96080443339416, 2.608064894720788], [-72.96098475181593, 2.608064894720788], [-72.96098475181593, 2.6081550539316782], [-72.9613453886595, 2.6081550539316782], [-72.9613453886595, 2.6086058499861293], [-72.96152570708128, 2.6086058499861293], [-72.96152570708128, 2.60878616840791], [-72.96170602550306, 2.60878616840791], [-72.96170602550306, 2.609507442095032], [-72.96188634392483, 2.609507442095032], [-72.96188634392483, 2.6096877605168127], [-72.96206666234661, 2.6096877605168127], [-72.96206666234661, 2.609868078938593], [-72.9622469807684, 2.609868078938593]], [[-72.96071427418326, 2.605540436815861], [-72.96062411497238, 2.605540436815861], [-72.96062411497238, 2.6054502776049704], [-72.96071427418326, 2.6054502776049704], [-72.96071427418326, 2.605540436815861]], [[-72.96008315970703, 2.60526995918319], [-72.95990284128526, 2.60526995918319], [-72.95990284128526, 2.6050896407614097], [-72.96008315970703, 2.6050896407614097], [-72.96008315970703, 2.60526995918319]], [[-72.96026347812881, 2.6051797999722996], [-72.96017331891792, 2.6051797999722996], [-72.96017331891792, 2.6050896407614097], [-72.96026347812881, 2.6050896407614097], [-72.96026347812881, 2.6051797999722996]], [[-72.96017331891792, 2.6049994815505193], [-72.96008315970703, 2.6049994815505193], [-72.96008315970703, 2.604909322339629], [-72.96017331891792, 2.604909322339629], [-72.96017331891792, 2.6049994815505193]]]}}, {"id": "39", "type": "Feature", "properties": {"time_step": null}, "geometry": {"type": "Polygon", "coordinates": [[[-72.98920458482458, 2.6037372525980556], [-72.98920458482458, 2.603556934176275], [-72.98938490324636, 2.603556934176275], [-72.98938490324636, 2.603196297332714], [-72.98947506245726, 2.603196297332714], [-72.98947506245726, 2.6030159789109337], [-72.98956522166814, 2.6030159789109337], [-72.98956522166814, 2.6026553420673726], [-72.98965538087903, 2.6026553420673726], [-72.98965538087903, 2.6024750236455922], [-72.98956522166814, 2.6024750236455922], [-72.98956522166814, 2.6022947052238115], [-72.98938490324636, 2.6022947052238115], [-72.98938490324636, 2.602114386802031], [-72.98902426640281, 2.602114386802031], [-72.98902426640281, 2.6022947052238115], [-72.98884394798102, 2.6022947052238115], [-72.98884394798102, 2.6024750236455922], [-72.98875378877014, 2.6024750236455922], [-72.98875378877014, 2.6026553420673726], [-72.98866362955924, 2.6026553420673726], [-72.98866362955924, 2.6028356604891534], [-72.98848331113746, 2.6028356604891534], [-72.98848331113746, 2.603376615754495], [-72.98866362955924, 2.603376615754495], [-72.98866362955924, 2.603556934176275], [-72.98875378877014, 2.603556934176275], [-72.98875378877014, 2.6036470933871656], [-72.98884394798102, 2.6036470933871656], [-72.98884394798102, 2.6037372525980556], [-72.98920458482458, 2.6037372525980556]]]}}, {"id": "40", "type": "Feature", "properties": {"time_step": null}, "geometry": {"type": "Polygon", "coordinates": [[[-72.9816312111098, 2.6037372525980556], [-72.9816312111098, 2.603376615754495], [-72.98181152953158, 2.603376615754495], [-72.98181152953158, 2.6030159789109337], [-72.98235248479692, 2.6030159789109337], [-72.98235248479692, 2.6026553420673726], [-72.9825328032187, 2.6026553420673726], [-72.9825328032187, 2.602114386802031], [-72.98145089268802, 2.602114386802031], [-72.98145089268802, 2.6019340683802508], [-72.98090993742268, 2.6019340683802508], [-72.98090993742268, 2.602114386802031], [-72.98054930057911, 2.602114386802031], [-72.98054930057911, 2.6022947052238115], [-72.98045914136823, 2.6022947052238115], [-72.98045914136823, 2.6024750236455922], [-72.98054930057911, 2.6024750236455922], [-72.98054930057911, 2.6026553420673726], [-72.98063945979001, 2.6026553420673726], [-72.98063945979001, 2.6028356604891534], [-72.9808197782118, 2.6028356604891534], [-72.9808197782118, 2.6029258197000433], [-72.98090993742268, 2.6029258197000433], [-72.98090993742268, 2.6030159789109337], [-72.98127057426625, 2.6030159789109337], [-72.98127057426625, 2.603196297332714], [-72.98145089268802, 2.603196297332714], [-72.98145089268802, 2.6036470933871656], [-72.98154105189892, 2.6036470933871656], [-72.98154105189892, 2.6037372525980556], [-72.9816312111098, 2.6037372525980556]]]}}, {"id": "41", "type": "Feature", "properties": {"time_step": null}, "geometry": {"type": "Polygon", "coordinates": [[[-72.94078908857652, 2.603106138121824], [-72.94078908857652, 2.6029258197000433], [-72.94114972542008, 2.6029258197000433], [-72.94114972542008, 2.6025651828564826], [-72.94133004384186, 2.6025651828564826], [-72.94133004384186, 2.6026553420673726], [-72.94123988463097, 2.6026553420673726], [-72.94123988463097, 2.602745501278263], [-72.94160052147453, 2.602745501278263], [-72.94160052147453, 2.6026553420673726], [-72.94169068068543, 2.6026553420673726], [-72.94169068068543, 2.6025651828564826], [-72.94223163595076, 2.6025651828564826], [-72.94223163595076, 2.6024750236455922], [-72.94232179516165, 2.6024750236455922], [-72.94232179516165, 2.6025651828564826], [-72.94259227279433, 2.6025651828564826], [-72.94259227279433, 2.6024750236455922], [-72.9427725912161, 2.6024750236455922], [-72.9427725912161, 2.602384864434702], [-72.94295290963788, 2.602384864434702], [-72.94295290963788, 2.6020242275911407], [-72.9427725912161, 2.6020242275911407], [-72.9427725912161, 2.6018439091693604], [-72.94268243200521, 2.6018439091693604], [-72.94268243200521, 2.6020242275911407], [-72.94241195437255, 2.6020242275911407], [-72.94241195437255, 2.6022045460129215], [-72.94268243200521, 2.6022045460129215], [-72.94268243200521, 2.6022947052238115], [-72.94250211358343, 2.6022947052238115], [-72.94250211358343, 2.602384864434702], [-72.94223163595076, 2.602384864434702], [-72.94223163595076, 2.6022947052238115], [-72.94205131752898, 2.6022947052238115], [-72.94205131752898, 2.6020242275911407], [-72.9418709991072, 2.6020242275911407], [-72.9418709991072, 2.6018439091693604], [-72.94169068068543, 2.6018439091693604], [-72.94169068068543, 2.6019340683802508], [-72.94178083989631, 2.6019340683802508], [-72.94178083989631, 2.6020242275911407], [-72.94114972542008, 2.6020242275911407], [-72.94114972542008, 2.602114386802031], [-72.94123988463097, 2.602114386802031], [-72.94123988463097, 2.6022045460129215], [-72.94042845173296, 2.6022045460129215], [-72.94042845173296, 2.602384864434702], [-72.94024813331117, 2.602384864434702], [-72.94024813331117, 2.6029258197000433], [-72.94042845173296, 2.6029258197000433], [-72.94042845173296, 2.603106138121824], [-72.94078908857652, 2.603106138121824]], [[-72.94151036226364, 2.6025651828564826], [-72.94133004384186, 2.6025651828564826], [-72.94133004384186, 2.602384864434702], [-72.94151036226364, 2.602384864434702], [-72.94151036226364, 2.6025651828564826]]]}}, {"id": "42", "type": "Feature", "properties": {"time_step": null}, "geometry": {"type": "Polygon", "coordinates": [[[-72.99713859538292, 2.6037372525980556], [-72.99713859538292, 2.603556934176275], [-72.9973189138047, 2.603556934176275], [-72.9973189138047, 2.603376615754495], [-72.99749923222649, 2.603376615754495], [-72.99749923222649, 2.603196297332714], [-72.99767955064827, 2.603196297332714], [-72.99767955064827, 2.6030159789109337], [-72.99785986907006, 2.6030159789109337], [-72.99785986907006, 2.6026553420673726], [-72.99804018749182, 2.6026553420673726], [-72.99804018749182, 2.602114386802031], [-72.99785986907006, 2.602114386802031], [-72.99785986907006, 2.6019340683802508], [-72.99767955064827, 2.6019340683802508], [-72.99767955064827, 2.60175374995847], [-72.99677795853937, 2.60175374995847], [-72.99677795853937, 2.6019340683802508], [-72.99668779932847, 2.6019340683802508], [-72.99668779932847, 2.6020242275911407], [-72.99659764011759, 2.6020242275911407], [-72.99659764011759, 2.6022947052238115], [-72.9964173216958, 2.6022947052238115], [-72.9964173216958, 2.6024750236455922], [-72.99632716248492, 2.6024750236455922], [-72.99632716248492, 2.6025651828564826], [-72.99623700327402, 2.6025651828564826], [-72.99623700327402, 2.6030159789109337], [-72.99632716248492, 2.6030159789109337], [-72.99632716248492, 2.603106138121824], [-72.9964173216958, 2.603106138121824], [-72.9964173216958, 2.603376615754495], [-72.99659764011759, 2.603376615754495], [-72.99659764011759, 2.6036470933871656], [-72.99668779932847, 2.6036470933871656], [-72.99668779932847, 2.6037372525980556], [-72.99713859538292, 2.6037372525980556]]]}}, {"id": "43", "type": "Feature", "properties": {"time_step": null}, "geometry": {"type": "Polygon", "coordinates": [[[-72.99957289407696, 2.6026553420673726], [-72.99957289407696, 2.6022947052238115], [-72.99975321249875, 2.6022947052238115], [-72.99975321249875, 2.6022045460129215], [-72.99966305328785, 2.6022045460129215], [-72.99966305328785, 2.602114386802031], [-72.99957289407696, 2.602114386802031], [-72.99957289407696, 2.60175374995847], [-72.99948273486608, 2.60175374995847], [-72.99948273486608, 2.60166359074758], [-72.99939257565518, 2.60166359074758], [-72.99939257565518, 2.6013931131149093], [-72.9993024164443, 2.6013931131149093], [-72.9993024164443, 2.601302953904019], [-72.99912209802251, 2.601302953904019], [-72.99912209802251, 2.6013931131149093], [-72.99894177960073, 2.6013931131149093], [-72.99894177960073, 2.6015734315366896], [-72.99876146117896, 2.6015734315366896], [-72.99876146117896, 2.60175374995847], [-72.99858114275717, 2.60175374995847], [-72.99858114275717, 2.6026553420673726], [-72.99957289407696, 2.6026553420673726]]]}}, {"id": "44", "type": "Feature", "properties": {"time_step": null}, "geometry": {"type": "Polygon", "coordinates": [[[-72.93375667012708, 2.6059912328703123], [-72.93375667012708, 2.605630596026751], [-72.93393698854887, 2.605630596026751], [-72.93393698854887, 2.6049994815505193], [-72.93402714775975, 2.6049994815505193], [-72.93402714775975, 2.604548685496068], [-72.93420746618153, 2.604548685496068], [-72.93420746618153, 2.604638844706958], [-72.93411730697063, 2.604638844706958], [-72.93411730697063, 2.6047290039178486], [-72.93429762539242, 2.6047290039178486], [-72.93429762539242, 2.6043683670742874], [-72.9343877846033, 2.6043683670742874], [-72.9343877846033, 2.6040077302307263], [-72.93402714775975, 2.6040077302307263], [-72.93402714775975, 2.6020242275911407], [-72.93384682933797, 2.6020242275911407], [-72.93384682933797, 2.60166359074758], [-72.93348619249441, 2.60166359074758], [-72.93348619249441, 2.6015734315366896], [-72.93330587407263, 2.6015734315366896], [-72.93330587407263, 2.6014832723257992], [-72.93312555565085, 2.6014832723257992], [-72.93312555565085, 2.601302953904019], [-72.93294523722906, 2.601302953904019], [-72.93294523722906, 2.6011226354822385], [-72.93186332669838, 2.6011226354822385], [-72.93186332669838, 2.6014832723257992], [-72.93168300827661, 2.6014832723257992], [-72.93168300827661, 2.6020242275911407], [-72.93150268985482, 2.6020242275911407], [-72.93150268985482, 2.6022045460129215], [-72.93141253064393, 2.6022045460129215], [-72.93141253064393, 2.6025651828564826], [-72.93204364512016, 2.6025651828564826], [-72.93204364512016, 2.602384864434702], [-72.93213380433106, 2.602384864434702], [-72.93213380433106, 2.602745501278263], [-72.93222396354194, 2.602745501278263], [-72.93222396354194, 2.603106138121824], [-72.93240428196373, 2.603106138121824], [-72.93240428196373, 2.6032864565436045], [-72.93258460038551, 2.6032864565436045], [-72.93258460038551, 2.603466774965385], [-72.93276491880728, 2.603466774965385], [-72.93276491880728, 2.603556934176275], [-72.93285507801818, 2.603556934176275], [-72.93285507801818, 2.6036470933871656], [-72.93312555565085, 2.6036470933871656], [-72.93312555565085, 2.603827411808946], [-72.93276491880728, 2.603827411808946], [-72.93276491880728, 2.6040077302307263], [-72.93258460038551, 2.6040077302307263], [-72.93258460038551, 2.6043683670742874], [-72.93240428196373, 2.6043683670742874], [-72.93240428196373, 2.604638844706958], [-72.93249444117461, 2.604638844706958], [-72.93249444117461, 2.6047290039178486], [-72.93258460038551, 2.6047290039178486], [-72.93258460038551, 2.6050896407614097], [-72.93276491880728, 2.6050896407614097], [-72.93276491880728, 2.6051797999722996], [-72.93285507801818, 2.6051797999722996], [-72.93285507801818, 2.60526995918319], [-72.93294523722906, 2.60526995918319], [-72.93294523722906, 2.6054502776049704], [-72.93312555565085, 2.6054502776049704], [-72.93312555565085, 2.605630596026751], [-72.93330587407263, 2.605630596026751], [-72.93330587407263, 2.6058109144485315], [-72.93348619249441, 2.6058109144485315], [-72.93348619249441, 2.605901073659422], [-72.93339603328351, 2.605901073659422], [-72.93339603328351, 2.6059912328703123], [-72.93375667012708, 2.6059912328703123]]]}}, {"id": "45", "type": "Feature", "properties": {"time_step": null}, "geometry": {"type": "Polygon", "coordinates": [[[-72.9566571096932, 2.60526995918319], [-72.9566571096932, 2.6050896407614097], [-72.95683742811498, 2.6050896407614097], [-72.95683742811498, 2.604909322339629], [-72.95701774653676, 2.604909322339629], [-72.95701774653676, 2.6047290039178486], [-72.95719806495855, 2.6047290039178486], [-72.95719806495855, 2.604548685496068], [-72.95737838338033, 2.604548685496068], [-72.95737838338033, 2.6043683670742874], [-72.95773902022388, 2.6043683670742874], [-72.95773902022388, 2.604188048652507], [-72.95809965706745, 2.604188048652507], [-72.95809965706745, 2.6040077302307263], [-72.95827997548923, 2.6040077302307263], [-72.95827997548923, 2.6036470933871656], [-72.95873077154369, 2.6036470933871656], [-72.95873077154369, 2.603556934176275], [-72.95882093075457, 2.603556934176275], [-72.95882093075457, 2.6025651828564826], [-72.95827997548923, 2.6025651828564826], [-72.95827997548923, 2.602384864434702], [-72.95900124917635, 2.602384864434702], [-72.95900124917635, 2.6022947052238115], [-72.95918156759812, 2.6022947052238115], [-72.95918156759812, 2.6022045460129215], [-72.9593618860199, 2.6022045460129215], [-72.9593618860199, 2.6020242275911407], [-72.95954220444169, 2.6020242275911407], [-72.95954220444169, 2.6014832723257992], [-72.95918156759812, 2.6014832723257992], [-72.95918156759812, 2.601302953904019], [-72.95864061233279, 2.601302953904019], [-72.95864061233279, 2.6011226354822385], [-72.95827997548923, 2.6011226354822385], [-72.95827997548923, 2.601032476271348], [-72.95818981627833, 2.601032476271348], [-72.95818981627833, 2.6011226354822385], [-72.95809965706745, 2.6011226354822385], [-72.95809965706745, 2.601032476271348], [-72.95800949785655, 2.601032476271348], [-72.95800949785655, 2.6009423170604578], [-72.95719806495855, 2.6009423170604578], [-72.95719806495855, 2.6011226354822385], [-72.95701774653676, 2.6011226354822385], [-72.95701774653676, 2.601302953904019], [-72.95683742811498, 2.601302953904019], [-72.95683742811498, 2.60166359074758], [-72.9566571096932, 2.60166359074758], [-72.9566571096932, 2.6018439091693604], [-72.95647679127143, 2.6018439091693604], [-72.95647679127143, 2.6020242275911407], [-72.95629647284964, 2.6020242275911407], [-72.95629647284964, 2.6022045460129215], [-72.95611615442786, 2.6022045460129215], [-72.95611615442786, 2.6025651828564826], [-72.95593583600608, 2.6025651828564826], [-72.95593583600608, 2.602745501278263], [-72.9557555175843, 2.602745501278263], [-72.9557555175843, 2.6030159789109337], [-72.95566535837341, 2.6030159789109337], [-72.95566535837341, 2.603106138121824], [-72.95557519916252, 2.603106138121824], [-72.95557519916252, 2.6032864565436045], [-72.95539488074074, 2.6032864565436045], [-72.95539488074074, 2.603556934176275], [-72.95530472152984, 2.603556934176275], [-72.95530472152984, 2.6036470933871656], [-72.95521456231896, 2.6036470933871656], [-72.95521456231896, 2.6040077302307263], [-72.95539488074074, 2.6040077302307263], [-72.95539488074074, 2.604188048652507], [-72.95557519916252, 2.604188048652507], [-72.95557519916252, 2.604548685496068], [-72.95566535837341, 2.604548685496068], [-72.95566535837341, 2.604638844706958], [-72.9557555175843, 2.604638844706958], [-72.9557555175843, 2.604909322339629], [-72.95593583600608, 2.604909322339629], [-72.95593583600608, 2.6050896407614097], [-72.95611615442786, 2.6050896407614097], [-72.95611615442786, 2.60526995918319], [-72.9566571096932, 2.60526995918319]]]}}, {"id": "46", "type": "Feature", "properties": {"time_step": null}, "geometry": {"type": "Polygon", "coordinates": [[[-73.0048021283086, 2.60175374995847], [-73.0048021283086, 2.6013931131149093], [-73.00489228751948, 2.6013931131149093], [-73.00489228751948, 2.6012127946931285], [-73.0048021283086, 2.6012127946931285], [-73.0048021283086, 2.6007619986386774], [-73.00471196909771, 2.6007619986386774], [-73.00471196909771, 2.600671839427787], [-73.00408085462148, 2.600671839427787], [-73.00408085462148, 2.600852157849568], [-73.0039005361997, 2.600852157849568], [-73.0039005361997, 2.6013931131149093], [-73.00408085462148, 2.6013931131149093], [-73.00408085462148, 2.60175374995847], [-73.0048021283086, 2.60175374995847]]]}}, {"id": "47", "type": "Feature", "properties": {"time_step": null}, "geometry": {"type": "Polygon", "coordinates": [[[-72.95250978599225, 2.604188048652507], [-72.95250978599225, 2.603827411808946], [-72.95269010441403, 2.603827411808946], [-72.95269010441403, 2.6036470933871656], [-72.95287042283582, 2.6036470933871656], [-72.95287042283582, 2.603466774965385], [-72.95332121889027, 2.603466774965385], [-72.95332121889027, 2.603376615754495], [-72.95341137810115, 2.603376615754495], [-72.95341137810115, 2.603106138121824], [-72.95359169652293, 2.603106138121824], [-72.95359169652293, 2.602745501278263], [-72.95377201494472, 2.602745501278263], [-72.95377201494472, 2.6025651828564826], [-72.9538621741556, 2.6025651828564826], [-72.9538621741556, 2.6024750236455922], [-72.9539523333665, 2.6024750236455922], [-72.9539523333665, 2.6018439091693604], [-72.95359169652293, 2.6018439091693604], [-72.95359169652293, 2.60166359074758], [-72.95323105967937, 2.60166359074758], [-72.95323105967937, 2.6014832723257992], [-72.9530507412576, 2.6014832723257992], [-72.9530507412576, 2.601302953904019], [-72.95287042283582, 2.601302953904019], [-72.95287042283582, 2.6011226354822385], [-72.95269010441403, 2.6011226354822385], [-72.95269010441403, 2.6009423170604578], [-72.95250978599225, 2.6009423170604578], [-72.95250978599225, 2.6007619986386774], [-72.95232946757046, 2.6007619986386774], [-72.95232946757046, 2.6005816802168966], [-72.95196883072691, 2.6005816802168966], [-72.95196883072691, 2.6004013617951163], [-72.95160819388335, 2.6004013617951163], [-72.95160819388335, 2.6005816802168966], [-72.95142787546156, 2.6005816802168966], [-72.95142787546156, 2.6009423170604578], [-72.95124755703979, 2.6009423170604578], [-72.95124755703979, 2.601302953904019], [-72.95106723861801, 2.601302953904019], [-72.95106723861801, 2.6020242275911407], [-72.95142787546156, 2.6020242275911407], [-72.95142787546156, 2.602114386802031], [-72.95151803467246, 2.602114386802031], [-72.95151803467246, 2.6020242275911407], [-72.95160819388335, 2.6020242275911407], [-72.95160819388335, 2.602114386802031], [-72.95178851230513, 2.602114386802031], [-72.95178851230513, 2.6022045460129215], [-72.95196883072691, 2.6022045460129215], [-72.95196883072691, 2.6028356604891534], [-72.95178851230513, 2.6028356604891534], [-72.95178851230513, 2.6036470933871656], [-72.95196883072691, 2.6036470933871656], [-72.95196883072691, 2.6039175710198363], [-72.9521491491487, 2.6039175710198363], [-72.9521491491487, 2.6040077302307263], [-72.95223930835958, 2.6040077302307263], [-72.95223930835958, 2.6040978894416167], [-72.95232946757046, 2.6040978894416167], [-72.95232946757046, 2.604188048652507], [-72.95250978599225, 2.604188048652507]]]}}, {"id": "48", "type": "Feature", "properties": {"time_step": null}, "geometry": {"type": "Polygon", "coordinates": [[[-72.99515509274335, 2.603376615754495], [-72.99515509274335, 2.603106138121824], [-72.99524525195423, 2.603106138121824], [-72.99524525195423, 2.603196297332714], [-72.99533541116512, 2.603196297332714], [-72.99533541116512, 2.6030159789109337], [-72.99497477432156, 2.6030159789109337], [-72.99497477432156, 2.6029258197000433], [-72.99488461511066, 2.6029258197000433], [-72.99488461511066, 2.6028356604891534], [-72.99479445589978, 2.6028356604891534], [-72.99479445589978, 2.6026553420673726], [-72.994614137478, 2.6026553420673726], [-72.994614137478, 2.6025651828564826], [-72.99443381905621, 2.6025651828564826], [-72.99443381905621, 2.6024750236455922], [-72.99425350063444, 2.6024750236455922], [-72.99425350063444, 2.602114386802031], [-72.99443381905621, 2.602114386802031], [-72.99443381905621, 2.6020242275911407], [-72.994614137478, 2.6020242275911407], [-72.994614137478, 2.6022045460129215], [-72.9947042966889, 2.6022045460129215], [-72.9947042966889, 2.602114386802031], [-72.99497477432156, 2.602114386802031], [-72.99497477432156, 2.6022947052238115], [-72.99533541116512, 2.6022947052238115], [-72.99533541116512, 2.6026553420673726], [-72.99587636643047, 2.6026553420673726], [-72.99587636643047, 2.6024750236455922], [-72.99623700327402, 2.6024750236455922], [-72.99623700327402, 2.6022045460129215], [-72.99632716248492, 2.6022045460129215], [-72.99632716248492, 2.602114386802031], [-72.9964173216958, 2.602114386802031], [-72.9964173216958, 2.6015734315366896], [-72.99659764011759, 2.6015734315366896], [-72.99659764011759, 2.6013931131149093], [-72.99677795853937, 2.6013931131149093], [-72.99677795853937, 2.6012127946931285], [-72.9964173216958, 2.6012127946931285], [-72.9964173216958, 2.601032476271348], [-72.99605668485225, 2.601032476271348], [-72.99605668485225, 2.600852157849568], [-72.99587636643047, 2.600852157849568], [-72.99587636643047, 2.6004915210060067], [-72.99569604800868, 2.6004915210060067], [-72.99569604800868, 2.600311202584226], [-72.99533541116512, 2.600311202584226], [-72.99533541116512, 2.600221043373336], [-72.99497477432156, 2.600221043373336], [-72.99497477432156, 2.600311202584226], [-72.99479445589978, 2.600311202584226], [-72.99479445589978, 2.6004915210060067], [-72.994614137478, 2.6004915210060067], [-72.994614137478, 2.600671839427787], [-72.99425350063444, 2.600671839427787], [-72.99425350063444, 2.6007619986386774], [-72.99407318221266, 2.6007619986386774], [-72.99407318221266, 2.600852157849568], [-72.99389286379088, 2.600852157849568], [-72.99389286379088, 2.601032476271348], [-72.99371254536909, 2.601032476271348], [-72.99371254536909, 2.6012127946931285], [-72.99353222694732, 2.6012127946931285], [-72.99353222694732, 2.60175374995847], [-72.99344206773642, 2.60175374995847], [-72.99344206773642, 2.602114386802031], [-72.99353222694732, 2.602114386802031], [-72.99353222694732, 2.6022947052238115], [-72.99389286379088, 2.6022947052238115], [-72.99389286379088, 2.6026553420673726], [-72.99398302300177, 2.6026553420673726], [-72.99398302300177, 2.602745501278263], [-72.99407318221266, 2.602745501278263], [-72.99407318221266, 2.6028356604891534], [-72.99425350063444, 2.6028356604891534], [-72.99425350063444, 2.6030159789109337], [-72.99443381905621, 2.6030159789109337], [-72.99443381905621, 2.603106138121824], [-72.99452397826711, 2.603106138121824], [-72.99452397826711, 2.603196297332714], [-72.994614137478, 2.603196297332714], [-72.994614137478, 2.603376615754495], [-72.99515509274335, 2.603376615754495]]]}}, {"id": "49", "type": "Feature", "properties": {"time_step": null}, "geometry": {"type": "Polygon", "coordinates": [[[-73.00083512302943, 2.602114386802031], [-73.00083512302943, 2.6019340683802508], [-73.00119575987299, 2.6019340683802508], [-73.00119575987299, 2.6015734315366896], [-73.00137607829477, 2.6015734315366896], [-73.00137607829477, 2.6013931131149093], [-73.00155639671655, 2.6013931131149093], [-73.00155639671655, 2.6004915210060067], [-73.00137607829477, 2.6004915210060067], [-73.00137607829477, 2.6001308841624455], [-73.00119575987299, 2.6001308841624455], [-73.00119575987299, 2.599950565740665], [-73.00065480460765, 2.599950565740665], [-73.00065480460765, 2.6001308841624455], [-73.00047448618587, 2.6001308841624455], [-73.00047448618587, 2.600311202584226], [-73.00029416776408, 2.600311202584226], [-73.00029416776408, 2.6004915210060067], [-73.0001138493423, 2.6004915210060067], [-73.0001138493423, 2.600671839427787], [-72.99993353092053, 2.600671839427787], [-72.99993353092053, 2.6012127946931285], [-73.0001138493423, 2.6012127946931285], [-73.0001138493423, 2.60175374995847], [-73.00029416776408, 2.60175374995847], [-73.00029416776408, 2.602114386802031], [-73.00083512302943, 2.602114386802031]]]}}, {"id": "50", "type": "Feature", "properties": {"time_step": null}, "geometry": {"type": "Polygon", "coordinates": [[[-72.9474608701824, 2.6007619986386774], [-72.9474608701824, 2.599860406529775], [-72.94710023333883, 2.599860406529775], [-72.94710023333883, 2.599589928897104], [-72.94701007412795, 2.599589928897104], [-72.94701007412795, 2.5994997696862137], [-72.94691991491706, 2.5994997696862137], [-72.94691991491706, 2.5994096104753237], [-72.94682975570616, 2.5994096104753237], [-72.94682975570616, 2.5993194512644333], [-72.94664943728438, 2.5993194512644333], [-72.94664943728438, 2.5994997696862137], [-72.9465592780735, 2.5994997696862137], [-72.9465592780735, 2.5994096104753237], [-72.94646911886261, 2.5994096104753237], [-72.94646911886261, 2.5994997696862137], [-72.94619864122993, 2.5994997696862137], [-72.94619864122993, 2.5997702473188844], [-72.94610848201904, 2.5997702473188844], [-72.94610848201904, 2.599860406529775], [-72.94601832280816, 2.599860406529775], [-72.94601832280816, 2.600040724951555], [-72.94619864122993, 2.600040724951555], [-72.94619864122993, 2.600221043373336], [-72.94664943728438, 2.600221043373336], [-72.94664943728438, 2.6001308841624455], [-72.94673959649528, 2.6001308841624455], [-72.94673959649528, 2.600040724951555], [-72.94682975570616, 2.600040724951555], [-72.94682975570616, 2.6001308841624455], [-72.94691991491706, 2.6001308841624455], [-72.94691991491706, 2.6005816802168966], [-72.94701007412795, 2.6005816802168966], [-72.94701007412795, 2.600671839427787], [-72.94710023333883, 2.600671839427787], [-72.94710023333883, 2.6007619986386774], [-72.9474608701824, 2.6007619986386774]]]}}, {"id": "51", "type": "Feature", "properties": {"time_step": null}, "geometry": {"type": "Polygon", "coordinates": [[[-72.97351688212969, 2.6005816802168966], [-72.97351688212969, 2.6004013617951163], [-72.97369720055146, 2.6004013617951163], [-72.97369720055146, 2.600221043373336], [-72.97387751897324, 2.600221043373336], [-72.97387751897324, 2.600040724951555], [-72.97405783739502, 2.600040724951555], [-72.97405783739502, 2.5996800881079944], [-72.97396767818414, 2.5996800881079944], [-72.97396767818414, 2.5994997696862137], [-72.97387751897324, 2.5994997696862137], [-72.97387751897324, 2.5994096104753237], [-72.97369720055146, 2.5994096104753237], [-72.97369720055146, 2.5993194512644333], [-72.9733365637079, 2.5993194512644333], [-72.9733365637079, 2.5994096104753237], [-72.97315624528612, 2.5994096104753237], [-72.97315624528612, 2.5994997696862137], [-72.97297592686434, 2.5994997696862137], [-72.97297592686434, 2.599860406529775], [-72.97279560844255, 2.599860406529775], [-72.97279560844255, 2.600221043373336], [-72.97297592686434, 2.600221043373336], [-72.97297592686434, 2.6004013617951163], [-72.9733365637079, 2.6004013617951163], [-72.9733365637079, 2.6004915210060067], [-72.97315624528612, 2.6004915210060067], [-72.97315624528612, 2.6005816802168966], [-72.97351688212969, 2.6005816802168966]]]}}, {"id": "52", "type": "Feature", "properties": {"time_step": null}, "geometry": {"type": "Polygon", "coordinates": [[[-72.93718272014091, 2.6004013617951163], [-72.93718272014091, 2.600221043373336], [-72.9373630385627, 2.600221043373336], [-72.9373630385627, 2.6001308841624455], [-72.93745319777358, 2.6001308841624455], [-72.93745319777358, 2.600040724951555], [-72.93754335698446, 2.600040724951555], [-72.93754335698446, 2.5993194512644333], [-72.9373630385627, 2.5993194512644333], [-72.9373630385627, 2.599139132842653], [-72.93691224250824, 2.599139132842653], [-72.93691224250824, 2.599229292053543], [-72.93682208329734, 2.599229292053543], [-72.93682208329734, 2.5993194512644333], [-72.93673192408646, 2.5993194512644333], [-72.93673192408646, 2.5994096104753237], [-72.93664176487556, 2.5994096104753237], [-72.93664176487556, 2.5994997696862137], [-72.93655160566468, 2.5994997696862137], [-72.93655160566468, 2.600221043373336], [-72.93664176487556, 2.600221043373336], [-72.93664176487556, 2.6004013617951163], [-72.93718272014091, 2.6004013617951163]]]}}, {"id": "53", "type": "Feature", "properties": {"time_step": null}, "geometry": {"type": "Polygon", "coordinates": [[[-72.94241195437255, 2.6005816802168966], [-72.94241195437255, 2.6004013617951163], [-72.94295290963788, 2.6004013617951163], [-72.94295290963788, 2.599950565740665], [-72.94304306884878, 2.599950565740665], [-72.94304306884878, 2.5996800881079944], [-72.94295290963788, 2.5996800881079944], [-72.94295290963788, 2.5993194512644333], [-72.9427725912161, 2.5993194512644333], [-72.9427725912161, 2.599139132842653], [-72.94241195437255, 2.599139132842653], [-72.94241195437255, 2.599229292053543], [-72.94232179516165, 2.599229292053543], [-72.94232179516165, 2.599139132842653], [-72.94223163595076, 2.599139132842653], [-72.94223163595076, 2.598958814420872], [-72.94205131752898, 2.598958814420872], [-72.94205131752898, 2.598778495999092], [-72.94151036226364, 2.598778495999092], [-72.94151036226364, 2.598868655209982], [-72.94142020305274, 2.598868655209982], [-72.94142020305274, 2.598958814420872], [-72.94133004384186, 2.598958814420872], [-72.94133004384186, 2.5990489736317626], [-72.94114972542008, 2.5990489736317626], [-72.94114972542008, 2.5993194512644333], [-72.94133004384186, 2.5993194512644333], [-72.94133004384186, 2.5994997696862137], [-72.94151036226364, 2.5994997696862137], [-72.94151036226364, 2.5996800881079944], [-72.94169068068543, 2.5996800881079944], [-72.94169068068543, 2.599950565740665], [-72.94160052147453, 2.599950565740665], [-72.94160052147453, 2.600040724951555], [-72.94151036226364, 2.600040724951555], [-72.94151036226364, 2.6004013617951163], [-72.9418709991072, 2.6004013617951163], [-72.9418709991072, 2.600311202584226], [-72.9419611583181, 2.600311202584226], [-72.9419611583181, 2.600221043373336], [-72.94223163595076, 2.600221043373336], [-72.94223163595076, 2.6004013617951163], [-72.94232179516165, 2.6004013617951163], [-72.94232179516165, 2.6005816802168966], [-72.94241195437255, 2.6005816802168966]], [[-72.94232179516165, 2.5993194512644333], [-72.94223163595076, 2.5993194512644333], [-72.94223163595076, 2.599229292053543], [-72.94232179516165, 2.599229292053543], [-72.94232179516165, 2.5993194512644333]]]}}, {"id": "54", "type": "Feature", "properties": {"time_step": null}, "geometry": {"type": "Polygon", "coordinates": [[[-73.00363005856703, 2.601032476271348], [-73.00363005856703, 2.600852157849568], [-73.00372021777791, 2.600852157849568], [-73.00372021777791, 2.6004915210060067], [-73.00363005856703, 2.6004915210060067], [-73.00363005856703, 2.600311202584226], [-73.00372021777791, 2.600311202584226], [-73.00372021777791, 2.600221043373336], [-73.00381037698881, 2.600221043373336], [-73.00381037698881, 2.6001308841624455], [-73.0039005361997, 2.6001308841624455], [-73.0039005361997, 2.5994096104753237], [-73.00372021777791, 2.5994096104753237], [-73.00372021777791, 2.599229292053543], [-73.00335958093436, 2.599229292053543], [-73.00335958093436, 2.5990489736317626], [-73.00317926251257, 2.5990489736317626], [-73.00317926251257, 2.598868655209982], [-73.00299894409079, 2.598868655209982], [-73.00299894409079, 2.5986883367882014], [-73.00281862566901, 2.5986883367882014], [-73.00281862566901, 2.598598177577311], [-73.00263830724724, 2.598598177577311], [-73.00263830724724, 2.5983276999446403], [-73.00209735198189, 2.5983276999446403], [-73.00209735198189, 2.598508018366421], [-73.0019170335601, 2.598508018366421], [-73.0019170335601, 2.5993194512644333], [-73.00209735198189, 2.5993194512644333], [-73.00209735198189, 2.5994096104753237], [-73.0019170335601, 2.5994096104753237], [-73.0019170335601, 2.5997702473188844], [-73.00182687434922, 2.5997702473188844], [-73.00182687434922, 2.599860406529775], [-73.00173671513834, 2.599860406529775], [-73.00173671513834, 2.600311202584226], [-73.0019170335601, 2.600311202584226], [-73.0019170335601, 2.6004915210060067], [-73.00209735198189, 2.6004915210060067], [-73.00209735198189, 2.600671839427787], [-73.00254814803634, 2.600671839427787], [-73.00254814803634, 2.6005816802168966], [-73.00263830724724, 2.6005816802168966], [-73.00263830724724, 2.601032476271348], [-73.00299894409079, 2.601032476271348], [-73.00299894409079, 2.6009423170604578], [-73.00317926251257, 2.6009423170604578], [-73.00317926251257, 2.601032476271348], [-73.00363005856703, 2.601032476271348]]]}}, {"id": "55", "type": "Feature", "properties": {"time_step": null}, "geometry": {"type": "Polygon", "coordinates": [[[-72.99479445589978, 2.5994096104753237], [-72.99479445589978, 2.5993194512644333], [-72.99488461511066, 2.5993194512644333], [-72.99488461511066, 2.599229292053543], [-72.99533541116512, 2.599229292053543], [-72.99533541116512, 2.5990489736317626], [-72.9955157295869, 2.5990489736317626], [-72.9955157295869, 2.5986883367882014], [-72.99542557037601, 2.5986883367882014], [-72.99542557037601, 2.598508018366421], [-72.99524525195423, 2.598508018366421], [-72.99524525195423, 2.5984178591555307], [-72.99515509274335, 2.5984178591555307], [-72.99515509274335, 2.5983276999446403], [-72.99497477432156, 2.5983276999446403], [-72.99497477432156, 2.598508018366421], [-72.994614137478, 2.598508018366421], [-72.994614137478, 2.598598177577311], [-72.99443381905621, 2.598598177577311], [-72.99443381905621, 2.5986883367882014], [-72.99425350063444, 2.5986883367882014], [-72.99425350063444, 2.5990489736317626], [-72.99443381905621, 2.5990489736317626], [-72.99443381905621, 2.599229292053543], [-72.994614137478, 2.599229292053543], [-72.994614137478, 2.5993194512644333], [-72.9947042966889, 2.5993194512644333], [-72.9947042966889, 2.5994096104753237], [-72.99479445589978, 2.5994096104753237]]]}}, {"id": "56", "type": "Feature", "properties": {"time_step": null}, "geometry": {"type": "Polygon", "coordinates": [[[-72.93330587407263, 2.5996800881079944], [-72.93330587407263, 2.5994997696862137], [-72.93348619249441, 2.5994997696862137], [-72.93348619249441, 2.5993194512644333], [-72.9335763517053, 2.5993194512644333], [-72.9335763517053, 2.599139132842653], [-72.93348619249441, 2.599139132842653], [-72.93348619249441, 2.598778495999092], [-72.93366651091618, 2.598778495999092], [-72.93366651091618, 2.598958814420872], [-72.93375667012708, 2.598958814420872], [-72.93375667012708, 2.5990489736317626], [-72.93384682933797, 2.5990489736317626], [-72.93384682933797, 2.599139132842653], [-72.93393698854887, 2.599139132842653], [-72.93393698854887, 2.599229292053543], [-72.93411730697063, 2.599229292053543], [-72.93411730697063, 2.599139132842653], [-72.93456810302509, 2.599139132842653], [-72.93456810302509, 2.598958814420872], [-72.93474842144687, 2.598958814420872], [-72.93474842144687, 2.598598177577311], [-72.93456810302509, 2.598598177577311], [-72.93456810302509, 2.5984178591555307], [-72.9343877846033, 2.5984178591555307], [-72.9343877846033, 2.5980572223119696], [-72.93402714775975, 2.5980572223119696], [-72.93402714775975, 2.5982375407337504], [-72.93384682933797, 2.5982375407337504], [-72.93384682933797, 2.5984178591555307], [-72.93375667012708, 2.5984178591555307], [-72.93375667012708, 2.598598177577311], [-72.93366651091618, 2.598598177577311], [-72.93366651091618, 2.5980572223119696], [-72.93312555565085, 2.5980572223119696], [-72.93312555565085, 2.5982375407337504], [-72.93294523722906, 2.5982375407337504], [-72.93294523722906, 2.5984178591555307], [-72.93276491880728, 2.5984178591555307], [-72.93276491880728, 2.5994997696862137], [-72.93285507801818, 2.5994997696862137], [-72.93285507801818, 2.5996800881079944], [-72.93330587407263, 2.5996800881079944]]]}}, {"id": "57", "type": "Feature", "properties": {"time_step": null}, "geometry": {"type": "Polygon", "coordinates": [[[-72.96170602550306, 2.600040724951555], [-72.96170602550306, 2.599950565740665], [-72.96188634392483, 2.599950565740665], [-72.96188634392483, 2.599860406529775], [-72.9622469807684, 2.599860406529775], [-72.9622469807684, 2.5996800881079944], [-72.96242729919018, 2.5996800881079944], [-72.96242729919018, 2.5994997696862137], [-72.96260761761197, 2.5994997696862137], [-72.96260761761197, 2.599139132842653], [-72.96278793603373, 2.599139132842653], [-72.96278793603373, 2.598958814420872], [-72.9622469807684, 2.598958814420872], [-72.9622469807684, 2.598778495999092], [-72.96206666234661, 2.598778495999092], [-72.96206666234661, 2.598598177577311], [-72.96188634392483, 2.598598177577311], [-72.96188634392483, 2.5980572223119696], [-72.96107491102683, 2.5980572223119696], [-72.96107491102683, 2.5979670631010796], [-72.96098475181593, 2.5979670631010796], [-72.96098475181593, 2.5980572223119696], [-72.96044379655059, 2.5980572223119696], [-72.96044379655059, 2.598598177577311], [-72.96053395576148, 2.598598177577311], [-72.96053395576148, 2.598778495999092], [-72.96062411497238, 2.598778495999092], [-72.96062411497238, 2.598958814420872], [-72.96098475181593, 2.598958814420872], [-72.96098475181593, 2.599139132842653], [-72.9613453886595, 2.599139132842653], [-72.9613453886595, 2.5996800881079944], [-72.96152570708128, 2.5996800881079944], [-72.96152570708128, 2.600040724951555], [-72.96170602550306, 2.600040724951555]]]}}, {"id": "58", "type": "Feature", "properties": {"time_step": null}, "geometry": {"type": "Polygon", "coordinates": [[[-72.97658229529995, 2.6022947052238115], [-72.97658229529995, 2.602114386802031], [-72.97640197687817, 2.602114386802031], [-72.97640197687817, 2.6018439091693604], [-72.97631181766728, 2.6018439091693604], [-72.97631181766728, 2.60175374995847], [-72.97640197687817, 2.60175374995847], [-72.97640197687817, 2.6013931131149093], [-72.97649213608906, 2.6013931131149093], [-72.97649213608906, 2.601032476271348], [-72.97658229529995, 2.601032476271348], [-72.97658229529995, 2.600852157849568], [-72.97712325056528, 2.600852157849568], [-72.97712325056528, 2.601032476271348], [-72.97748388740885, 2.601032476271348], [-72.97748388740885, 2.600852157849568], [-72.97766420583064, 2.600852157849568], [-72.97766420583064, 2.599950565740665], [-72.97757404661974, 2.599950565740665], [-72.97757404661974, 2.599860406529775], [-72.97748388740885, 2.599860406529775], [-72.97748388740885, 2.5997702473188844], [-72.97730356898707, 2.5997702473188844], [-72.97730356898707, 2.599589928897104], [-72.97712325056528, 2.599589928897104], [-72.97712325056528, 2.599139132842653], [-72.97676261372173, 2.599139132842653], [-72.97676261372173, 2.598958814420872], [-72.97658229529995, 2.598958814420872], [-72.97658229529995, 2.598868655209982], [-72.97649213608906, 2.598868655209982], [-72.97649213608906, 2.598778495999092], [-72.97640197687817, 2.598778495999092], [-72.97640197687817, 2.5980572223119696], [-72.97604134003461, 2.5980572223119696], [-72.97604134003461, 2.597876903890189], [-72.97568070319105, 2.597876903890189], [-72.97568070319105, 2.5980572223119696], [-72.97513974792571, 2.5980572223119696], [-72.97513974792571, 2.5982375407337504], [-72.97477911108214, 2.5982375407337504], [-72.97477911108214, 2.5983276999446403], [-72.97459879266036, 2.5983276999446403], [-72.97459879266036, 2.5984178591555307], [-72.97441847423858, 2.5984178591555307], [-72.97441847423858, 2.598868655209982], [-72.97450863344947, 2.598868655209982], [-72.97450863344947, 2.598958814420872], [-72.97532006634748, 2.598958814420872], [-72.97532006634748, 2.5990489736317626], [-72.97550038476926, 2.5990489736317626], [-72.97550038476926, 2.600040724951555], [-72.97568070319105, 2.600040724951555], [-72.97568070319105, 2.6005816802168966], [-72.97559054398016, 2.6005816802168966], [-72.97559054398016, 2.600671839427787], [-72.97550038476926, 2.600671839427787], [-72.97550038476926, 2.601302953904019], [-72.97559054398016, 2.601302953904019], [-72.97559054398016, 2.6013931131149093], [-72.97550038476926, 2.6013931131149093], [-72.97550038476926, 2.60175374995847], [-72.97532006634748, 2.60175374995847], [-72.97532006634748, 2.602114386802031], [-72.97550038476926, 2.602114386802031], [-72.97550038476926, 2.6022947052238115], [-72.97586102161283, 2.6022947052238115], [-72.97586102161283, 2.602114386802031], [-72.97622165845638, 2.602114386802031], [-72.97622165845638, 2.6022947052238115], [-72.97658229529995, 2.6022947052238115]]]}}, {"id": "59", "type": "Feature", "properties": {"time_step": null}, "geometry": {"type": "Polygon", "coordinates": [[[-72.93934654120227, 2.6040077302307263], [-72.93934654120227, 2.603827411808946], [-72.93988749646762, 2.603827411808946], [-72.93988749646762, 2.6036470933871656], [-72.94006781488939, 2.6036470933871656], [-72.94006781488939, 2.603466774965385], [-72.94024813331117, 2.603466774965385], [-72.94024813331117, 2.603106138121824], [-72.94006781488939, 2.603106138121824], [-72.94006781488939, 2.6022045460129215], [-72.93988749646762, 2.6022045460129215], [-72.93988749646762, 2.6020242275911407], [-72.93970717804584, 2.6020242275911407], [-72.93970717804584, 2.60166359074758], [-72.93934654120227, 2.60166359074758], [-72.93934654120227, 2.6018439091693604], [-72.9391662227805, 2.6018439091693604], [-72.9391662227805, 2.6020242275911407], [-72.93898590435872, 2.6020242275911407], [-72.93898590435872, 2.601302953904019], [-72.93925638199138, 2.601302953904019], [-72.93925638199138, 2.6012127946931285], [-72.9391662227805, 2.6012127946931285], [-72.9391662227805, 2.6011226354822385], [-72.93934654120227, 2.6011226354822385], [-72.93934654120227, 2.601302953904019], [-72.93952685962405, 2.601302953904019], [-72.93952685962405, 2.601032476271348], [-72.93970717804584, 2.601032476271348], [-72.93970717804584, 2.6004013617951163], [-72.93988749646762, 2.6004013617951163], [-72.93988749646762, 2.5996800881079944], [-72.93979733725672, 2.5996800881079944], [-72.93979733725672, 2.5993194512644333], [-72.93970717804584, 2.5993194512644333], [-72.93970717804584, 2.598778495999092], [-72.93952685962405, 2.598778495999092], [-72.93952685962405, 2.5986883367882014], [-72.93943670041317, 2.5986883367882014], [-72.93943670041317, 2.598598177577311], [-72.93934654120227, 2.598598177577311], [-72.93934654120227, 2.5984178591555307], [-72.9391662227805, 2.5984178591555307], [-72.9391662227805, 2.5980572223119696], [-72.93898590435872, 2.5980572223119696], [-72.93898590435872, 2.597876903890189], [-72.93844494909337, 2.597876903890189], [-72.93844494909337, 2.597696585468409], [-72.9382646306716, 2.597696585468409], [-72.9382646306716, 2.597516267046628], [-72.93808431224981, 2.597516267046628], [-72.93808431224981, 2.5976064262575185], [-72.93799415303891, 2.5976064262575185], [-72.93799415303891, 2.597876903890189], [-72.93808431224981, 2.597876903890189], [-72.93808431224981, 2.5982375407337504], [-72.93790399382803, 2.5982375407337504], [-72.93790399382803, 2.598598177577311], [-72.93808431224981, 2.598598177577311], [-72.93808431224981, 2.598958814420872], [-72.9382646306716, 2.598958814420872], [-72.9382646306716, 2.5996800881079944], [-72.93835478988248, 2.5996800881079944], [-72.93835478988248, 2.599860406529775], [-72.9382646306716, 2.599860406529775], [-72.9382646306716, 2.600040724951555], [-72.93835478988248, 2.600040724951555], [-72.93835478988248, 2.600221043373336], [-72.93844494909337, 2.600221043373336], [-72.93844494909337, 2.6004013617951163], [-72.9382646306716, 2.6004013617951163], [-72.9382646306716, 2.6005816802168966], [-72.93754335698446, 2.6005816802168966], [-72.93754335698446, 2.600852157849568], [-72.9373630385627, 2.600852157849568], [-72.9373630385627, 2.6009423170604578], [-72.93754335698446, 2.6009423170604578], [-72.93754335698446, 2.6011226354822385], [-72.93772367540625, 2.6011226354822385], [-72.93772367540625, 2.601302953904019], [-72.93781383461715, 2.601302953904019], [-72.93781383461715, 2.6014832723257992], [-72.93772367540625, 2.6014832723257992], [-72.93772367540625, 2.602384864434702], [-72.93790399382803, 2.602384864434702], [-72.93790399382803, 2.6025651828564826], [-72.9382646306716, 2.6025651828564826], [-72.9382646306716, 2.602745501278263], [-72.93844494909337, 2.602745501278263], [-72.93844494909337, 2.6029258197000433], [-72.93898590435872, 2.6029258197000433], [-72.93898590435872, 2.602745501278263], [-72.9391662227805, 2.602745501278263], [-72.9391662227805, 2.603376615754495], [-72.93925638199138, 2.603376615754495], [-72.93925638199138, 2.603466774965385], [-72.9391662227805, 2.603466774965385], [-72.9391662227805, 2.603556934176275], [-72.9390760635696, 2.603556934176275], [-72.9390760635696, 2.6036470933871656], [-72.93898590435872, 2.6036470933871656], [-72.93898590435872, 2.6040077302307263], [-72.93934654120227, 2.6040077302307263]]]}}, {"id": "60", "type": "Feature", "properties": {"time_step": null}, "geometry": {"type": "Polygon", "coordinates": [[[-72.95377201494472, 2.5994997696862137], [-72.95377201494472, 2.598778495999092], [-72.95413265178827, 2.598778495999092], [-72.95413265178827, 2.5982375407337504], [-72.95377201494472, 2.5982375407337504], [-72.95377201494472, 2.597876903890189], [-72.95359169652293, 2.597876903890189], [-72.95359169652293, 2.597696585468409], [-72.95341137810115, 2.597696585468409], [-72.95341137810115, 2.597516267046628], [-72.95323105967937, 2.597516267046628], [-72.95323105967937, 2.597426107835738], [-72.95314090046848, 2.597426107835738], [-72.95314090046848, 2.597516267046628], [-72.9530507412576, 2.597516267046628], [-72.9530507412576, 2.597696585468409], [-72.95287042283582, 2.597696585468409], [-72.95287042283582, 2.597876903890189], [-72.95269010441403, 2.597876903890189], [-72.95269010441403, 2.5982375407337504], [-72.95323105967937, 2.5982375407337504], [-72.95323105967937, 2.598508018366421], [-72.95332121889027, 2.598508018366421], [-72.95332121889027, 2.598598177577311], [-72.95287042283582, 2.598598177577311], [-72.95287042283582, 2.5990489736317626], [-72.9529605820467, 2.5990489736317626], [-72.9529605820467, 2.599139132842653], [-72.9530507412576, 2.599139132842653], [-72.9530507412576, 2.5993194512644333], [-72.95323105967937, 2.5993194512644333], [-72.95323105967937, 2.5994997696862137], [-72.95377201494472, 2.5994997696862137]], [[-72.95377201494472, 2.598598177577311], [-72.95359169652293, 2.598598177577311], [-72.95359169652293, 2.5984178591555307], [-72.95377201494472, 2.5984178591555307], [-72.95377201494472, 2.598598177577311]]]}}, {"id": "61", "type": "Feature", "properties": {"time_step": null}, "geometry": {"type": "Polygon", "coordinates": [[[-72.99939257565518, 2.6012127946931285], [-72.99939257565518, 2.601032476271348], [-72.99975321249875, 2.601032476271348], [-72.99975321249875, 2.600671839427787], [-72.99993353092053, 2.600671839427787], [-72.99993353092053, 2.6001308841624455], [-73.00002369013141, 2.6001308841624455], [-73.00002369013141, 2.5997702473188844], [-72.99984337170963, 2.5997702473188844], [-72.99984337170963, 2.5996800881079944], [-72.99993353092053, 2.5996800881079944], [-72.99993353092053, 2.599589928897104], [-72.99984337170963, 2.599589928897104], [-72.99984337170963, 2.5994096104753237], [-72.99966305328785, 2.5994096104753237], [-72.99966305328785, 2.599229292053543], [-72.99984337170963, 2.599229292053543], [-72.99984337170963, 2.598508018366421], [-73.00038432697498, 2.598508018366421], [-73.00038432697498, 2.5983276999446403], [-73.00056464539675, 2.5983276999446403], [-73.00056464539675, 2.597786744679299], [-73.0001138493423, 2.597786744679299], [-73.0001138493423, 2.597696585468409], [-73.0002040085532, 2.597696585468409], [-73.0002040085532, 2.5976064262575185], [-73.00002369013141, 2.5976064262575185], [-73.00002369013141, 2.597426107835738], [-72.99912209802251, 2.597426107835738], [-72.99912209802251, 2.5976064262575185], [-72.99894177960073, 2.5976064262575185], [-72.99894177960073, 2.597696585468409], [-72.99876146117896, 2.597696585468409], [-72.99876146117896, 2.597786744679299], [-72.9983106651245, 2.597786744679299], [-72.9983106651245, 2.597876903890189], [-72.99822050591361, 2.597876903890189], [-72.99822050591361, 2.59814738152286], [-72.99813034670272, 2.59814738152286], [-72.99813034670272, 2.5983276999446403], [-72.99804018749182, 2.5983276999446403], [-72.99804018749182, 2.598868655209982], [-72.99785986907006, 2.598868655209982], [-72.99785986907006, 2.598958814420872], [-72.99776970985916, 2.598958814420872], [-72.99776970985916, 2.5990489736317626], [-72.99785986907006, 2.5990489736317626], [-72.99785986907006, 2.5994096104753237], [-72.99804018749182, 2.5994096104753237], [-72.99804018749182, 2.599589928897104], [-72.99822050591361, 2.599589928897104], [-72.99822050591361, 2.5997702473188844], [-72.99840082433539, 2.5997702473188844], [-72.99840082433539, 2.599950565740665], [-72.9983106651245, 2.599950565740665], [-72.9983106651245, 2.6001308841624455], [-72.99822050591361, 2.6001308841624455], [-72.99822050591361, 2.600311202584226], [-72.99840082433539, 2.600311202584226], [-72.99840082433539, 2.6007619986386774], [-72.99849098354628, 2.6007619986386774], [-72.99849098354628, 2.600852157849568], [-72.99858114275717, 2.600852157849568], [-72.99858114275717, 2.601032476271348], [-72.99876146117896, 2.601032476271348], [-72.99876146117896, 2.6012127946931285], [-72.99939257565518, 2.6012127946931285]]]}}, {"id": "62", "type": "Feature", "properties": {"time_step": null}, "geometry": {"type": "Polygon", "coordinates": [[[-72.95683742811498, 2.5984178591555307], [-72.95683742811498, 2.5982375407337504], [-72.95719806495855, 2.5982375407337504], [-72.95719806495855, 2.5980572223119696], [-72.95701774653676, 2.5980572223119696], [-72.95701774653676, 2.597696585468409], [-72.95683742811498, 2.597696585468409], [-72.95683742811498, 2.597516267046628], [-72.9566571096932, 2.597516267046628], [-72.9566571096932, 2.5973359486248477], [-72.95647679127143, 2.5973359486248477], [-72.95647679127143, 2.597516267046628], [-72.95638663206053, 2.597516267046628], [-72.95638663206053, 2.597696585468409], [-72.95647679127143, 2.597696585468409], [-72.95647679127143, 2.5980572223119696], [-72.95656695048231, 2.5980572223119696], [-72.95656695048231, 2.59814738152286], [-72.9566571096932, 2.59814738152286], [-72.9566571096932, 2.5982375407337504], [-72.95656695048231, 2.5982375407337504], [-72.95656695048231, 2.5984178591555307], [-72.95683742811498, 2.5984178591555307]]]}}, {"id": "63", "type": "Feature", "properties": {"time_step": null}, "geometry": {"type": "Polygon", "coordinates": [[[-72.93240428196373, 2.5982375407337504], [-72.93240428196373, 2.5980572223119696], [-72.93276491880728, 2.5980572223119696], [-72.93276491880728, 2.597876903890189], [-72.93294523722906, 2.597876903890189], [-72.93294523722906, 2.5972457894139573], [-72.93285507801818, 2.5972457894139573], [-72.93285507801818, 2.5971556302030674], [-72.93276491880728, 2.5971556302030674], [-72.93276491880728, 2.5969753117812866], [-72.93258460038551, 2.5969753117812866], [-72.93258460038551, 2.5967949933595063], [-72.93240428196373, 2.5967949933595063], [-72.93240428196373, 2.5966146749377255], [-72.93222396354194, 2.5966146749377255], [-72.93222396354194, 2.596434356515945], [-72.93186332669838, 2.596434356515945], [-72.93186332669838, 2.5966146749377255], [-72.93150268985482, 2.5966146749377255], [-72.93150268985482, 2.5967949933595063], [-72.93141253064393, 2.5967949933595063], [-72.93141253064393, 2.5982375407337504], [-72.93240428196373, 2.5982375407337504]]]}}, {"id": "64", "type": "Feature", "properties": {"time_step": null}, "geometry": {"type": "Polygon", "coordinates": [[[-73.00146623750565, 2.5972457894139573], [-73.00146623750565, 2.597065470992177], [-73.00164655592744, 2.597065470992177], [-73.00164655592744, 2.596885152570396], [-73.00182687434922, 2.596885152570396], [-73.00182687434922, 2.596704834148616], [-73.0019170335601, 2.596704834148616], [-73.0019170335601, 2.5965245157268355], [-73.002007192771, 2.5965245157268355], [-73.002007192771, 2.5961638788832744], [-73.00182687434922, 2.5961638788832744], [-73.00182687434922, 2.596073719672384], [-73.00164655592744, 2.596073719672384], [-73.00164655592744, 2.5961638788832744], [-73.00128591908388, 2.5961638788832744], [-73.00128591908388, 2.5965245157268355], [-73.0011056006621, 2.5965245157268355], [-73.0011056006621, 2.596704834148616], [-73.00092528224032, 2.596704834148616], [-73.00092528224032, 2.597065470992177], [-73.0010154414512, 2.597065470992177], [-73.0010154414512, 2.5971556302030674], [-73.0011056006621, 2.5971556302030674], [-73.0011056006621, 2.5972457894139573], [-73.00146623750565, 2.5972457894139573]]]}}, {"id": "65", "type": "Feature", "properties": {"time_step": null}, "geometry": {"type": "Polygon", "coordinates": [[[-73.00074496381853, 2.596704834148616], [-73.00074496381853, 2.5965245157268355], [-73.00092528224032, 2.5965245157268355], [-73.00092528224032, 2.5958032420397132], [-73.00083512302943, 2.5958032420397132], [-73.00083512302943, 2.5957130828288233], [-73.00074496381853, 2.5957130828288233], [-73.00074496381853, 2.595622923617933], [-73.00065480460765, 2.595622923617933], [-73.00065480460765, 2.5957130828288233], [-73.00056464539675, 2.5957130828288233], [-73.00056464539675, 2.5958032420397132], [-73.00038432697498, 2.5958032420397132], [-73.00038432697498, 2.5958934012506036], [-73.0002040085532, 2.5958934012506036], [-73.0002040085532, 2.5965245157268355], [-73.00038432697498, 2.5965245157268355], [-73.00038432697498, 2.596704834148616], [-73.00074496381853, 2.596704834148616]]]}}, {"id": "66", "type": "Feature", "properties": {"time_step": null}, "geometry": {"type": "Polygon", "coordinates": [[[-72.95683742811498, 2.5967949933595063], [-72.95683742811498, 2.596704834148616], [-72.95692758732588, 2.596704834148616], [-72.95692758732588, 2.5966146749377255], [-72.95683742811498, 2.5966146749377255], [-72.95683742811498, 2.596434356515945], [-72.95647679127143, 2.596434356515945], [-72.95647679127143, 2.596073719672384], [-72.9566571096932, 2.596073719672384], [-72.9566571096932, 2.5958934012506036], [-72.9575587018021, 2.5958934012506036], [-72.9575587018021, 2.5957130828288233], [-72.95737838338033, 2.5957130828288233], [-72.95737838338033, 2.5955327644070425], [-72.9567472689041, 2.5955327644070425], [-72.9567472689041, 2.595622923617933], [-72.95683742811498, 2.595622923617933], [-72.95683742811498, 2.5957130828288233], [-72.95602599521698, 2.5957130828288233], [-72.95602599521698, 2.5958934012506036], [-72.95593583600608, 2.5958934012506036], [-72.95593583600608, 2.596073719672384], [-72.95539488074074, 2.596073719672384], [-72.95539488074074, 2.5962540380941648], [-72.95521456231896, 2.5962540380941648], [-72.95521456231896, 2.596434356515945], [-72.95593583600608, 2.596434356515945], [-72.95593583600608, 2.5966146749377255], [-72.95620631363875, 2.5966146749377255], [-72.95620631363875, 2.5965245157268355], [-72.95647679127143, 2.5965245157268355], [-72.95647679127143, 2.5967949933595063], [-72.95656695048231, 2.5967949933595063], [-72.95656695048231, 2.596704834148616], [-72.9566571096932, 2.596704834148616], [-72.9566571096932, 2.5967949933595063], [-72.95683742811498, 2.5967949933595063]], [[-72.95620631363875, 2.5965245157268355], [-72.95611615442786, 2.5965245157268355], [-72.95611615442786, 2.596434356515945], [-72.95620631363875, 2.596434356515945], [-72.95620631363875, 2.5965245157268355]]]}}, {"id": "67", "type": "Feature", "properties": {"time_step": null}, "geometry": {"type": "Polygon", "coordinates": [[[-72.93565001355577, 2.596434356515945], [-72.93565001355577, 2.5962540380941648], [-72.93583033197756, 2.5962540380941648], [-72.93583033197756, 2.596073719672384], [-72.93592049118844, 2.596073719672384], [-72.93592049118844, 2.5958934012506036], [-72.93601065039934, 2.5958934012506036], [-72.93601065039934, 2.5955327644070425], [-72.93583033197756, 2.5955327644070425], [-72.93583033197756, 2.595352445985262], [-72.93546969513399, 2.595352445985262], [-72.93546969513399, 2.5954426051961526], [-72.9352893767122, 2.5954426051961526], [-72.9352893767122, 2.5957130828288233], [-72.93519921750132, 2.5957130828288233], [-72.93519921750132, 2.596073719672384], [-72.9352893767122, 2.596073719672384], [-72.9352893767122, 2.5962540380941648], [-72.9353795359231, 2.5962540380941648], [-72.9353795359231, 2.5963441973050547], [-72.93546969513399, 2.5963441973050547], [-72.93546969513399, 2.596434356515945], [-72.93565001355577, 2.596434356515945]]]}}, {"id": "68", "type": "Feature", "properties": {"time_step": null}, "geometry": {"type": "Polygon", "coordinates": [[[-73.01093295464914, 2.600852157849568], [-73.01093295464914, 2.600671839427787], [-73.01111327307092, 2.600671839427787], [-73.01111327307092, 2.6004915210060067], [-73.0112034322818, 2.6004915210060067], [-73.0112034322818, 2.6004013617951163], [-73.0112935914927, 2.6004013617951163], [-73.0112935914927, 2.599950565740665], [-73.01093295464914, 2.599950565740665], [-73.01093295464914, 2.599589928897104], [-73.01075263622735, 2.599589928897104], [-73.01075263622735, 2.599229292053543], [-73.01093295464914, 2.599229292053543], [-73.01093295464914, 2.5994096104753237], [-73.01111327307092, 2.5994096104753237], [-73.01111327307092, 2.599589928897104], [-73.01147390991447, 2.599589928897104], [-73.01147390991447, 2.598868655209982], [-73.0112935914927, 2.598868655209982], [-73.0112935914927, 2.5986883367882014], [-73.01111327307092, 2.5986883367882014], [-73.01111327307092, 2.598508018366421], [-73.01093295464914, 2.598508018366421], [-73.01093295464914, 2.5983276999446403], [-73.01084279543825, 2.5983276999446403], [-73.01084279543825, 2.5982375407337504], [-73.01075263622735, 2.5982375407337504], [-73.01075263622735, 2.59814738152286], [-73.01111327307092, 2.59814738152286], [-73.01111327307092, 2.5979670631010796], [-73.0112935914927, 2.5979670631010796], [-73.0112935914927, 2.597876903890189], [-73.01138375070359, 2.597876903890189], [-73.01138375070359, 2.597786744679299], [-73.01147390991447, 2.597786744679299], [-73.01147390991447, 2.5976064262575185], [-73.01165422833625, 2.5976064262575185], [-73.01165422833625, 2.597426107835738], [-73.01147390991447, 2.597426107835738], [-73.01147390991447, 2.597065470992177], [-73.01156406912537, 2.597065470992177], [-73.01156406912537, 2.596885152570396], [-73.01147390991447, 2.596885152570396], [-73.01147390991447, 2.596704834148616], [-73.01021168096202, 2.596704834148616], [-73.01021168096202, 2.5965245157268355], [-73.01012152175112, 2.5965245157268355], [-73.01012152175112, 2.5966146749377255], [-73.01003136254023, 2.5966146749377255], [-73.01003136254023, 2.5958032420397132], [-73.00976088490756, 2.5958032420397132], [-73.00976088490756, 2.5957130828288233], [-73.00967072569667, 2.5957130828288233], [-73.00967072569667, 2.595622923617933], [-73.00958056648578, 2.595622923617933], [-73.00958056648578, 2.5957130828288233], [-73.009400248064, 2.5957130828288233], [-73.009400248064, 2.5958032420397132], [-73.00931008885311, 2.5958032420397132], [-73.00931008885311, 2.5952622867743718], [-73.00894945200955, 2.5952622867743718], [-73.00894945200955, 2.5954426051961526], [-73.00885929279866, 2.5954426051961526], [-73.00885929279866, 2.5958032420397132], [-73.00894945200955, 2.5958032420397132], [-73.00894945200955, 2.595983560461494], [-73.00912977043133, 2.595983560461494], [-73.00912977043133, 2.5961638788832744], [-73.00921992964221, 2.5961638788832744], [-73.00921992964221, 2.5963441973050547], [-73.00931008885311, 2.5963441973050547], [-73.00931008885311, 2.596434356515945], [-73.009400248064, 2.596434356515945], [-73.009400248064, 2.5965245157268355], [-73.00967072569667, 2.5965245157268355], [-73.00967072569667, 2.596704834148616], [-73.00985104411845, 2.596704834148616], [-73.00985104411845, 2.597065470992177], [-73.00967072569667, 2.597065470992177], [-73.00967072569667, 2.597426107835738], [-73.00976088490756, 2.597426107835738], [-73.00976088490756, 2.5973359486248477], [-73.00985104411845, 2.5973359486248477], [-73.00985104411845, 2.597426107835738], [-73.01003136254023, 2.597426107835738], [-73.01003136254023, 2.5976064262575185], [-73.00967072569667, 2.5976064262575185], [-73.00967072569667, 2.597786744679299], [-73.00931008885311, 2.597786744679299], [-73.00931008885311, 2.5979670631010796], [-73.00912977043133, 2.5979670631010796], [-73.00912977043133, 2.59814738152286], [-73.00931008885311, 2.59814738152286], [-73.00931008885311, 2.5983276999446403], [-73.0094904072749, 2.5983276999446403], [-73.0094904072749, 2.598508018366421], [-73.00958056648578, 2.598508018366421], [-73.00958056648578, 2.598598177577311], [-73.0094904072749, 2.598598177577311], [-73.0094904072749, 2.5986883367882014], [-73.00912977043133, 2.5986883367882014], [-73.00912977043133, 2.598868655209982], [-73.00894945200955, 2.598868655209982], [-73.00894945200955, 2.599229292053543], [-73.00885929279866, 2.599229292053543], [-73.00885929279866, 2.5994096104753237], [-73.00894945200955, 2.5994096104753237], [-73.00894945200955, 2.599589928897104], [-73.00912977043133, 2.599589928897104], [-73.00912977043133, 2.5997702473188844], [-73.00931008885311, 2.5997702473188844], [-73.00931008885311, 2.599950565740665], [-73.0094904072749, 2.599950565740665], [-73.0094904072749, 2.6001308841624455], [-73.00967072569667, 2.6001308841624455], [-73.00967072569667, 2.600311202584226], [-73.01003136254023, 2.600311202584226], [-73.01003136254023, 2.6004915210060067], [-73.01021168096202, 2.6004915210060067], [-73.01021168096202, 2.6005816802168966], [-73.0103018401729, 2.6005816802168966], [-73.0103018401729, 2.600671839427787], [-73.01057231780557, 2.600671839427787], [-73.01057231780557, 2.600852157849568], [-73.01093295464914, 2.600852157849568]], [[-73.01075263622735, 2.599229292053543], [-73.01057231780557, 2.599229292053543], [-73.01057231780557, 2.5990489736317626], [-73.01075263622735, 2.5990489736317626], [-73.01075263622735, 2.599229292053543]], [[-73.01057231780557, 2.5990489736317626], [-73.0103919993838, 2.5990489736317626], [-73.0103919993838, 2.598868655209982], [-73.01057231780557, 2.598868655209982], [-73.01057231780557, 2.5990489736317626]], [[-73.00985104411845, 2.598868655209982], [-73.00958056648578, 2.598868655209982], [-73.00958056648578, 2.598778495999092], [-73.0094904072749, 2.598778495999092], [-73.0094904072749, 2.5986883367882014], [-73.00985104411845, 2.5986883367882014], [-73.00985104411845, 2.598868655209982]], [[-73.01021168096202, 2.597786744679299], [-73.01003136254023, 2.597786744679299], [-73.01003136254023, 2.5976064262575185], [-73.01021168096202, 2.5976064262575185], [-73.01021168096202, 2.597786744679299]]]}}, {"id": "69", "type": "Feature", "properties": {"time_step": null}, "geometry": {"type": "Polygon", "coordinates": [[[-72.94223163595076, 2.597876903890189], [-72.94223163595076, 2.5976064262575185], [-72.94205131752898, 2.5976064262575185], [-72.94205131752898, 2.597516267046628], [-72.94241195437255, 2.597516267046628], [-72.94241195437255, 2.5971556302030674], [-72.94259227279433, 2.5971556302030674], [-72.94259227279433, 2.5966146749377255], [-72.94241195437255, 2.5966146749377255], [-72.94241195437255, 2.5957130828288233], [-72.94169068068543, 2.5957130828288233], [-72.94169068068543, 2.5955327644070425], [-72.94151036226364, 2.5955327644070425], [-72.94151036226364, 2.5952622867743718], [-72.94142020305274, 2.5952622867743718], [-72.94142020305274, 2.5951721275634814], [-72.94114972542008, 2.5951721275634814], [-72.94114972542008, 2.595352445985262], [-72.94096940699829, 2.595352445985262], [-72.94096940699829, 2.5958934012506036], [-72.94105956620919, 2.5958934012506036], [-72.94105956620919, 2.5958032420397132], [-72.94114972542008, 2.5958032420397132], [-72.94114972542008, 2.5958934012506036], [-72.94133004384186, 2.5958934012506036], [-72.94133004384186, 2.596073719672384], [-72.94142020305274, 2.596073719672384], [-72.94142020305274, 2.5961638788832744], [-72.94151036226364, 2.5961638788832744], [-72.94151036226364, 2.5962540380941648], [-72.94169068068543, 2.5962540380941648], [-72.94169068068543, 2.596434356515945], [-72.94178083989631, 2.596434356515945], [-72.94178083989631, 2.5966146749377255], [-72.94142020305274, 2.5966146749377255], [-72.94142020305274, 2.5965245157268355], [-72.94133004384186, 2.5965245157268355], [-72.94133004384186, 2.5966146749377255], [-72.94114972542008, 2.5966146749377255], [-72.94114972542008, 2.5967949933595063], [-72.94096940699829, 2.5967949933595063], [-72.94096940699829, 2.5973359486248477], [-72.94114972542008, 2.5973359486248477], [-72.94114972542008, 2.597516267046628], [-72.94151036226364, 2.597516267046628], [-72.94151036226364, 2.597696585468409], [-72.94169068068543, 2.597696585468409], [-72.94169068068543, 2.597876903890189], [-72.94223163595076, 2.597876903890189]]]}}, {"id": "70", "type": "Feature", "properties": {"time_step": null}, "geometry": {"type": "Polygon", "coordinates": [[[-73.00624467568284, 2.596704834148616], [-73.00624467568284, 2.5965245157268355], [-73.00678563094819, 2.5965245157268355], [-73.00678563094819, 2.5963441973050547], [-73.00822817832243, 2.5963441973050547], [-73.00822817832243, 2.595983560461494], [-73.00786754147887, 2.595983560461494], [-73.00786754147887, 2.5958032420397132], [-73.00768722305709, 2.5958032420397132], [-73.00768722305709, 2.5957130828288233], [-73.0075069046353, 2.5957130828288233], [-73.0075069046353, 2.5958032420397132], [-73.00732658621352, 2.5958032420397132], [-73.00732658621352, 2.5958934012506036], [-73.00714626779174, 2.5958934012506036], [-73.00714626779174, 2.595983560461494], [-73.00678563094819, 2.595983560461494], [-73.00678563094819, 2.5958032420397132], [-73.00651515331552, 2.5958032420397132], [-73.00651515331552, 2.595622923617933], [-73.00642499410462, 2.595622923617933], [-73.00642499410462, 2.5954426051961526], [-73.00615451647195, 2.5954426051961526], [-73.00615451647195, 2.595352445985262], [-73.00606435726107, 2.595352445985262], [-73.00606435726107, 2.5952622867743718], [-73.00588403883928, 2.5952622867743718], [-73.00588403883928, 2.5950819683525914], [-73.00453165067593, 2.5950819683525914], [-73.00453165067593, 2.5951721275634814], [-73.00444149146503, 2.5951721275634814], [-73.00444149146503, 2.5952622867743718], [-73.00426117304326, 2.5952622867743718], [-73.00426117304326, 2.5958032420397132], [-73.00444149146503, 2.5958032420397132], [-73.00444149146503, 2.595983560461494], [-73.00462180988681, 2.595983560461494], [-73.00462180988681, 2.5961638788832744], [-73.00516276515216, 2.5961638788832744], [-73.00516276515216, 2.5963441973050547], [-73.00534308357393, 2.5963441973050547], [-73.00534308357393, 2.5965245157268355], [-73.0057037204175, 2.5965245157268355], [-73.0057037204175, 2.596704834148616], [-73.00624467568284, 2.596704834148616]]]}}, {"id": "71", "type": "Feature", "properties": {"time_step": null}, "geometry": {"type": "Polygon", "coordinates": [[[-72.96350920972087, 2.5957130828288233], [-72.96350920972087, 2.5955327644070425], [-72.96368952814264, 2.5955327644070425], [-72.96368952814264, 2.595352445985262], [-72.96386984656442, 2.595352445985262], [-72.96386984656442, 2.594991809141701], [-72.96368952814264, 2.594991809141701], [-72.96368952814264, 2.5949016499308106], [-72.96359936893175, 2.5949016499308106], [-72.96359936893175, 2.594991809141701], [-72.96350920972087, 2.594991809141701], [-72.96350920972087, 2.5949016499308106], [-72.96341905050997, 2.5949016499308106], [-72.96341905050997, 2.5948114907199207], [-72.96332889129908, 2.5948114907199207], [-72.96332889129908, 2.594991809141701], [-72.9631485728773, 2.594991809141701], [-72.9631485728773, 2.5950819683525914], [-72.96296825445552, 2.5950819683525914], [-72.96296825445552, 2.595352445985262], [-72.9631485728773, 2.595352445985262], [-72.9631485728773, 2.5955327644070425], [-72.96332889129908, 2.5955327644070425], [-72.96332889129908, 2.5957130828288233], [-72.96350920972087, 2.5957130828288233]]]}}, {"id": "72", "type": "Feature", "properties": {"time_step": null}, "geometry": {"type": "Polygon", "coordinates": [[[-72.95972252286347, 2.5957130828288233], [-72.95972252286347, 2.5955327644070425], [-72.95990284128526, 2.5955327644070425], [-72.95990284128526, 2.595352445985262], [-72.95981268207436, 2.595352445985262], [-72.95981268207436, 2.5952622867743718], [-72.95990284128526, 2.5952622867743718], [-72.95990284128526, 2.5951721275634814], [-72.95981268207436, 2.5951721275634814], [-72.95981268207436, 2.594991809141701], [-72.95972252286347, 2.594991809141701], [-72.95972252286347, 2.5948114907199207], [-72.9593618860199, 2.5948114907199207], [-72.9593618860199, 2.594991809141701], [-72.95873077154369, 2.594991809141701], [-72.95873077154369, 2.5951721275634814], [-72.95809965706745, 2.5951721275634814], [-72.95809965706745, 2.595352445985262], [-72.95818981627833, 2.595352445985262], [-72.95818981627833, 2.5954426051961526], [-72.95827997548923, 2.5954426051961526], [-72.95827997548923, 2.5955327644070425], [-72.95900124917635, 2.5955327644070425], [-72.95900124917635, 2.5957130828288233], [-72.95972252286347, 2.5957130828288233]]]}}, {"id": "73", "type": "Feature", "properties": {"time_step": null}, "geometry": {"type": "Polygon", "coordinates": [[[-72.94322338727055, 2.5984178591555307], [-72.94322338727055, 2.5982375407337504], [-72.94331354648145, 2.5982375407337504], [-72.94331354648145, 2.5980572223119696], [-72.94358402411412, 2.5980572223119696], [-72.94358402411412, 2.5979670631010796], [-72.943674183325, 2.5979670631010796], [-72.943674183325, 2.597696585468409], [-72.94385450174678, 2.597696585468409], [-72.94385450174678, 2.597516267046628], [-72.94394466095768, 2.597516267046628], [-72.94394466095768, 2.5973359486248477], [-72.94403482016857, 2.5973359486248477], [-72.94403482016857, 2.5969753117812866], [-72.94421513859035, 2.5969753117812866], [-72.94421513859035, 2.596434356515945], [-72.94439545701212, 2.596434356515945], [-72.94439545701212, 2.5966146749377255], [-72.94448561622302, 2.5966146749377255], [-72.94448561622302, 2.5965245157268355], [-72.9445757754339, 2.5965245157268355], [-72.9445757754339, 2.5962540380941648], [-72.94475609385569, 2.5962540380941648], [-72.94475609385569, 2.596073719672384], [-72.94493641227747, 2.596073719672384], [-72.94493641227747, 2.595983560461494], [-72.94511673069925, 2.595983560461494], [-72.94511673069925, 2.5958934012506036], [-72.94547736754281, 2.5958934012506036], [-72.94547736754281, 2.596073719672384], [-72.94565768596459, 2.596073719672384], [-72.94565768596459, 2.5962540380941648], [-72.94583800438637, 2.5962540380941648], [-72.94583800438637, 2.596434356515945], [-72.94637895965171, 2.596434356515945], [-72.94637895965171, 2.5961638788832744], [-72.94628880044083, 2.5961638788832744], [-72.94628880044083, 2.596073719672384], [-72.94619864122993, 2.596073719672384], [-72.94619864122993, 2.5958934012506036], [-72.94601832280816, 2.5958934012506036], [-72.94601832280816, 2.5955327644070425], [-72.94583800438637, 2.5955327644070425], [-72.94583800438637, 2.5951721275634814], [-72.94565768596459, 2.5951721275634814], [-72.94565768596459, 2.594991809141701], [-72.94547736754281, 2.594991809141701], [-72.94547736754281, 2.5951721275634814], [-72.94493641227747, 2.5951721275634814], [-72.94493641227747, 2.594991809141701], [-72.94475609385569, 2.594991809141701], [-72.94475609385569, 2.5948114907199207], [-72.9445757754339, 2.5948114907199207], [-72.9445757754339, 2.5947213315090303], [-72.94448561622302, 2.5947213315090303], [-72.94448561622302, 2.59463117229814], [-72.94403482016857, 2.59463117229814], [-72.94403482016857, 2.5948114907199207], [-72.94385450174678, 2.5948114907199207], [-72.94385450174678, 2.594991809141701], [-72.943674183325, 2.594991809141701], [-72.943674183325, 2.5951721275634814], [-72.94349386490323, 2.5951721275634814], [-72.94349386490323, 2.595352445985262], [-72.94313322805966, 2.595352445985262], [-72.94313322805966, 2.5954426051961526], [-72.94295290963788, 2.5954426051961526], [-72.94295290963788, 2.5955327644070425], [-72.9427725912161, 2.5955327644070425], [-72.9427725912161, 2.5957130828288233], [-72.942862750427, 2.5957130828288233], [-72.942862750427, 2.5958934012506036], [-72.94295290963788, 2.5958934012506036], [-72.94295290963788, 2.596434356515945], [-72.94313322805966, 2.596434356515945], [-72.94313322805966, 2.5967949933595063], [-72.94331354648145, 2.5967949933595063], [-72.94331354648145, 2.5971556302030674], [-72.94295290963788, 2.5971556302030674], [-72.94295290963788, 2.5973359486248477], [-72.942862750427, 2.5973359486248477], [-72.942862750427, 2.597516267046628], [-72.9427725912161, 2.597516267046628], [-72.9427725912161, 2.59814738152286], [-72.942862750427, 2.59814738152286], [-72.942862750427, 2.5980572223119696], [-72.94295290963788, 2.5980572223119696], [-72.94295290963788, 2.5984178591555307], [-72.94322338727055, 2.5984178591555307]], [[-72.94430529780124, 2.5962540380941648], [-72.94421513859035, 2.5962540380941648], [-72.94421513859035, 2.5958934012506036], [-72.94439545701212, 2.5958934012506036], [-72.94439545701212, 2.596073719672384], [-72.94430529780124, 2.596073719672384], [-72.94430529780124, 2.5962540380941648]]]}}, {"id": "74", "type": "Feature", "properties": {"time_step": null}, "geometry": {"type": "Polygon", "coordinates": [[[-72.96531239393866, 2.5955327644070425], [-72.96531239393866, 2.5954426051961526], [-72.96540255314956, 2.5954426051961526], [-72.96540255314956, 2.595352445985262], [-72.96549271236044, 2.595352445985262], [-72.96549271236044, 2.594991809141701], [-72.96567303078223, 2.594991809141701], [-72.96567303078223, 2.59463117229814], [-72.96576318999311, 2.59463117229814], [-72.96576318999311, 2.59454101308725], [-72.96585334920401, 2.59454101308725], [-72.96585334920401, 2.5944508538763595], [-72.96567303078223, 2.5944508538763595], [-72.96567303078223, 2.594270535454579], [-72.96549271236044, 2.594270535454579], [-72.96549271236044, 2.5944508538763595], [-72.96531239393866, 2.5944508538763595], [-72.96531239393866, 2.59463117229814], [-72.96513207551689, 2.59463117229814], [-72.96513207551689, 2.594991809141701], [-72.96522223472778, 2.594991809141701], [-72.96522223472778, 2.5951721275634814], [-72.96513207551689, 2.5951721275634814], [-72.96513207551689, 2.5952622867743718], [-72.96522223472778, 2.5952622867743718], [-72.96522223472778, 2.5955327644070425], [-72.96531239393866, 2.5955327644070425]]]}}, {"id": "75", "type": "Feature", "properties": {"time_step": null}, "geometry": {"type": "Polygon", "coordinates": [[[-73.00714626779174, 2.5958032420397132], [-73.00714626779174, 2.595622923617933], [-73.00732658621352, 2.595622923617933], [-73.00732658621352, 2.5954426051961526], [-73.00768722305709, 2.5954426051961526], [-73.00768722305709, 2.5952622867743718], [-73.00777738226797, 2.5952622867743718], [-73.00777738226797, 2.5950819683525914], [-73.00786754147887, 2.5950819683525914], [-73.00786754147887, 2.594360694665469], [-73.00768722305709, 2.594360694665469], [-73.00768722305709, 2.5940902170327984], [-73.0075069046353, 2.5940902170327984], [-73.0075069046353, 2.594180376243689], [-73.00732658621352, 2.594180376243689], [-73.00732658621352, 2.594360694665469], [-73.00714626779174, 2.594360694665469], [-73.00714626779174, 2.5944508538763595], [-73.00696594936997, 2.5944508538763595], [-73.00696594936997, 2.59454101308725], [-73.00687579015907, 2.59454101308725], [-73.00687579015907, 2.59463117229814], [-73.00678563094819, 2.59463117229814], [-73.00678563094819, 2.59454101308725], [-73.0066053125264, 2.59454101308725], [-73.0066053125264, 2.594360694665469], [-73.00642499410462, 2.594360694665469], [-73.00642499410462, 2.5944508538763595], [-73.00633483489374, 2.5944508538763595], [-73.00633483489374, 2.59454101308725], [-73.00624467568284, 2.59454101308725], [-73.00624467568284, 2.5947213315090303], [-73.00597419805017, 2.5947213315090303], [-73.00597419805017, 2.5949016499308106], [-73.00606435726107, 2.5949016499308106], [-73.00606435726107, 2.5950819683525914], [-73.00624467568284, 2.5950819683525914], [-73.00624467568284, 2.5952622867743718], [-73.00642499410462, 2.5952622867743718], [-73.00642499410462, 2.5954426051961526], [-73.00651515331552, 2.5954426051961526], [-73.00651515331552, 2.5955327644070425], [-73.0066053125264, 2.5955327644070425], [-73.0066053125264, 2.595622923617933], [-73.00678563094819, 2.595622923617933], [-73.00678563094819, 2.5958032420397132], [-73.00714626779174, 2.5958032420397132]], [[-73.0066053125264, 2.5950819683525914], [-73.00642499410462, 2.5950819683525914], [-73.00642499410462, 2.594991809141701], [-73.0066053125264, 2.594991809141701], [-73.0066053125264, 2.5950819683525914]]]}}, {"id": "76", "type": "Feature", "properties": {"time_step": null}, "geometry": {"type": "Polygon", "coordinates": [[[-73.02112094547974, 2.597786744679299], [-73.02112094547974, 2.597696585468409], [-73.02121110469062, 2.597696585468409], [-73.02121110469062, 2.5976064262575185], [-73.02130126390152, 2.5976064262575185], [-73.02130126390152, 2.594180376243689], [-73.02121110469062, 2.594180376243689], [-73.02121110469062, 2.5940000578219085], [-73.0204898310035, 2.5940000578219085], [-73.0204898310035, 2.594180376243689], [-73.02030951258172, 2.594180376243689], [-73.02030951258172, 2.5947213315090303], [-73.02021935337083, 2.5947213315090303], [-73.02021935337083, 2.5948114907199207], [-73.02012919415994, 2.5948114907199207], [-73.02012919415994, 2.5954426051961526], [-73.01994887573817, 2.5954426051961526], [-73.01994887573817, 2.595983560461494], [-73.01985871652727, 2.595983560461494], [-73.01985871652727, 2.5961638788832744], [-73.01976855731638, 2.5961638788832744], [-73.01976855731638, 2.596704834148616], [-73.0195882388946, 2.596704834148616], [-73.0195882388946, 2.597065470992177], [-73.01976855731638, 2.597065470992177], [-73.01976855731638, 2.5972457894139573], [-73.02012919415994, 2.5972457894139573], [-73.02012919415994, 2.597426107835738], [-73.02067014942529, 2.597426107835738], [-73.02067014942529, 2.5976064262575185], [-73.02085046784707, 2.5976064262575185], [-73.02085046784707, 2.597786744679299], [-73.02112094547974, 2.597786744679299]]]}}, {"id": "77", "type": "Feature", "properties": {"time_step": null}, "geometry": {"type": "Polygon", "coordinates": [[[-73.01778505467679, 2.5947213315090303], [-73.01778505467679, 2.59454101308725], [-73.01796537309858, 2.59454101308725], [-73.01796537309858, 2.5940000578219085], [-73.01742441783324, 2.5940000578219085], [-73.01742441783324, 2.5940902170327984], [-73.01724409941146, 2.5940902170327984], [-73.01724409941146, 2.594180376243689], [-73.01706378098967, 2.594180376243689], [-73.01706378098967, 2.59454101308725], [-73.01724409941146, 2.59454101308725], [-73.01724409941146, 2.5947213315090303], [-73.01778505467679, 2.5947213315090303]]]}}, {"id": "78", "type": "Feature", "properties": {"time_step": null}, "geometry": {"type": "Polygon", "coordinates": [[[-72.96982035448318, 2.598598177577311], [-72.96982035448318, 2.598508018366421], [-72.96991051369407, 2.598508018366421], [-72.96991051369407, 2.5980572223119696], [-72.97009083211584, 2.5980572223119696], [-72.97009083211584, 2.597876903890189], [-72.9706317873812, 2.597876903890189], [-72.9706317873812, 2.5958032420397132], [-72.97072194659208, 2.5958032420397132], [-72.97072194659208, 2.594991809141701], [-72.9705416281703, 2.594991809141701], [-72.9705416281703, 2.5940000578219085], [-72.97036130974853, 2.5940000578219085], [-72.97036130974853, 2.593909898611018], [-72.97000067290496, 2.593909898611018], [-72.97000067290496, 2.5937295801892377], [-72.96945971763962, 2.5937295801892377], [-72.96945971763962, 2.593909898611018], [-72.96927939921784, 2.593909898611018], [-72.96927939921784, 2.5940902170327984], [-72.96909908079606, 2.5940902170327984], [-72.96909908079606, 2.594270535454579], [-72.96891876237427, 2.594270535454579], [-72.96891876237427, 2.5944508538763595], [-72.9687384439525, 2.5944508538763595], [-72.9687384439525, 2.59463117229814], [-72.9686482847416, 2.59463117229814], [-72.9686482847416, 2.5948114907199207], [-72.96855812553072, 2.5948114907199207], [-72.96855812553072, 2.595352445985262], [-72.96837780710894, 2.595352445985262], [-72.96837780710894, 2.5955327644070425], [-72.96855812553072, 2.5955327644070425], [-72.96855812553072, 2.5958934012506036], [-72.96837780710894, 2.5958934012506036], [-72.96837780710894, 2.596073719672384], [-72.96801717026537, 2.596073719672384], [-72.96801717026537, 2.5958934012506036], [-72.9677466926327, 2.5958934012506036], [-72.9677466926327, 2.5958032420397132], [-72.96765653342182, 2.5958032420397132], [-72.96765653342182, 2.596073719672384], [-72.96747621500003, 2.596073719672384], [-72.96747621500003, 2.5962540380941648], [-72.96729589657825, 2.5962540380941648], [-72.96729589657825, 2.5967949933595063], [-72.96765653342182, 2.5967949933595063], [-72.96765653342182, 2.5971556302030674], [-72.96747621500003, 2.5971556302030674], [-72.96747621500003, 2.597426107835738], [-72.96738605578915, 2.597426107835738], [-72.96738605578915, 2.597516267046628], [-72.96729589657825, 2.597516267046628], [-72.96729589657825, 2.597696585468409], [-72.96765653342182, 2.597696585468409], [-72.96765653342182, 2.597876903890189], [-72.96801717026537, 2.597876903890189], [-72.96801717026537, 2.597696585468409], [-72.96819748868715, 2.597696585468409], [-72.96819748868715, 2.5967949933595063], [-72.96855812553072, 2.5967949933595063], [-72.96855812553072, 2.5966146749377255], [-72.9687384439525, 2.5966146749377255], [-72.9687384439525, 2.596434356515945], [-72.96909908079606, 2.596434356515945], [-72.96909908079606, 2.5969753117812866], [-72.96900892158517, 2.5969753117812866], [-72.96900892158517, 2.597065470992177], [-72.96891876237427, 2.597065470992177], [-72.96891876237427, 2.5973359486248477], [-72.9687384439525, 2.5973359486248477], [-72.9687384439525, 2.597876903890189], [-72.96891876237427, 2.597876903890189], [-72.96891876237427, 2.5984178591555307], [-72.96909908079606, 2.5984178591555307], [-72.96909908079606, 2.598598177577311], [-72.96982035448318, 2.598598177577311]]]}}, {"id": "79", "type": "Feature", "properties": {"time_step": null}, "geometry": {"type": "Polygon", "coordinates": [[[-72.9539523333665, 2.5967949933595063], [-72.9539523333665, 2.5957130828288233], [-72.95449328863184, 2.5957130828288233], [-72.95449328863184, 2.5955327644070425], [-72.95494408468629, 2.5955327644070425], [-72.95494408468629, 2.5954426051961526], [-72.95503424389717, 2.5954426051961526], [-72.95503424389717, 2.595352445985262], [-72.95512440310807, 2.595352445985262], [-72.95512440310807, 2.5954426051961526], [-72.95521456231896, 2.5954426051961526], [-72.95521456231896, 2.595352445985262], [-72.9557555175843, 2.595352445985262], [-72.9557555175843, 2.5954426051961526], [-72.95584567679519, 2.5954426051961526], [-72.95584567679519, 2.595352445985262], [-72.95593583600608, 2.595352445985262], [-72.95593583600608, 2.5947213315090303], [-72.95602599521698, 2.5947213315090303], [-72.95602599521698, 2.59463117229814], [-72.95611615442786, 2.59463117229814], [-72.95611615442786, 2.594270535454579], [-72.95602599521698, 2.594270535454579], [-72.95602599521698, 2.594180376243689], [-72.95593583600608, 2.594180376243689], [-72.95593583600608, 2.593909898611018], [-72.9557555175843, 2.593909898611018], [-72.9557555175843, 2.5938197394001277], [-72.95557519916252, 2.5938197394001277], [-72.95557519916252, 2.5937295801892377], [-72.95503424389717, 2.5937295801892377], [-72.95503424389717, 2.5940902170327984], [-72.95512440310807, 2.5940902170327984], [-72.95512440310807, 2.594270535454579], [-72.95485392547539, 2.594270535454579], [-72.95485392547539, 2.5944508538763595], [-72.95467360705362, 2.5944508538763595], [-72.95467360705362, 2.59463117229814], [-72.95458344784272, 2.59463117229814], [-72.95458344784272, 2.5947213315090303], [-72.95485392547539, 2.5947213315090303], [-72.95485392547539, 2.5948114907199207], [-72.95449328863184, 2.5948114907199207], [-72.95449328863184, 2.5950819683525914], [-72.95440312942094, 2.5950819683525914], [-72.95440312942094, 2.5948114907199207], [-72.9539523333665, 2.5948114907199207], [-72.9539523333665, 2.5947213315090303], [-72.95377201494472, 2.5947213315090303], [-72.95377201494472, 2.5948114907199207], [-72.95359169652293, 2.5948114907199207], [-72.95359169652293, 2.5950819683525914], [-72.95350153731205, 2.5950819683525914], [-72.95350153731205, 2.5951721275634814], [-72.95341137810115, 2.5951721275634814], [-72.95341137810115, 2.5952622867743718], [-72.95332121889027, 2.5952622867743718], [-72.95332121889027, 2.5951721275634814], [-72.95323105967937, 2.5951721275634814], [-72.95323105967937, 2.595352445985262], [-72.95287042283582, 2.595352445985262], [-72.95287042283582, 2.5957130828288233], [-72.95269010441403, 2.5957130828288233], [-72.95269010441403, 2.596073719672384], [-72.95250978599225, 2.596073719672384], [-72.95250978599225, 2.5962540380941648], [-72.95241962678136, 2.5962540380941648], [-72.95241962678136, 2.5961638788832744], [-72.95232946757046, 2.5961638788832744], [-72.95232946757046, 2.596434356515945], [-72.95241962678136, 2.596434356515945], [-72.95241962678136, 2.5963441973050547], [-72.95250978599225, 2.5963441973050547], [-72.95250978599225, 2.596434356515945], [-72.95269010441403, 2.596434356515945], [-72.95269010441403, 2.5966146749377255], [-72.95341137810115, 2.5966146749377255], [-72.95341137810115, 2.596704834148616], [-72.95359169652293, 2.596704834148616], [-72.95359169652293, 2.5966146749377255], [-72.95377201494472, 2.5966146749377255], [-72.95377201494472, 2.5967949933595063], [-72.9539523333665, 2.5967949933595063]], [[-72.95485392547539, 2.5954426051961526], [-72.95467360705362, 2.5954426051961526], [-72.95467360705362, 2.595352445985262], [-72.9547637662645, 2.595352445985262], [-72.9547637662645, 2.5952622867743718], [-72.95467360705362, 2.5952622867743718], [-72.95467360705362, 2.5951721275634814], [-72.95485392547539, 2.5951721275634814], [-72.95485392547539, 2.5954426051961526]], [[-72.95503424389717, 2.594991809141701], [-72.95494408468629, 2.594991809141701], [-72.95494408468629, 2.5949016499308106], [-72.95503424389717, 2.5949016499308106], [-72.95503424389717, 2.594991809141701]], [[-72.95494408468629, 2.5949016499308106], [-72.95485392547539, 2.5949016499308106], [-72.95485392547539, 2.5948114907199207], [-72.95494408468629, 2.5948114907199207], [-72.95494408468629, 2.5949016499308106]]]}}, {"id": "80", "type": "Feature", "properties": {"time_step": null}, "geometry": {"type": "Polygon", "coordinates": [[[-72.9427725912161, 2.5948114907199207], [-72.9427725912161, 2.59463117229814], [-72.94295290963788, 2.59463117229814], [-72.94295290963788, 2.5940902170327984], [-72.94313322805966, 2.5940902170327984], [-72.94313322805966, 2.5940000578219085], [-72.94322338727055, 2.5940000578219085], [-72.94322338727055, 2.593909898611018], [-72.94331354648145, 2.593909898611018], [-72.94331354648145, 2.5940902170327984], [-72.94349386490323, 2.5940902170327984], [-72.94349386490323, 2.594270535454579], [-72.94385450174678, 2.594270535454579], [-72.94385450174678, 2.5940000578219085], [-72.94403482016857, 2.5940000578219085], [-72.94403482016857, 2.593549261767457], [-72.94385450174678, 2.593549261767457], [-72.94385450174678, 2.593909898611018], [-72.9437643425359, 2.593909898611018], [-72.9437643425359, 2.5937295801892377], [-72.94331354648145, 2.5937295801892377], [-72.94331354648145, 2.593549261767457], [-72.94313322805966, 2.593549261767457], [-72.94313322805966, 2.5936394209783473], [-72.94304306884878, 2.5936394209783473], [-72.94304306884878, 2.5937295801892377], [-72.9427725912161, 2.5937295801892377], [-72.9427725912161, 2.5940902170327984], [-72.94259227279433, 2.5940902170327984], [-72.94259227279433, 2.594270535454579], [-72.94241195437255, 2.594270535454579], [-72.94241195437255, 2.5948114907199207], [-72.9427725912161, 2.5948114907199207]]]}}, {"id": "81", "type": "Feature", "properties": {"time_step": null}, "geometry": {"type": "Polygon", "coordinates": [[[-72.95701774653676, 2.5937295801892377], [-72.95701774653676, 2.593188624923896], [-72.95683742811498, 2.593188624923896], [-72.95683742811498, 2.5930083065021154], [-72.95638663206053, 2.5930083065021154], [-72.95638663206053, 2.593098465713006], [-72.95629647284964, 2.593098465713006], [-72.95629647284964, 2.5936394209783473], [-72.95638663206053, 2.5936394209783473], [-72.95638663206053, 2.5937295801892377], [-72.95701774653676, 2.5937295801892377]]]}}, {"id": "82", "type": "Feature", "properties": {"time_step": null}, "geometry": {"type": "Polygon", "coordinates": [[[-72.95034596493089, 2.5962540380941648], [-72.95034596493089, 2.596073719672384], [-72.95070660177444, 2.596073719672384], [-72.95070660177444, 2.5958934012506036], [-72.95088692019623, 2.5958934012506036], [-72.95088692019623, 2.5951721275634814], [-72.95070660177444, 2.5951721275634814], [-72.95070660177444, 2.59463117229814], [-72.95124755703979, 2.59463117229814], [-72.95124755703979, 2.5949016499308106], [-72.95142787546156, 2.5949016499308106], [-72.95142787546156, 2.594991809141701], [-72.95160819388335, 2.594991809141701], [-72.95160819388335, 2.59463117229814], [-72.95178851230513, 2.59463117229814], [-72.95178851230513, 2.5933689433456766], [-72.95142787546156, 2.5933689433456766], [-72.95142787546156, 2.593188624923896], [-72.95124755703979, 2.593188624923896], [-72.95124755703979, 2.5930083065021154], [-72.95106723861801, 2.5930083065021154], [-72.95106723861801, 2.592918147291225], [-72.9511573978289, 2.592918147291225], [-72.9511573978289, 2.592827988080335], [-72.95088692019623, 2.592827988080335], [-72.95088692019623, 2.5930083065021154], [-72.95070660177444, 2.5930083065021154], [-72.95070660177444, 2.593188624923896], [-72.95061644256356, 2.593188624923896], [-72.95061644256356, 2.5933689433456766], [-72.95052628335266, 2.5933689433456766], [-72.95052628335266, 2.593549261767457], [-72.95043612414177, 2.593549261767457], [-72.95043612414177, 2.5937295801892377], [-72.95034596493089, 2.5937295801892377], [-72.95034596493089, 2.593909898611018], [-72.9501656465091, 2.593909898611018], [-72.9501656465091, 2.5940902170327984], [-72.95007548729821, 2.5940902170327984], [-72.95007548729821, 2.594270535454579], [-72.94998532808732, 2.594270535454579], [-72.94998532808732, 2.5944508538763595], [-72.94980500966554, 2.5944508538763595], [-72.94980500966554, 2.5947213315090303], [-72.94971485045465, 2.5947213315090303], [-72.94971485045465, 2.5948114907199207], [-72.94962469124376, 2.5948114907199207], [-72.94962469124376, 2.594991809141701], [-72.94944437282199, 2.594991809141701], [-72.94944437282199, 2.5951721275634814], [-72.9492640544002, 2.5951721275634814], [-72.9492640544002, 2.595352445985262], [-72.94908373597842, 2.595352445985262], [-72.94908373597842, 2.5957130828288233], [-72.94890341755664, 2.5957130828288233], [-72.94890341755664, 2.5958934012506036], [-72.9492640544002, 2.5958934012506036], [-72.9492640544002, 2.5962540380941648], [-72.94953453203287, 2.5962540380941648], [-72.94953453203287, 2.5961638788832744], [-72.94962469124376, 2.5961638788832744], [-72.94962469124376, 2.5962540380941648], [-72.95034596493089, 2.5962540380941648]]]}}, {"id": "83", "type": "Feature", "properties": {"time_step": null}, "geometry": {"type": "Polygon", "coordinates": [[[-72.93601065039934, 2.593549261767457], [-72.93601065039934, 2.5933689433456766], [-72.93619096882111, 2.5933689433456766], [-72.93619096882111, 2.5926476696585543], [-72.93565001355577, 2.5926476696585543], [-72.93565001355577, 2.593188624923896], [-72.93546969513399, 2.593188624923896], [-72.93546969513399, 2.593549261767457], [-72.93601065039934, 2.593549261767457]]]}}, {"id": "84", "type": "Feature", "properties": {"time_step": null}, "geometry": {"type": "Polygon", "coordinates": [[[-73.01291645728872, 2.5965245157268355], [-73.01291645728872, 2.5963441973050547], [-73.01327709413228, 2.5963441973050547], [-73.01327709413228, 2.5961638788832744], [-73.01345741255406, 2.5961638788832744], [-73.01345741255406, 2.5958934012506036], [-73.01354757176496, 2.5958934012506036], [-73.01354757176496, 2.5958032420397132], [-73.01363773097584, 2.5958032420397132], [-73.01363773097584, 2.595622923617933], [-73.01381804939763, 2.595622923617933], [-73.01381804939763, 2.5952622867743718], [-73.01363773097584, 2.5952622867743718], [-73.01363773097584, 2.5940902170327984], [-73.01354757176496, 2.5940902170327984], [-73.01354757176496, 2.5940000578219085], [-73.01345741255406, 2.5940000578219085], [-73.01345741255406, 2.5938197394001277], [-73.01336725334318, 2.5938197394001277], [-73.01336725334318, 2.5937295801892377], [-73.01327709413228, 2.5937295801892377], [-73.01327709413228, 2.5936394209783473], [-73.01309677571051, 2.5936394209783473], [-73.01309677571051, 2.5934591025565665], [-73.01273613886694, 2.5934591025565665], [-73.01273613886694, 2.593278784134786], [-73.01255582044516, 2.593278784134786], [-73.01255582044516, 2.593098465713006], [-73.01237550202337, 2.593098465713006], [-73.01237550202337, 2.592918147291225], [-73.01228534281249, 2.592918147291225], [-73.01228534281249, 2.592827988080335], [-73.0121951836016, 2.592827988080335], [-73.0121951836016, 2.5927378288694447], [-73.01201486517982, 2.5927378288694447], [-73.01201486517982, 2.5925575104476644], [-73.01183454675804, 2.5925575104476644], [-73.01183454675804, 2.5923771920258836], [-73.01111327307092, 2.5923771920258836], [-73.01111327307092, 2.5925575104476644], [-73.01093295464914, 2.5925575104476644], [-73.01093295464914, 2.592827988080335], [-73.01084279543825, 2.592827988080335], [-73.01084279543825, 2.592918147291225], [-73.01075263622735, 2.592918147291225], [-73.01075263622735, 2.593098465713006], [-73.01057231780557, 2.593098465713006], [-73.01057231780557, 2.593278784134786], [-73.01048215859468, 2.593278784134786], [-73.01048215859468, 2.5933689433456766], [-73.0103919993838, 2.5933689433456766], [-73.0103919993838, 2.5938197394001277], [-73.01093295464914, 2.5938197394001277], [-73.01093295464914, 2.593909898611018], [-73.01084279543825, 2.593909898611018], [-73.01084279543825, 2.5940000578219085], [-73.01057231780557, 2.5940000578219085], [-73.01057231780557, 2.594180376243689], [-73.01048215859468, 2.594180376243689], [-73.01048215859468, 2.594270535454579], [-73.0103919993838, 2.594270535454579], [-73.0103919993838, 2.594360694665469], [-73.01021168096202, 2.594360694665469], [-73.01021168096202, 2.59454101308725], [-73.01003136254023, 2.59454101308725], [-73.01003136254023, 2.5949016499308106], [-73.01012152175112, 2.5949016499308106], [-73.01012152175112, 2.5950819683525914], [-73.01021168096202, 2.5950819683525914], [-73.01021168096202, 2.5952622867743718], [-73.01048215859468, 2.5952622867743718], [-73.01048215859468, 2.595352445985262], [-73.01057231780557, 2.595352445985262], [-73.01057231780557, 2.5954426051961526], [-73.01111327307092, 2.5954426051961526], [-73.01111327307092, 2.595622923617933], [-73.01102311386002, 2.595622923617933], [-73.01102311386002, 2.595983560461494], [-73.01111327307092, 2.595983560461494], [-73.01111327307092, 2.5961638788832744], [-73.01147390991447, 2.5961638788832744], [-73.01147390991447, 2.5963441973050547], [-73.01174438754715, 2.5963441973050547], [-73.01174438754715, 2.596434356515945], [-73.01183454675804, 2.596434356515945], [-73.01183454675804, 2.5965245157268355], [-73.01291645728872, 2.5965245157268355]], [[-73.01174438754715, 2.5949016499308106], [-73.01165422833625, 2.5949016499308106], [-73.01165422833625, 2.5947213315090303], [-73.01183454675804, 2.5947213315090303], [-73.01183454675804, 2.5948114907199207], [-73.01174438754715, 2.5948114907199207], [-73.01174438754715, 2.5949016499308106]], [[-73.01174438754715, 2.594360694665469], [-73.01165422833625, 2.594360694665469], [-73.01165422833625, 2.594270535454579], [-73.01174438754715, 2.594270535454579], [-73.01174438754715, 2.594360694665469]], [[-73.0112935914927, 2.5938197394001277], [-73.01093295464914, 2.5938197394001277], [-73.01093295464914, 2.5937295801892377], [-73.01111327307092, 2.5937295801892377], [-73.01111327307092, 2.5936394209783473], [-73.0112935914927, 2.5936394209783473], [-73.0112935914927, 2.5938197394001277]]]}}, {"id": "85", "type": "Feature", "properties": {"time_step": null}, "geometry": {"type": "Polygon", "coordinates": [[[-72.93384682933797, 2.593909898611018], [-72.93384682933797, 2.5937295801892377], [-72.93393698854887, 2.5937295801892377], [-72.93393698854887, 2.5936394209783473], [-72.93402714775975, 2.5936394209783473], [-72.93402714775975, 2.5933689433456766], [-72.93384682933797, 2.5933689433456766], [-72.93384682933797, 2.593188624923896], [-72.93366651091618, 2.593188624923896], [-72.93366651091618, 2.5930083065021154], [-72.93294523722906, 2.5930083065021154], [-72.93294523722906, 2.593188624923896], [-72.93276491880728, 2.593188624923896], [-72.93276491880728, 2.5925575104476644], [-72.93258460038551, 2.5925575104476644], [-72.93258460038551, 2.5923771920258836], [-72.93204364512016, 2.5923771920258836], [-72.93204364512016, 2.5925575104476644], [-72.93186332669838, 2.5925575104476644], [-72.93186332669838, 2.592827988080335], [-72.93195348590928, 2.592827988080335], [-72.93195348590928, 2.592918147291225], [-72.93204364512016, 2.592918147291225], [-72.93204364512016, 2.5930083065021154], [-72.93222396354194, 2.5930083065021154], [-72.93222396354194, 2.593188624923896], [-72.93240428196373, 2.593188624923896], [-72.93240428196373, 2.5933689433456766], [-72.93258460038551, 2.5933689433456766], [-72.93258460038551, 2.593549261767457], [-72.93330587407263, 2.593549261767457], [-72.93330587407263, 2.5937295801892377], [-72.93348619249441, 2.5937295801892377], [-72.93348619249441, 2.5938197394001277], [-72.9335763517053, 2.5938197394001277], [-72.9335763517053, 2.593909898611018], [-72.93384682933797, 2.593909898611018]]]}}, {"id": "86", "type": "Feature", "properties": {"time_step": null}, "geometry": {"type": "Polygon", "coordinates": [[[-73.00272846645812, 2.594180376243689], [-73.00272846645812, 2.5940000578219085], [-73.00281862566901, 2.5940000578219085], [-73.00281862566901, 2.5940902170327984], [-73.0029087848799, 2.5940902170327984], [-73.0029087848799, 2.593909898611018], [-73.00299894409079, 2.593909898611018], [-73.00299894409079, 2.5938197394001277], [-73.00317926251257, 2.5938197394001277], [-73.00317926251257, 2.5937295801892377], [-73.00326942172346, 2.5937295801892377], [-73.00326942172346, 2.5936394209783473], [-73.00344974014524, 2.5936394209783473], [-73.00344974014524, 2.5925575104476644], [-73.00335958093436, 2.5925575104476644], [-73.00335958093436, 2.5922870328149936], [-73.00326942172346, 2.5922870328149936], [-73.00326942172346, 2.592016555182323], [-73.00308910330169, 2.592016555182323], [-73.00308910330169, 2.591836236760542], [-73.0029087848799, 2.591836236760542], [-73.0029087848799, 2.592016555182323], [-73.00272846645812, 2.592016555182323], [-73.00272846645812, 2.5923771920258836], [-73.00254814803634, 2.5923771920258836], [-73.00254814803634, 2.5925575104476644], [-73.00236782961456, 2.5925575104476644], [-73.00236782961456, 2.593098465713006], [-73.00218751119279, 2.593098465713006], [-73.00218751119279, 2.593278784134786], [-73.002007192771, 2.593278784134786], [-73.002007192771, 2.593549261767457], [-73.00182687434922, 2.593549261767457], [-73.00182687434922, 2.5938197394001277], [-73.002007192771, 2.5938197394001277], [-73.002007192771, 2.5940000578219085], [-73.00209735198189, 2.5940000578219085], [-73.00209735198189, 2.5940902170327984], [-73.00218751119279, 2.5940902170327984], [-73.00218751119279, 2.594180376243689], [-73.00272846645812, 2.594180376243689]]]}}, {"id": "87", "type": "Feature", "properties": {"time_step": null}, "geometry": {"type": "Polygon", "coordinates": [[[-72.9955157295869, 2.593278784134786], [-72.9955157295869, 2.593098465713006], [-72.99605668485225, 2.593098465713006], [-72.99605668485225, 2.592918147291225], [-72.99623700327402, 2.592918147291225], [-72.99623700327402, 2.592827988080335], [-72.99632716248492, 2.592827988080335], [-72.99632716248492, 2.5927378288694447], [-72.99659764011759, 2.5927378288694447], [-72.99659764011759, 2.5925575104476644], [-72.99677795853937, 2.5925575104476644], [-72.99677795853937, 2.5921968736041032], [-72.99659764011759, 2.5921968736041032], [-72.99659764011759, 2.592016555182323], [-72.9964173216958, 2.592016555182323], [-72.9964173216958, 2.591836236760542], [-72.99623700327402, 2.591836236760542], [-72.99623700327402, 2.5916559183387617], [-72.99569604800868, 2.5916559183387617], [-72.99569604800868, 2.591836236760542], [-72.9955157295869, 2.591836236760542], [-72.9955157295869, 2.592016555182323], [-72.99533541116512, 2.592016555182323], [-72.99533541116512, 2.5921968736041032], [-72.99515509274335, 2.5921968736041032], [-72.99515509274335, 2.592467351236774], [-72.99506493353245, 2.592467351236774], [-72.99506493353245, 2.5925575104476644], [-72.99497477432156, 2.5925575104476644], [-72.99497477432156, 2.5927378288694447], [-72.99479445589978, 2.5927378288694447], [-72.99479445589978, 2.592918147291225], [-72.994614137478, 2.592918147291225], [-72.994614137478, 2.593098465713006], [-72.99515509274335, 2.593098465713006], [-72.99515509274335, 2.593188624923896], [-72.99533541116512, 2.593188624923896], [-72.99533541116512, 2.593278784134786], [-72.9955157295869, 2.593278784134786]]]}}, {"id": "88", "type": "Feature", "properties": {"time_step": null}, "geometry": {"type": "Polygon", "coordinates": [[[-72.9640501649862, 2.593909898611018], [-72.9640501649862, 2.5937295801892377], [-72.96441080182976, 2.5937295801892377], [-72.96441080182976, 2.593549261767457], [-72.96459112025154, 2.593549261767457], [-72.96459112025154, 2.5934591025565665], [-72.96468127946244, 2.5934591025565665], [-72.96468127946244, 2.5933689433456766], [-72.96477143867332, 2.5933689433456766], [-72.96477143867332, 2.593188624923896], [-72.96495175709511, 2.593188624923896], [-72.96495175709511, 2.5930083065021154], [-72.96513207551689, 2.5930083065021154], [-72.96513207551689, 2.592827988080335], [-72.96531239393866, 2.592827988080335], [-72.96531239393866, 2.593549261767457], [-72.96549271236044, 2.593549261767457], [-72.96549271236044, 2.5936394209783473], [-72.96558287157134, 2.5936394209783473], [-72.96558287157134, 2.593549261767457], [-72.96585334920401, 2.593549261767457], [-72.96585334920401, 2.593188624923896], [-72.9659435084149, 2.593188624923896], [-72.9659435084149, 2.5933689433456766], [-72.9660336676258, 2.5933689433456766], [-72.9660336676258, 2.592467351236774], [-72.96585334920401, 2.592467351236774], [-72.96585334920401, 2.5922870328149936], [-72.96567303078223, 2.5922870328149936], [-72.96567303078223, 2.592106714393213], [-72.96549271236044, 2.592106714393213], [-72.96549271236044, 2.5919263959714325], [-72.96513207551689, 2.5919263959714325], [-72.96513207551689, 2.591836236760542], [-72.96504191630599, 2.591836236760542], [-72.96504191630599, 2.5917460775496517], [-72.96459112025154, 2.5917460775496517], [-72.96459112025154, 2.5919263959714325], [-72.9640501649862, 2.5919263959714325], [-72.9640501649862, 2.59120512228431], [-72.96386984656442, 2.59120512228431], [-72.96386984656442, 2.59102480386253], [-72.9640501649862, 2.59102480386253], [-72.9640501649862, 2.5908444854407495], [-72.96423048340799, 2.5908444854407495], [-72.96423048340799, 2.590303530175408], [-72.96414032419709, 2.590303530175408], [-72.96414032419709, 2.5902133709645176], [-72.9640501649862, 2.5902133709645176], [-72.9640501649862, 2.5901232117536273], [-72.96350920972087, 2.5901232117536273], [-72.96350920972087, 2.590303530175408], [-72.96332889129908, 2.590303530175408], [-72.96332889129908, 2.5908444854407495], [-72.96350920972087, 2.5908444854407495], [-72.96350920972087, 2.59102480386253], [-72.96368952814264, 2.59102480386253], [-72.96368952814264, 2.59120512228431], [-72.96332889129908, 2.59120512228431], [-72.96332889129908, 2.591385440706091], [-72.9631485728773, 2.591385440706091], [-72.9631485728773, 2.5915657591278713], [-72.96296825445552, 2.5915657591278713], [-72.96296825445552, 2.592106714393213], [-72.9631485728773, 2.592106714393213], [-72.9631485728773, 2.5922870328149936], [-72.96296825445552, 2.5922870328149936], [-72.96296825445552, 2.592827988080335], [-72.9631485728773, 2.592827988080335], [-72.9631485728773, 2.5933689433456766], [-72.96332889129908, 2.5933689433456766], [-72.96332889129908, 2.5934591025565665], [-72.96350920972087, 2.5934591025565665], [-72.96350920972087, 2.593549261767457], [-72.96368952814264, 2.593549261767457], [-72.96368952814264, 2.5937295801892377], [-72.96386984656442, 2.5937295801892377], [-72.96386984656442, 2.593909898611018], [-72.9640501649862, 2.593909898611018]], [[-72.9659435084149, 2.5926476696585543], [-72.96585334920401, 2.5926476696585543], [-72.96585334920401, 2.5925575104476644], [-72.9659435084149, 2.5925575104476644], [-72.9659435084149, 2.5926476696585543]]]}}, {"id": "89", "type": "Feature", "properties": {"time_step": null}, "geometry": {"type": "Polygon", "coordinates": [[[-72.94854278071308, 2.5957130828288233], [-72.94854278071308, 2.5955327644070425], [-72.94872309913487, 2.5955327644070425], [-72.94872309913487, 2.595352445985262], [-72.94890341755664, 2.595352445985262], [-72.94890341755664, 2.594991809141701], [-72.94908373597842, 2.594991809141701], [-72.94908373597842, 2.5948114907199207], [-72.9492640544002, 2.5948114907199207], [-72.9492640544002, 2.59463117229814], [-72.94944437282199, 2.59463117229814], [-72.94944437282199, 2.594360694665469], [-72.94953453203287, 2.594360694665469], [-72.94953453203287, 2.594270535454579], [-72.94962469124376, 2.594270535454579], [-72.94962469124376, 2.5940902170327984], [-72.94980500966554, 2.5940902170327984], [-72.94980500966554, 2.593909898611018], [-72.94998532808732, 2.593909898611018], [-72.94998532808732, 2.5937295801892377], [-72.9501656465091, 2.5937295801892377], [-72.9501656465091, 2.593188624923896], [-72.95025580571999, 2.593188624923896], [-72.95025580571999, 2.592827988080335], [-72.9501656465091, 2.592827988080335], [-72.9501656465091, 2.5919263959714325], [-72.94998532808732, 2.5919263959714325], [-72.94998532808732, 2.5915657591278713], [-72.94980500966554, 2.5915657591278713], [-72.94980500966554, 2.59120512228431], [-72.94962469124376, 2.59120512228431], [-72.94962469124376, 2.5908444854407495], [-72.94980500966554, 2.5908444854407495], [-72.94980500966554, 2.590303530175408], [-72.94962469124376, 2.590303530175408], [-72.94962469124376, 2.5901232117536273], [-72.94935421361109, 2.5901232117536273], [-72.94935421361109, 2.5902133709645176], [-72.9492640544002, 2.5902133709645176], [-72.9492640544002, 2.590303530175408], [-72.94908373597842, 2.590303530175408], [-72.94908373597842, 2.5904838485971884], [-72.94890341755664, 2.5904838485971884], [-72.94890341755664, 2.5906641670189687], [-72.94881325834575, 2.5906641670189687], [-72.94881325834575, 2.5909346446516395], [-72.94908373597842, 2.5909346446516395], [-72.94908373597842, 2.5912952814952006], [-72.94890341755664, 2.5912952814952006], [-72.94890341755664, 2.59120512228431], [-72.94872309913487, 2.59120512228431], [-72.94872309913487, 2.5915657591278713], [-72.94854278071308, 2.5915657591278713], [-72.94854278071308, 2.5917460775496517], [-72.9483624622913, 2.5917460775496517], [-72.9483624622913, 2.592016555182323], [-72.94827230308042, 2.592016555182323], [-72.94827230308042, 2.592106714393213], [-72.94818214386952, 2.592106714393213], [-72.94818214386952, 2.5922870328149936], [-72.94827230308042, 2.5922870328149936], [-72.94827230308042, 2.5923771920258836], [-72.94872309913487, 2.5923771920258836], [-72.94872309913487, 2.592467351236774], [-72.94881325834575, 2.592467351236774], [-72.94881325834575, 2.5925575104476644], [-72.94890341755664, 2.5925575104476644], [-72.94890341755664, 2.5927378288694447], [-72.94881325834575, 2.5927378288694447], [-72.94881325834575, 2.592827988080335], [-72.94872309913487, 2.592827988080335], [-72.94872309913487, 2.5930083065021154], [-72.94854278071308, 2.5930083065021154], [-72.94854278071308, 2.593188624923896], [-72.94818214386952, 2.593188624923896], [-72.94818214386952, 2.5930083065021154], [-72.94800182544773, 2.5930083065021154], [-72.94800182544773, 2.5926476696585543], [-72.94782150702596, 2.5926476696585543], [-72.94782150702596, 2.5933689433456766], [-72.94791166623685, 2.5933689433456766], [-72.94791166623685, 2.593549261767457], [-72.94800182544773, 2.593549261767457], [-72.94800182544773, 2.59463117229814], [-72.94818214386952, 2.59463117229814], [-72.94818214386952, 2.5955327644070425], [-72.9483624622913, 2.5955327644070425], [-72.9483624622913, 2.5957130828288233], [-72.94854278071308, 2.5957130828288233]]]}}, {"id": "90", "type": "Feature", "properties": {"time_step": null}, "geometry": {"type": "Polygon", "coordinates": [[[-72.96855812553072, 2.591385440706091], [-72.96855812553072, 2.59120512228431], [-72.96891876237427, 2.59120512228431], [-72.96891876237427, 2.59102480386253], [-72.96909908079606, 2.59102480386253], [-72.96909908079606, 2.590303530175408], [-72.96918924000694, 2.590303530175408], [-72.96918924000694, 2.5902133709645176], [-72.96927939921784, 2.5902133709645176], [-72.96927939921784, 2.589942893331847], [-72.96945971763962, 2.589942893331847], [-72.96945971763962, 2.589762574910066], [-72.9687384439525, 2.589762574910066], [-72.9687384439525, 2.5901232117536273], [-72.96855812553072, 2.5901232117536273], [-72.96855812553072, 2.590303530175408], [-72.96837780710894, 2.590303530175408], [-72.96837780710894, 2.5906641670189687], [-72.96819748868715, 2.5906641670189687], [-72.96819748868715, 2.59102480386253], [-72.96810732947627, 2.59102480386253], [-72.96810732947627, 2.5911149630734203], [-72.96819748868715, 2.5911149630734203], [-72.96819748868715, 2.5912952814952006], [-72.96837780710894, 2.5912952814952006], [-72.96837780710894, 2.591385440706091], [-72.96855812553072, 2.591385440706091]]]}}, {"id": "91", "type": "Feature", "properties": {"time_step": null}, "geometry": {"type": "Polygon", "coordinates": [[[-72.96152570708128, 2.593909898611018], [-72.96152570708128, 2.5938197394001277], [-72.96170602550306, 2.5938197394001277], [-72.96170602550306, 2.5937295801892377], [-72.96188634392483, 2.5937295801892377], [-72.96188634392483, 2.593188624923896], [-72.96170602550306, 2.593188624923896], [-72.96170602550306, 2.592827988080335], [-72.96152570708128, 2.592827988080335], [-72.96152570708128, 2.5926476696585543], [-72.96206666234661, 2.5926476696585543], [-72.96206666234661, 2.592467351236774], [-72.9622469807684, 2.592467351236774], [-72.9622469807684, 2.5922870328149936], [-72.96242729919018, 2.5922870328149936], [-72.96242729919018, 2.5919263959714325], [-72.96260761761197, 2.5919263959714325], [-72.96260761761197, 2.5915657591278713], [-72.96251745840107, 2.5915657591278713], [-72.96251745840107, 2.591385440706091], [-72.96242729919018, 2.591385440706091], [-72.96242729919018, 2.5906641670189687], [-72.9622469807684, 2.5906641670189687], [-72.9622469807684, 2.5904838485971884], [-72.96206666234661, 2.5904838485971884], [-72.96206666234661, 2.590303530175408], [-72.96242729919018, 2.590303530175408], [-72.96242729919018, 2.5902133709645176], [-72.96260761761197, 2.5902133709645176], [-72.96260761761197, 2.5901232117536273], [-72.96296825445552, 2.5901232117536273], [-72.96296825445552, 2.5895822564882858], [-72.96287809524463, 2.5895822564882858], [-72.96287809524463, 2.5894019380665054], [-72.96278793603373, 2.5894019380665054], [-72.96278793603373, 2.5892216196447246], [-72.9622469807684, 2.5892216196447246], [-72.9622469807684, 2.5894019380665054], [-72.96197650313573, 2.5894019380665054], [-72.96197650313573, 2.5894920972773954], [-72.96188634392483, 2.5894920972773954], [-72.96188634392483, 2.5894019380665054], [-72.9613453886595, 2.5894019380665054], [-72.9613453886595, 2.5895822564882858], [-72.96125522944861, 2.5895822564882858], [-72.96125522944861, 2.589762574910066], [-72.96062411497238, 2.589762574910066], [-72.96062411497238, 2.589942893331847], [-72.96044379655059, 2.589942893331847], [-72.96044379655059, 2.5901232117536273], [-72.96017331891792, 2.5901232117536273], [-72.96017331891792, 2.590303530175408], [-72.95990284128526, 2.590303530175408], [-72.95990284128526, 2.589942893331847], [-72.96008315970703, 2.589942893331847], [-72.96008315970703, 2.5898527341209565], [-72.95999300049614, 2.5898527341209565], [-72.95999300049614, 2.589762574910066], [-72.96008315970703, 2.589762574910066], [-72.96008315970703, 2.5892216196447246], [-72.95990284128526, 2.5892216196447246], [-72.95990284128526, 2.5890413012229443], [-72.95972252286347, 2.5890413012229443], [-72.95972252286347, 2.588860982801164], [-72.95918156759812, 2.588860982801164], [-72.95918156759812, 2.588680664379383], [-72.95864061233279, 2.588680664379383], [-72.95864061233279, 2.588860982801164], [-72.95882093075457, 2.588860982801164], [-72.95882093075457, 2.5890413012229443], [-72.95900124917635, 2.5890413012229443], [-72.95900124917635, 2.589311778855615], [-72.95909140838724, 2.589311778855615], [-72.95909140838724, 2.5894019380665054], [-72.95918156759812, 2.5894019380665054], [-72.95918156759812, 2.5895822564882858], [-72.95882093075457, 2.5895822564882858], [-72.95882093075457, 2.589762574910066], [-72.95864061233279, 2.589762574910066], [-72.95864061233279, 2.589942893331847], [-72.958460293911, 2.589942893331847], [-72.958460293911, 2.5901232117536273], [-72.95827997548923, 2.5901232117536273], [-72.95827997548923, 2.5906641670189687], [-72.95809965706745, 2.5906641670189687], [-72.95809965706745, 2.590754326229859], [-72.95800949785655, 2.590754326229859], [-72.95800949785655, 2.5908444854407495], [-72.95791933864567, 2.5908444854407495], [-72.95791933864567, 2.59102480386253], [-72.95827997548923, 2.59102480386253], [-72.95827997548923, 2.59120512228431], [-72.95864061233279, 2.59120512228431], [-72.95864061233279, 2.5915657591278713], [-72.95873077154369, 2.5915657591278713], [-72.95873077154369, 2.5917460775496517], [-72.95882093075457, 2.5917460775496517], [-72.95882093075457, 2.5922870328149936], [-72.95900124917635, 2.5922870328149936], [-72.95900124917635, 2.592467351236774], [-72.95918156759812, 2.592467351236774], [-72.95918156759812, 2.5926476696585543], [-72.95990284128526, 2.5926476696585543], [-72.95990284128526, 2.592827988080335], [-72.96026347812881, 2.592827988080335], [-72.96026347812881, 2.5926476696585543], [-72.96044379655059, 2.5926476696585543], [-72.96044379655059, 2.592827988080335], [-72.96062411497238, 2.592827988080335], [-72.96062411497238, 2.593188624923896], [-72.96080443339416, 2.593188624923896], [-72.96080443339416, 2.593549261767457], [-72.96071427418326, 2.593549261767457], [-72.96071427418326, 2.5937295801892377], [-72.96080443339416, 2.5937295801892377], [-72.96080443339416, 2.5938197394001277], [-72.96089459260504, 2.5938197394001277], [-72.96089459260504, 2.5937295801892377], [-72.96098475181593, 2.5937295801892377], [-72.96098475181593, 2.593188624923896], [-72.96116507023771, 2.593188624923896], [-72.96116507023771, 2.5937295801892377], [-72.96125522944861, 2.5937295801892377], [-72.96125522944861, 2.5938197394001277], [-72.9613453886595, 2.5938197394001277], [-72.9613453886595, 2.593909898611018], [-72.96152570708128, 2.593909898611018]], [[-72.96116507023771, 2.593098465713006], [-72.96107491102683, 2.593098465713006], [-72.96107491102683, 2.5930083065021154], [-72.96116507023771, 2.5930083065021154], [-72.96116507023771, 2.593098465713006]], [[-72.96062411497238, 2.5922870328149936], [-72.96044379655059, 2.5922870328149936], [-72.96044379655059, 2.592106714393213], [-72.96026347812881, 2.592106714393213], [-72.96026347812881, 2.5917460775496517], [-72.96035363733971, 2.5917460775496517], [-72.96035363733971, 2.5915657591278713], [-72.96044379655059, 2.5915657591278713], [-72.96044379655059, 2.5917460775496517], [-72.96062411497238, 2.5917460775496517], [-72.96062411497238, 2.5922870328149936]], [[-72.9613453886595, 2.5908444854407495], [-72.96098475181593, 2.5908444854407495], [-72.96098475181593, 2.5904838485971884], [-72.96116507023771, 2.5904838485971884], [-72.96116507023771, 2.5906641670189687], [-72.9613453886595, 2.5906641670189687], [-72.9613453886595, 2.5908444854407495]], [[-72.9593618860199, 2.589762574910066], [-72.95918156759812, 2.589762574910066], [-72.95918156759812, 2.5895822564882858], [-72.9593618860199, 2.5895822564882858], [-72.9593618860199, 2.589762574910066]]]}}, {"id": "92", "type": "Feature", "properties": {"time_step": null}, "geometry": {"type": "Polygon", "coordinates": [[[-72.99984337170963, 2.5898527341209565], [-72.99984337170963, 2.589672415699176], [-72.99993353092053, 2.589672415699176], [-72.99993353092053, 2.5895822564882858], [-73.00002369013141, 2.5895822564882858], [-73.00002369013141, 2.5891314604338347], [-73.0002040085532, 2.5891314604338347], [-73.0002040085532, 2.588590505168493], [-73.00002369013141, 2.588590505168493], [-73.00002369013141, 2.5887708235902736], [-72.99966305328785, 2.5887708235902736], [-72.99966305328785, 2.588590505168493], [-72.99948273486608, 2.588590505168493], [-72.99948273486608, 2.589311778855615], [-72.99957289407696, 2.589311778855615], [-72.99957289407696, 2.5894920972773954], [-72.99966305328785, 2.5894920972773954], [-72.99966305328785, 2.5898527341209565], [-72.99984337170963, 2.5898527341209565]]]}}, {"id": "93", "type": "Feature", "properties": {"time_step": null}, "geometry": {"type": "Polygon", "coordinates": [[[-72.94024813331117, 2.5940902170327984], [-72.94024813331117, 2.593909898611018], [-72.94042845173296, 2.593909898611018], [-72.94042845173296, 2.593549261767457], [-72.94060877015474, 2.593549261767457], [-72.94060877015474, 2.593188624923896], [-72.94051861094384, 2.593188624923896], [-72.94051861094384, 2.5930083065021154], [-72.94042845173296, 2.5930083065021154], [-72.94042845173296, 2.592918147291225], [-72.94033829252207, 2.592918147291225], [-72.94033829252207, 2.5926476696585543], [-72.94015797410029, 2.5926476696585543], [-72.94015797410029, 2.592467351236774], [-72.93952685962405, 2.592467351236774], [-72.93952685962405, 2.5922870328149936], [-72.93943670041317, 2.5922870328149936], [-72.93943670041317, 2.592467351236774], [-72.93925638199138, 2.592467351236774], [-72.93925638199138, 2.5917460775496517], [-72.9390760635696, 2.5917460775496517], [-72.9390760635696, 2.5915657591278713], [-72.9391662227805, 2.5915657591278713], [-72.9391662227805, 2.591385440706091], [-72.93925638199138, 2.591385440706091], [-72.93925638199138, 2.5911149630734203], [-72.93934654120227, 2.5911149630734203], [-72.93934654120227, 2.59102480386253], [-72.93889574514782, 2.59102480386253], [-72.93889574514782, 2.59120512228431], [-72.93799415303891, 2.59120512228431], [-72.93799415303891, 2.59102480386253], [-72.93781383461715, 2.59102480386253], [-72.93781383461715, 2.5908444854407495], [-72.93763351619536, 2.5908444854407495], [-72.93763351619536, 2.5906641670189687], [-72.93781383461715, 2.5906641670189687], [-72.93781383461715, 2.590574007808079], [-72.93790399382803, 2.590574007808079], [-72.93790399382803, 2.5906641670189687], [-72.93835478988248, 2.5906641670189687], [-72.93835478988248, 2.590754326229859], [-72.93853510830427, 2.590754326229859], [-72.93853510830427, 2.5909346446516395], [-72.93871542672605, 2.5909346446516395], [-72.93871542672605, 2.5908444854407495], [-72.93898590435872, 2.5908444854407495], [-72.93898590435872, 2.5909346446516395], [-72.9390760635696, 2.5909346446516395], [-72.9390760635696, 2.5904838485971884], [-72.93889574514782, 2.5904838485971884], [-72.93889574514782, 2.589942893331847], [-72.93835478988248, 2.589942893331847], [-72.93835478988248, 2.5891314604338347], [-72.93853510830427, 2.5891314604338347], [-72.93853510830427, 2.588951142012054], [-72.93862526751515, 2.588951142012054], [-72.93862526751515, 2.588860982801164], [-72.93853510830427, 2.588860982801164], [-72.93853510830427, 2.5887708235902736], [-72.93835478988248, 2.5887708235902736], [-72.93835478988248, 2.588860982801164], [-72.9382646306716, 2.588860982801164], [-72.9382646306716, 2.5892216196447246], [-72.9381744714607, 2.5892216196447246], [-72.9381744714607, 2.5891314604338347], [-72.93808431224981, 2.5891314604338347], [-72.93808431224981, 2.5892216196447246], [-72.93799415303891, 2.5892216196447246], [-72.93799415303891, 2.588951142012054], [-72.9381744714607, 2.588951142012054], [-72.9381744714607, 2.5887708235902736], [-72.93772367540625, 2.5887708235902736], [-72.93772367540625, 2.588680664379383], [-72.93763351619536, 2.588680664379383], [-72.93763351619536, 2.588590505168493], [-72.9372728793518, 2.588590505168493], [-72.9372728793518, 2.5887708235902736], [-72.93745319777358, 2.5887708235902736], [-72.93745319777358, 2.588951142012054], [-72.93763351619536, 2.588951142012054], [-72.93763351619536, 2.589311778855615], [-72.93781383461715, 2.589311778855615], [-72.93781383461715, 2.589942893331847], [-72.93790399382803, 2.589942893331847], [-72.93790399382803, 2.590033052542737], [-72.93781383461715, 2.590033052542737], [-72.93781383461715, 2.5901232117536273], [-72.93763351619536, 2.5901232117536273], [-72.93763351619536, 2.590303530175408], [-72.93754335698446, 2.590303530175408], [-72.93754335698446, 2.590393689386298], [-72.9373630385627, 2.590393689386298], [-72.9373630385627, 2.590303530175408], [-72.9372728793518, 2.590303530175408], [-72.9372728793518, 2.5904838485971884], [-72.93709256093001, 2.5904838485971884], [-72.93709256093001, 2.5902133709645176], [-72.93691224250824, 2.5902133709645176], [-72.93691224250824, 2.590033052542737], [-72.93637128724289, 2.590033052542737], [-72.93637128724289, 2.590393689386298], [-72.93592049118844, 2.590393689386298], [-72.93592049118844, 2.590303530175408], [-72.93583033197756, 2.590303530175408], [-72.93583033197756, 2.5902133709645176], [-72.93565001355577, 2.5902133709645176], [-72.93565001355577, 2.590033052542737], [-72.9352893767122, 2.590033052542737], [-72.9352893767122, 2.5902133709645176], [-72.93519921750132, 2.5902133709645176], [-72.93519921750132, 2.590393689386298], [-72.9352893767122, 2.590393689386298], [-72.9352893767122, 2.590754326229859], [-72.93546969513399, 2.590754326229859], [-72.93546969513399, 2.5909346446516395], [-72.93583033197756, 2.5909346446516395], [-72.93583033197756, 2.5912952814952006], [-72.93592049118844, 2.5912952814952006], [-72.93592049118844, 2.591385440706091], [-72.93637128724289, 2.591385440706091], [-72.93637128724289, 2.5915657591278713], [-72.93655160566468, 2.5915657591278713], [-72.93655160566468, 2.591836236760542], [-72.93664176487556, 2.591836236760542], [-72.93664176487556, 2.5919263959714325], [-72.93673192408646, 2.5919263959714325], [-72.93673192408646, 2.592106714393213], [-72.93664176487556, 2.592106714393213], [-72.93664176487556, 2.5921968736041032], [-72.93655160566468, 2.5921968736041032], [-72.93655160566468, 2.5923771920258836], [-72.93664176487556, 2.5923771920258836], [-72.93664176487556, 2.5925575104476644], [-72.93655160566468, 2.5925575104476644], [-72.93655160566468, 2.5926476696585543], [-72.93709256093001, 2.5926476696585543], [-72.93709256093001, 2.592827988080335], [-72.93745319777358, 2.592827988080335], [-72.93745319777358, 2.592467351236774], [-72.93799415303891, 2.592467351236774], [-72.93799415303891, 2.5925575104476644], [-72.93790399382803, 2.5925575104476644], [-72.93790399382803, 2.5926476696585543], [-72.9381744714607, 2.5926476696585543], [-72.9381744714607, 2.592827988080335], [-72.93835478988248, 2.592827988080335], [-72.93835478988248, 2.593188624923896], [-72.93844494909337, 2.593188624923896], [-72.93844494909337, 2.593098465713006], [-72.93853510830427, 2.593098465713006], [-72.93853510830427, 2.593188624923896], [-72.93862526751515, 2.593188624923896], [-72.93862526751515, 2.593278784134786], [-72.93853510830427, 2.593278784134786], [-72.93853510830427, 2.593549261767457], [-72.93862526751515, 2.593549261767457], [-72.93862526751515, 2.5934591025565665], [-72.93871542672605, 2.5934591025565665], [-72.93871542672605, 2.5937295801892377], [-72.93889574514782, 2.5937295801892377], [-72.93889574514782, 2.593909898611018], [-72.9391662227805, 2.593909898611018], [-72.9391662227805, 2.5940000578219085], [-72.93925638199138, 2.5940000578219085], [-72.93925638199138, 2.5940902170327984], [-72.94024813331117, 2.5940902170327984]], [[-72.93880558593693, 2.5934591025565665], [-72.93871542672605, 2.5934591025565665], [-72.93871542672605, 2.5930083065021154], [-72.93889574514782, 2.5930083065021154], [-72.93889574514782, 2.593098465713006], [-72.93880558593693, 2.593098465713006], [-72.93880558593693, 2.593278784134786], [-72.93889574514782, 2.593278784134786], [-72.93889574514782, 2.5933689433456766], [-72.93880558593693, 2.5933689433456766], [-72.93880558593693, 2.5934591025565665]], [[-72.93925638199138, 2.5926476696585543], [-72.9390760635696, 2.5926476696585543], [-72.9390760635696, 2.592467351236774], [-72.93925638199138, 2.592467351236774], [-72.93925638199138, 2.5926476696585543]], [[-72.93601065039934, 2.59102480386253], [-72.93592049118844, 2.59102480386253], [-72.93592049118844, 2.5909346446516395], [-72.93583033197756, 2.5909346446516395], [-72.93583033197756, 2.5906641670189687], [-72.93601065039934, 2.5906641670189687], [-72.93601065039934, 2.590574007808079], [-72.93610080961022, 2.590574007808079], [-72.93610080961022, 2.590754326229859], [-72.93601065039934, 2.590754326229859], [-72.93601065039934, 2.59102480386253]], [[-72.93745319777358, 2.5906641670189687], [-72.9373630385627, 2.5906641670189687], [-72.9373630385627, 2.590574007808079], [-72.93745319777358, 2.590574007808079], [-72.93745319777358, 2.5906641670189687]]]}}, {"id": "94", "type": "Feature", "properties": {"time_step": null}, "geometry": {"type": "Polygon", "coordinates": [[[-72.95521456231896, 2.59102480386253], [-72.95521456231896, 2.5908444854407495], [-72.95539488074074, 2.5908444854407495], [-72.95539488074074, 2.590754326229859], [-72.95530472152984, 2.590754326229859], [-72.95530472152984, 2.5906641670189687], [-72.95539488074074, 2.5906641670189687], [-72.95539488074074, 2.5904838485971884], [-72.95557519916252, 2.5904838485971884], [-72.95557519916252, 2.5901232117536273], [-72.9557555175843, 2.5901232117536273], [-72.9557555175843, 2.589762574910066], [-72.95593583600608, 2.589762574910066], [-72.95593583600608, 2.588680664379383], [-72.9557555175843, 2.588680664379383], [-72.9557555175843, 2.588590505168493], [-72.95557519916252, 2.588590505168493], [-72.95557519916252, 2.588320027535822], [-72.95548503995163, 2.588320027535822], [-72.95548503995163, 2.5881397091140417], [-72.95557519916252, 2.5881397091140417], [-72.95557519916252, 2.5880495499031513], [-72.95548503995163, 2.5880495499031513], [-72.95548503995163, 2.5879593906922613], [-72.95521456231896, 2.5879593906922613], [-72.95521456231896, 2.5881397091140417], [-72.95512440310807, 2.5881397091140417], [-72.95512440310807, 2.5884101867467124], [-72.95503424389717, 2.5884101867467124], [-72.95503424389717, 2.588500345957603], [-72.95485392547539, 2.588500345957603], [-72.95485392547539, 2.5890413012229443], [-72.9547637662645, 2.5890413012229443], [-72.9547637662645, 2.5891314604338347], [-72.95467360705362, 2.5891314604338347], [-72.95467360705362, 2.589942893331847], [-72.95449328863184, 2.589942893331847], [-72.95449328863184, 2.590754326229859], [-72.95458344784272, 2.590754326229859], [-72.95458344784272, 2.5908444854407495], [-72.95467360705362, 2.5908444854407495], [-72.95467360705362, 2.59102480386253], [-72.95503424389717, 2.59102480386253], [-72.95503424389717, 2.5909346446516395], [-72.95512440310807, 2.5909346446516395], [-72.95512440310807, 2.59102480386253], [-72.95521456231896, 2.59102480386253]]]}}, {"id": "95", "type": "Feature", "properties": {"time_step": null}, "geometry": {"type": "Polygon", "coordinates": [[[-73.01417868624118, 2.589311778855615], [-73.01417868624118, 2.5892216196447246], [-73.01426884545208, 2.5892216196447246], [-73.01426884545208, 2.5891314604338347], [-73.01435900466296, 2.5891314604338347], [-73.01435900466296, 2.588229868324932], [-73.0139983678194, 2.588229868324932], [-73.0139983678194, 2.5881397091140417], [-73.01381804939763, 2.5881397091140417], [-73.01381804939763, 2.5880495499031513], [-73.01300661649961, 2.5880495499031513], [-73.01300661649961, 2.5879593906922613], [-73.01291645728872, 2.5879593906922613], [-73.01291645728872, 2.587869231481371], [-73.01237550202337, 2.587869231481371], [-73.01237550202337, 2.588320027535822], [-73.01228534281249, 2.588320027535822], [-73.01228534281249, 2.5884101867467124], [-73.01237550202337, 2.5884101867467124], [-73.01237550202337, 2.588590505168493], [-73.01291645728872, 2.588590505168493], [-73.01291645728872, 2.5887708235902736], [-73.01309677571051, 2.5887708235902736], [-73.01309677571051, 2.588951142012054], [-73.01327709413228, 2.588951142012054], [-73.01327709413228, 2.5891314604338347], [-73.01336725334318, 2.5891314604338347], [-73.01336725334318, 2.5892216196447246], [-73.01345741255406, 2.5892216196447246], [-73.01345741255406, 2.589311778855615], [-73.01417868624118, 2.589311778855615]], [[-73.01426884545208, 2.588951142012054], [-73.01417868624118, 2.588951142012054], [-73.01417868624118, 2.5887708235902736], [-73.01426884545208, 2.5887708235902736], [-73.01426884545208, 2.588951142012054]]]}}, {"id": "96", "type": "Feature", "properties": {"time_step": null}, "geometry": {"type": "Polygon", "coordinates": [[[-72.98884394798102, 2.588320027535822], [-72.98884394798102, 2.5877790722704805], [-72.98866362955924, 2.5877790722704805], [-72.98866362955924, 2.5875987538487], [-72.9881226742939, 2.5875987538487], [-72.9881226742939, 2.5881397091140417], [-72.98830299271569, 2.5881397091140417], [-72.98830299271569, 2.588229868324932], [-72.98839315192657, 2.588229868324932], [-72.98839315192657, 2.588320027535822], [-72.98884394798102, 2.588320027535822]]]}}, {"id": "97", "type": "Feature", "properties": {"time_step": null}, "geometry": {"type": "Polygon", "coordinates": [[[-72.99533541116512, 2.588500345957603], [-72.99533541116512, 2.588320027535822], [-72.9955157295869, 2.588320027535822], [-72.9955157295869, 2.5880495499031513], [-72.9956058887978, 2.5880495499031513], [-72.9956058887978, 2.5877790722704805], [-72.9955157295869, 2.5877790722704805], [-72.9955157295869, 2.58741843542692], [-72.99533541116512, 2.58741843542692], [-72.99533541116512, 2.5873282762160295], [-72.99497477432156, 2.5873282762160295], [-72.99497477432156, 2.587238117005139], [-72.9947042966889, 2.587238117005139], [-72.9947042966889, 2.5873282762160295], [-72.994614137478, 2.5873282762160295], [-72.994614137478, 2.58750859463781], [-72.99452397826711, 2.58750859463781], [-72.99452397826711, 2.5875987538487], [-72.99443381905621, 2.5875987538487], [-72.99443381905621, 2.5877790722704805], [-72.99452397826711, 2.5877790722704805], [-72.99452397826711, 2.5879593906922613], [-72.994614137478, 2.5879593906922613], [-72.994614137478, 2.5881397091140417], [-72.99479445589978, 2.5881397091140417], [-72.99479445589978, 2.588320027535822], [-72.99497477432156, 2.588320027535822], [-72.99497477432156, 2.588500345957603], [-72.99533541116512, 2.588500345957603]]]}}, {"id": "98", "type": "Feature", "properties": {"time_step": null}, "geometry": {"type": "Polygon", "coordinates": [[[-72.93222396354194, 2.587869231481371], [-72.93222396354194, 2.5876889130595906], [-72.93240428196373, 2.5876889130595906], [-72.93240428196373, 2.5873282762160295], [-72.93231412275283, 2.5873282762160295], [-72.93231412275283, 2.587238117005139], [-72.93222396354194, 2.587238117005139], [-72.93222396354194, 2.587147957794249], [-72.93168300827661, 2.587147957794249], [-72.93168300827661, 2.5873282762160295], [-72.93150268985482, 2.5873282762160295], [-72.93150268985482, 2.5876889130595906], [-72.93168300827661, 2.5876889130595906], [-72.93168300827661, 2.587869231481371], [-72.93222396354194, 2.587869231481371]]]}}, {"id": "99", "type": "Feature", "properties": {"time_step": null}, "geometry": {"type": "Polygon", "coordinates": [[[-72.94069892936562, 2.588320027535822], [-72.94069892936562, 2.588229868324932], [-72.94087924778741, 2.588229868324932], [-72.94087924778741, 2.5873282762160295], [-72.94033829252207, 2.5873282762160295], [-72.94033829252207, 2.5870577985833587], [-72.94015797410029, 2.5870577985833587], [-72.94015797410029, 2.587869231481371], [-72.94033829252207, 2.587869231481371], [-72.94033829252207, 2.5880495499031513], [-72.94042845173296, 2.5880495499031513], [-72.94042845173296, 2.5881397091140417], [-72.94051861094384, 2.5881397091140417], [-72.94051861094384, 2.588229868324932], [-72.94060877015474, 2.588229868324932], [-72.94060877015474, 2.588320027535822], [-72.94069892936562, 2.588320027535822]]]}}, {"id": "100", "type": "Feature", "properties": {"time_step": null}, "geometry": {"type": "Polygon", "coordinates": [[[-72.94583800438637, 2.588860982801164], [-72.94583800438637, 2.588680664379383], [-72.94619864122993, 2.588680664379383], [-72.94619864122993, 2.588500345957603], [-72.94637895965171, 2.588500345957603], [-72.94637895965171, 2.588320027535822], [-72.9465592780735, 2.588320027535822], [-72.9465592780735, 2.5881397091140417], [-72.94673959649528, 2.5881397091140417], [-72.94673959649528, 2.5879593906922613], [-72.94691991491706, 2.5879593906922613], [-72.94691991491706, 2.5877790722704805], [-72.94710023333883, 2.5877790722704805], [-72.94710023333883, 2.5875987538487], [-72.94728055176061, 2.5875987538487], [-72.94728055176061, 2.5866971617397976], [-72.94691991491706, 2.5866971617397976], [-72.94691991491706, 2.5865168433180172], [-72.94637895965171, 2.5865168433180172], [-72.94637895965171, 2.5866971617397976], [-72.94619864122993, 2.5866971617397976], [-72.94619864122993, 2.5869676393724683], [-72.94610848201904, 2.5869676393724683], [-72.94610848201904, 2.5870577985833587], [-72.94601832280816, 2.5870577985833587], [-72.94601832280816, 2.587238117005139], [-72.94583800438637, 2.587238117005139], [-72.94583800438637, 2.58741843542692], [-72.94574784517548, 2.58741843542692], [-72.94574784517548, 2.5875987538487], [-72.94565768596459, 2.5875987538487], [-72.94565768596459, 2.5877790722704805], [-72.94547736754281, 2.5877790722704805], [-72.94547736754281, 2.5887708235902736], [-72.9455675267537, 2.5887708235902736], [-72.9455675267537, 2.588860982801164], [-72.94583800438637, 2.588860982801164]]]}}, {"id": "101", "type": "Feature", "properties": {"time_step": null}, "geometry": {"type": "Polygon", "coordinates": [[[-72.94078908857652, 2.5869676393724683], [-72.94078908857652, 2.5868774801615784], [-72.94087924778741, 2.5868774801615784], [-72.94087924778741, 2.586787320950688], [-72.94105956620919, 2.586787320950688], [-72.94105956620919, 2.5866971617397976], [-72.94096940699829, 2.5866971617397976], [-72.94096940699829, 2.586607002528907], [-72.94087924778741, 2.586607002528907], [-72.94087924778741, 2.586426684107127], [-72.9399776556785, 2.586426684107127], [-72.9399776556785, 2.586607002528907], [-72.93979733725672, 2.586607002528907], [-72.93979733725672, 2.5866971617397976], [-72.93988749646762, 2.5866971617397976], [-72.93988749646762, 2.586787320950688], [-72.9399776556785, 2.586787320950688], [-72.9399776556785, 2.5869676393724683], [-72.94033829252207, 2.5869676393724683], [-72.94033829252207, 2.586787320950688], [-72.94069892936562, 2.586787320950688], [-72.94069892936562, 2.5869676393724683], [-72.94078908857652, 2.5869676393724683]]]}}, {"id": "102", "type": "Feature", "properties": {"time_step": null}, "geometry": {"type": "Polygon", "coordinates": [[[-72.93366651091618, 2.5891314604338347], [-72.93366651091618, 2.588951142012054], [-72.93384682933797, 2.588951142012054], [-72.93384682933797, 2.5887708235902736], [-72.93402714775975, 2.5887708235902736], [-72.93402714775975, 2.588590505168493], [-72.9343877846033, 2.588590505168493], [-72.9343877846033, 2.5884101867467124], [-72.93456810302509, 2.5884101867467124], [-72.93456810302509, 2.5876889130595906], [-72.93474842144687, 2.5876889130595906], [-72.93474842144687, 2.58750859463781], [-72.93465826223598, 2.58750859463781], [-72.93465826223598, 2.5873282762160295], [-72.93456810302509, 2.5873282762160295], [-72.93456810302509, 2.586787320950688], [-72.9344779438142, 2.586787320950688], [-72.9344779438142, 2.586607002528907], [-72.9343877846033, 2.586607002528907], [-72.9343877846033, 2.586426684107127], [-72.93429762539242, 2.586426684107127], [-72.93429762539242, 2.5862463656853465], [-72.93402714775975, 2.5862463656853465], [-72.93402714775975, 2.586156206474456], [-72.93393698854887, 2.586156206474456], [-72.93393698854887, 2.5860660472635657], [-72.93384682933797, 2.5860660472635657], [-72.93384682933797, 2.5862463656853465], [-72.93366651091618, 2.5862463656853465], [-72.93366651091618, 2.586426684107127], [-72.93348619249441, 2.586426684107127], [-72.93348619249441, 2.5866971617397976], [-72.93339603328351, 2.5866971617397976], [-72.93339603328351, 2.586787320950688], [-72.93330587407263, 2.586787320950688], [-72.93330587407263, 2.587147957794249], [-72.93312555565085, 2.587147957794249], [-72.93312555565085, 2.5873282762160295], [-72.93294523722906, 2.5873282762160295], [-72.93294523722906, 2.5875987538487], [-72.93285507801818, 2.5875987538487], [-72.93285507801818, 2.5876889130595906], [-72.93276491880728, 2.5876889130595906], [-72.93276491880728, 2.5880495499031513], [-72.93294523722906, 2.5880495499031513], [-72.93294523722906, 2.588229868324932], [-72.93330587407263, 2.588229868324932], [-72.93330587407263, 2.5884101867467124], [-72.93348619249441, 2.5884101867467124], [-72.93348619249441, 2.5891314604338347], [-72.93366651091618, 2.5891314604338347]]]}}, {"id": "103", "type": "Feature", "properties": {"time_step": null}, "geometry": {"type": "Polygon", "coordinates": [[[-72.95169835309424, 2.5870577985833587], [-72.95169835309424, 2.5868774801615784], [-72.95178851230513, 2.5868774801615784], [-72.95178851230513, 2.5866971617397976], [-72.95160819388335, 2.5866971617397976], [-72.95160819388335, 2.586607002528907], [-72.95169835309424, 2.586607002528907], [-72.95169835309424, 2.5865168433180172], [-72.95160819388335, 2.5865168433180172], [-72.95160819388335, 2.5863365248962364], [-72.95124755703979, 2.5863365248962364], [-72.95124755703979, 2.586156206474456], [-72.95133771625068, 2.586156206474456], [-72.95133771625068, 2.5862463656853465], [-72.95142787546156, 2.5862463656853465], [-72.95142787546156, 2.5859758880526758], [-72.95133771625068, 2.5859758880526758], [-72.95133771625068, 2.585795569630895], [-72.95088692019623, 2.585795569630895], [-72.95088692019623, 2.5858857288417854], [-72.95097707940711, 2.5858857288417854], [-72.95097707940711, 2.5859758880526758], [-72.95088692019623, 2.5859758880526758], [-72.95088692019623, 2.5863365248962364], [-72.95097707940711, 2.5863365248962364], [-72.95097707940711, 2.586426684107127], [-72.95106723861801, 2.586426684107127], [-72.95106723861801, 2.5870577985833587], [-72.95169835309424, 2.5870577985833587]]]}}, {"id": "104", "type": "Feature", "properties": {"time_step": null}, "geometry": {"type": "Polygon", "coordinates": [[[-72.93808431224981, 2.5876889130595906], [-72.93808431224981, 2.5875987538487], [-72.9381744714607, 2.5875987538487], [-72.9381744714607, 2.5873282762160295], [-72.93853510830427, 2.5873282762160295], [-72.93853510830427, 2.587147957794249], [-72.93889574514782, 2.587147957794249], [-72.93889574514782, 2.5869676393724683], [-72.9390760635696, 2.5869676393724683], [-72.9390760635696, 2.586787320950688], [-72.93925638199138, 2.586787320950688], [-72.93925638199138, 2.586426684107127], [-72.9390760635696, 2.586426684107127], [-72.9390760635696, 2.5862463656853465], [-72.93889574514782, 2.5862463656853465], [-72.93889574514782, 2.5860660472635657], [-72.93871542672605, 2.5860660472635657], [-72.93871542672605, 2.5855250919982242], [-72.93880558593693, 2.5855250919982242], [-72.93880558593693, 2.5854349327873343], [-72.93889574514782, 2.5854349327873343], [-72.93889574514782, 2.5851644551546635], [-72.93799415303891, 2.5851644551546635], [-72.93799415303891, 2.585705410420005], [-72.93772367540625, 2.585705410420005], [-72.93772367540625, 2.5858857288417854], [-72.93781383461715, 2.5858857288417854], [-72.93781383461715, 2.586156206474456], [-72.93799415303891, 2.586156206474456], [-72.93799415303891, 2.5862463656853465], [-72.93709256093001, 2.5862463656853465], [-72.93709256093001, 2.586426684107127], [-72.93691224250824, 2.586426684107127], [-72.93691224250824, 2.5869676393724683], [-72.93745319777358, 2.5869676393724683], [-72.93745319777358, 2.586787320950688], [-72.93808431224981, 2.586787320950688], [-72.93808431224981, 2.5866971617397976], [-72.9381744714607, 2.5866971617397976], [-72.9381744714607, 2.586607002528907], [-72.93844494909337, 2.586607002528907], [-72.93844494909337, 2.5866971617397976], [-72.93853510830427, 2.5866971617397976], [-72.93853510830427, 2.586787320950688], [-72.93835478988248, 2.586787320950688], [-72.93835478988248, 2.5869676393724683], [-72.9381744714607, 2.5869676393724683], [-72.9381744714607, 2.587147957794249], [-72.93799415303891, 2.587147957794249], [-72.93799415303891, 2.5876889130595906], [-72.93808431224981, 2.5876889130595906]]]}}, {"id": "105", "type": "Feature", "properties": {"time_step": null}, "geometry": {"type": "Polygon", "coordinates": [[[-72.99903193881163, 2.5894920972773954], [-72.99903193881163, 2.5894019380665054], [-72.99912209802251, 2.5894019380665054], [-72.99912209802251, 2.588951142012054], [-72.99894177960073, 2.588951142012054], [-72.99894177960073, 2.5887708235902736], [-72.99867130196806, 2.5887708235902736], [-72.99867130196806, 2.588860982801164], [-72.99876146117896, 2.588860982801164], [-72.99876146117896, 2.588951142012054], [-72.99858114275717, 2.588951142012054], [-72.99858114275717, 2.5887708235902736], [-72.99840082433539, 2.5887708235902736], [-72.99840082433539, 2.5880495499031513], [-72.9983106651245, 2.5880495499031513], [-72.9983106651245, 2.587869231481371], [-72.99822050591361, 2.587869231481371], [-72.99822050591361, 2.5876889130595906], [-72.99804018749182, 2.5876889130595906], [-72.99804018749182, 2.58741843542692], [-72.99785986907006, 2.58741843542692], [-72.99785986907006, 2.5870577985833587], [-72.99822050591361, 2.5870577985833587], [-72.99822050591361, 2.5868774801615784], [-72.99840082433539, 2.5868774801615784], [-72.99840082433539, 2.5870577985833587], [-72.99876146117896, 2.5870577985833587], [-72.99876146117896, 2.587147957794249], [-72.99894177960073, 2.587147957794249], [-72.99894177960073, 2.5870577985833587], [-72.99912209802251, 2.5870577985833587], [-72.99912209802251, 2.5869676393724683], [-72.99975321249875, 2.5869676393724683], [-72.99975321249875, 2.5868774801615784], [-72.99984337170963, 2.5868774801615784], [-72.99984337170963, 2.5859758880526758], [-72.99966305328785, 2.5859758880526758], [-72.99966305328785, 2.5856152512091146], [-72.99948273486608, 2.5856152512091146], [-72.99948273486608, 2.5852546143655535], [-72.99939257565518, 2.5852546143655535], [-72.99939257565518, 2.5854349327873343], [-72.9993024164443, 2.5854349327873343], [-72.9993024164443, 2.585074295943773], [-72.99912209802251, 2.585074295943773], [-72.99912209802251, 2.5848939775219923], [-72.99885162038984, 2.5848939775219923], [-72.99885162038984, 2.585074295943773], [-72.99849098354628, 2.585074295943773], [-72.99849098354628, 2.5849841367328827], [-72.99822050591361, 2.5849841367328827], [-72.99822050591361, 2.5856152512091146], [-72.99840082433539, 2.5856152512091146], [-72.99840082433539, 2.5863365248962364], [-72.99822050591361, 2.5863365248962364], [-72.99822050591361, 2.5865168433180172], [-72.99804018749182, 2.5865168433180172], [-72.99804018749182, 2.5866971617397976], [-72.99749923222649, 2.5866971617397976], [-72.99749923222649, 2.586607002528907], [-72.9974090730156, 2.586607002528907], [-72.9974090730156, 2.5865168433180172], [-72.9973189138047, 2.5865168433180172], [-72.9973189138047, 2.5870577985833587], [-72.99749923222649, 2.5870577985833587], [-72.99749923222649, 2.587238117005139], [-72.99713859538292, 2.587238117005139], [-72.99713859538292, 2.58741843542692], [-72.99695827696115, 2.58741843542692], [-72.99695827696115, 2.588951142012054], [-72.99785986907006, 2.588951142012054], [-72.99785986907006, 2.5891314604338347], [-72.99804018749182, 2.5891314604338347], [-72.99804018749182, 2.5892216196447246], [-72.99822050591361, 2.5892216196447246], [-72.99822050591361, 2.589311778855615], [-72.99849098354628, 2.589311778855615], [-72.99849098354628, 2.5892216196447246], [-72.99858114275717, 2.5892216196447246], [-72.99858114275717, 2.589311778855615], [-72.99885162038984, 2.589311778855615], [-72.99885162038984, 2.5894019380665054], [-72.99894177960073, 2.5894019380665054], [-72.99894177960073, 2.5894920972773954], [-72.99903193881163, 2.5894920972773954]]]}}, {"id": "106", "type": "Feature", "properties": {"time_step": null}, "geometry": {"type": "Polygon", "coordinates": [[[-72.94800182544773, 2.5868774801615784], [-72.94800182544773, 2.5866971617397976], [-72.94818214386952, 2.5866971617397976], [-72.94818214386952, 2.5865168433180172], [-72.94827230308042, 2.5865168433180172], [-72.94827230308042, 2.586426684107127], [-72.9483624622913, 2.586426684107127], [-72.9483624622913, 2.586156206474456], [-72.94854278071308, 2.586156206474456], [-72.94854278071308, 2.5859758880526758], [-72.94872309913487, 2.5859758880526758], [-72.94872309913487, 2.5858857288417854], [-72.94890341755664, 2.5858857288417854], [-72.94890341755664, 2.585795569630895], [-72.94899357676753, 2.585795569630895], [-72.94899357676753, 2.585705410420005], [-72.94890341755664, 2.585705410420005], [-72.94890341755664, 2.5856152512091146], [-72.94899357676753, 2.5856152512091146], [-72.94899357676753, 2.5854349327873343], [-72.94890341755664, 2.5854349327873343], [-72.94890341755664, 2.5849841367328827], [-72.94899357676753, 2.5849841367328827], [-72.94899357676753, 2.5848939775219923], [-72.94908373597842, 2.5848939775219923], [-72.94908373597842, 2.5845333406784317], [-72.94890341755664, 2.5845333406784317], [-72.94890341755664, 2.584713659100212], [-72.94872309913487, 2.584713659100212], [-72.94872309913487, 2.5848939775219923], [-72.94863293992397, 2.5848939775219923], [-72.94863293992397, 2.5849841367328827], [-72.94854278071308, 2.5849841367328827], [-72.94854278071308, 2.5852546143655535], [-72.9483624622913, 2.5852546143655535], [-72.9483624622913, 2.5859758880526758], [-72.94809198465863, 2.5859758880526758], [-72.94809198465863, 2.5860660472635657], [-72.94800182544773, 2.5860660472635657], [-72.94800182544773, 2.586156206474456], [-72.94782150702596, 2.586156206474456], [-72.94782150702596, 2.5862463656853465], [-72.94773134781506, 2.5862463656853465], [-72.94773134781506, 2.5863365248962364], [-72.94764118860418, 2.5863365248962364], [-72.94764118860418, 2.5866971617397976], [-72.94782150702596, 2.5866971617397976], [-72.94782150702596, 2.5868774801615784], [-72.94800182544773, 2.5868774801615784]]]}}, {"id": "107", "type": "Feature", "properties": {"time_step": null}, "geometry": {"type": "Polygon", "coordinates": [[[-72.98036898215734, 2.5904838485971884], [-72.98036898215734, 2.589942893331847], [-72.98054930057911, 2.589942893331847], [-72.98054930057911, 2.5895822564882858], [-72.98063945979001, 2.5895822564882858], [-72.98063945979001, 2.5894019380665054], [-72.9807296190009, 2.5894019380665054], [-72.9807296190009, 2.5890413012229443], [-72.9808197782118, 2.5890413012229443], [-72.9808197782118, 2.588860982801164], [-72.98090993742268, 2.588860982801164], [-72.98090993742268, 2.588320027535822], [-72.98109025584446, 2.588320027535822], [-72.98109025584446, 2.5879593906922613], [-72.98118041505535, 2.5879593906922613], [-72.98118041505535, 2.5881397091140417], [-72.98127057426625, 2.5881397091140417], [-72.98127057426625, 2.5877790722704805], [-72.98181152953158, 2.5877790722704805], [-72.98181152953158, 2.5875987538487], [-72.98199184795337, 2.5875987538487], [-72.98199184795337, 2.5876889130595906], [-72.98208200716425, 2.5876889130595906], [-72.98208200716425, 2.5875987538487], [-72.98217216637515, 2.5875987538487], [-72.98217216637515, 2.5877790722704805], [-72.98271312164049, 2.5877790722704805], [-72.98271312164049, 2.58741843542692], [-72.98289344006227, 2.58741843542692], [-72.98289344006227, 2.5873282762160295], [-72.98298359927315, 2.5873282762160295], [-72.98298359927315, 2.58741843542692], [-72.98307375848405, 2.58741843542692], [-72.98307375848405, 2.587238117005139], [-72.98325407690582, 2.587238117005139], [-72.98325407690582, 2.5859758880526758], [-72.98307375848405, 2.5859758880526758], [-72.98307375848405, 2.5858857288417854], [-72.98316391769494, 2.5858857288417854], [-72.98316391769494, 2.585795569630895], [-72.98307375848405, 2.585795569630895], [-72.98307375848405, 2.5854349327873343], [-72.98289344006227, 2.5854349327873343], [-72.98289344006227, 2.5852546143655535], [-72.98271312164049, 2.5852546143655535], [-72.98271312164049, 2.585074295943773], [-72.9826229624296, 2.585074295943773], [-72.9826229624296, 2.5848939775219923], [-72.9825328032187, 2.5848939775219923], [-72.9825328032187, 2.584353022256651], [-72.98244264400782, 2.584353022256651], [-72.98244264400782, 2.5844431814675413], [-72.98235248479692, 2.5844431814675413], [-72.98235248479692, 2.585074295943773], [-72.98217216637515, 2.585074295943773], [-72.98217216637515, 2.5852546143655535], [-72.98199184795337, 2.5852546143655535], [-72.98199184795337, 2.585074295943773], [-72.98127057426625, 2.585074295943773], [-72.98127057426625, 2.5848939775219923], [-72.98109025584446, 2.5848939775219923], [-72.98109025584446, 2.584713659100212], [-72.98090993742268, 2.584713659100212], [-72.98090993742268, 2.5848939775219923], [-72.9807296190009, 2.5848939775219923], [-72.9807296190009, 2.5856152512091146], [-72.98100009663357, 2.5856152512091146], [-72.98100009663357, 2.585705410420005], [-72.98109025584446, 2.585705410420005], [-72.98109025584446, 2.585795569630895], [-72.98100009663357, 2.585795569630895], [-72.98100009663357, 2.5858857288417854], [-72.98090993742268, 2.5858857288417854], [-72.98090993742268, 2.5865168433180172], [-72.9808197782118, 2.5865168433180172], [-72.9808197782118, 2.586607002528907], [-72.98090993742268, 2.586607002528907], [-72.98090993742268, 2.5868774801615784], [-72.9808197782118, 2.5868774801615784], [-72.9808197782118, 2.5870577985833587], [-72.98090993742268, 2.5870577985833587], [-72.98090993742268, 2.5875987538487], [-72.98054930057911, 2.5875987538487], [-72.98054930057911, 2.5877790722704805], [-72.98000834531378, 2.5877790722704805], [-72.98000834531378, 2.5879593906922613], [-72.97946739004844, 2.5879593906922613], [-72.97946739004844, 2.5881397091140417], [-72.97856579793954, 2.5881397091140417], [-72.97856579793954, 2.588320027535822], [-72.97838547951775, 2.588320027535822], [-72.97838547951775, 2.588860982801164], [-72.97856579793954, 2.588860982801164], [-72.97856579793954, 2.5890413012229443], [-72.97874611636132, 2.5890413012229443], [-72.97874611636132, 2.5892216196447246], [-72.97892643478309, 2.5892216196447246], [-72.97892643478309, 2.5895822564882858], [-72.97910675320487, 2.5895822564882858], [-72.97910675320487, 2.589762574910066], [-72.97928707162666, 2.589762574910066], [-72.97928707162666, 2.589942893331847], [-72.97946739004844, 2.589942893331847], [-72.97946739004844, 2.5901232117536273], [-72.97964770847021, 2.5901232117536273], [-72.97964770847021, 2.590303530175408], [-72.97991818610289, 2.590303530175408], [-72.97991818610289, 2.590393689386298], [-72.98000834531378, 2.590393689386298], [-72.98000834531378, 2.5904838485971884], [-72.98036898215734, 2.5904838485971884]], [[-72.98109025584446, 2.5854349327873343], [-72.98090993742268, 2.5854349327873343], [-72.98090993742268, 2.5852546143655535], [-72.98109025584446, 2.5852546143655535], [-72.98109025584446, 2.5854349327873343]], [[-72.98127057426625, 2.5852546143655535], [-72.98109025584446, 2.5852546143655535], [-72.98109025584446, 2.5851644551546635], [-72.98118041505535, 2.5851644551546635], [-72.98118041505535, 2.585074295943773], [-72.98127057426625, 2.585074295943773], [-72.98127057426625, 2.5852546143655535]]]}}, {"id": "108", "type": "Feature", "properties": {"time_step": null}, "geometry": {"type": "Polygon", "coordinates": [[[-72.96837780710894, 2.588680664379383], [-72.96837780710894, 2.588590505168493], [-72.96855812553072, 2.588590505168493], [-72.96855812553072, 2.588500345957603], [-72.9687384439525, 2.588500345957603], [-72.9687384439525, 2.5879593906922613], [-72.96855812553072, 2.5879593906922613], [-72.96855812553072, 2.5877790722704805], [-72.96837780710894, 2.5877790722704805], [-72.96837780710894, 2.58741843542692], [-72.96855812553072, 2.58741843542692], [-72.96855812553072, 2.587238117005139], [-72.96891876237427, 2.587238117005139], [-72.96891876237427, 2.5869676393724683], [-72.96900892158517, 2.5869676393724683], [-72.96900892158517, 2.5868774801615784], [-72.96909908079606, 2.5868774801615784], [-72.96909908079606, 2.5865168433180172], [-72.96945971763962, 2.5865168433180172], [-72.96945971763962, 2.5863365248962364], [-72.96927939921784, 2.5863365248962364], [-72.96927939921784, 2.586156206474456], [-72.96891876237427, 2.586156206474456], [-72.96891876237427, 2.5859758880526758], [-72.9687384439525, 2.5859758880526758], [-72.9687384439525, 2.5856152512091146], [-72.96855812553072, 2.5856152512091146], [-72.96855812553072, 2.5854349327873343], [-72.96819748868715, 2.5854349327873343], [-72.96819748868715, 2.585074295943773], [-72.96801717026537, 2.585074295943773], [-72.96801717026537, 2.5841727038348705], [-72.9678368518436, 2.5841727038348705], [-72.9678368518436, 2.584353022256651], [-72.9677466926327, 2.584353022256651], [-72.9677466926327, 2.5845333406784317], [-72.96765653342182, 2.5845333406784317], [-72.96765653342182, 2.5863365248962364], [-72.96747621500003, 2.5863365248962364], [-72.96747621500003, 2.587238117005139], [-72.9678368518436, 2.587238117005139], [-72.9678368518436, 2.5873282762160295], [-72.96765653342182, 2.5873282762160295], [-72.96765653342182, 2.58741843542692], [-72.96747621500003, 2.58741843542692], [-72.96747621500003, 2.5873282762160295], [-72.96729589657825, 2.5873282762160295], [-72.96729589657825, 2.587238117005139], [-72.96711557815647, 2.587238117005139], [-72.96711557815647, 2.58741843542692], [-72.9669352597347, 2.58741843542692], [-72.9669352597347, 2.5875987538487], [-72.96675494131291, 2.5875987538487], [-72.96675494131291, 2.5880495499031513], [-72.9669352597347, 2.5880495499031513], [-72.9669352597347, 2.5881397091140417], [-72.96711557815647, 2.5881397091140417], [-72.96711557815647, 2.588320027535822], [-72.96720573736737, 2.588320027535822], [-72.96720573736737, 2.5884101867467124], [-72.96729589657825, 2.5884101867467124], [-72.96729589657825, 2.588500345957603], [-72.96747621500003, 2.588500345957603], [-72.96747621500003, 2.588680664379383], [-72.96837780710894, 2.588680664379383]], [[-72.96828764789805, 2.5875987538487], [-72.96819748868715, 2.5875987538487], [-72.96819748868715, 2.58750859463781], [-72.96828764789805, 2.58750859463781], [-72.96828764789805, 2.5875987538487]]]}}, {"id": "109", "type": "Feature", "properties": {"time_step": null}, "geometry": {"type": "Polygon", "coordinates": [[[-73.0075069046353, 2.592016555182323], [-73.0075069046353, 2.591836236760542], [-73.00768722305709, 2.591836236760542], [-73.00768722305709, 2.5916559183387617], [-73.00759706384619, 2.5916559183387617], [-73.00759706384619, 2.591475599916981], [-73.00732658621352, 2.591475599916981], [-73.00732658621352, 2.5912952814952006], [-73.00714626779174, 2.5912952814952006], [-73.00714626779174, 2.591385440706091], [-73.00705610858085, 2.591385440706091], [-73.00705610858085, 2.5912952814952006], [-73.00696594936997, 2.5912952814952006], [-73.00696594936997, 2.5911149630734203], [-73.00786754147887, 2.5911149630734203], [-73.00786754147887, 2.5909346446516395], [-73.00804785990064, 2.5909346446516395], [-73.00804785990064, 2.590754326229859], [-73.00822817832243, 2.590754326229859], [-73.00822817832243, 2.590574007808079], [-73.00840849674421, 2.590574007808079], [-73.00840849674421, 2.590393689386298], [-73.00876913358778, 2.590393689386298], [-73.00876913358778, 2.5902133709645176], [-73.00894945200955, 2.5902133709645176], [-73.00894945200955, 2.590033052542737], [-73.00912977043133, 2.590033052542737], [-73.00912977043133, 2.5894019380665054], [-73.00894945200955, 2.5894019380665054], [-73.00894945200955, 2.5892216196447246], [-73.00885929279866, 2.5892216196447246], [-73.00885929279866, 2.5891314604338347], [-73.00876913358778, 2.5891314604338347], [-73.00876913358778, 2.588951142012054], [-73.008588815166, 2.588951142012054], [-73.008588815166, 2.588229868324932], [-73.00831833753332, 2.588229868324932], [-73.00831833753332, 2.5881397091140417], [-73.00822817832243, 2.5881397091140417], [-73.00822817832243, 2.5879593906922613], [-73.00813801911154, 2.5879593906922613], [-73.00813801911154, 2.587869231481371], [-73.0075069046353, 2.587869231481371], [-73.0075069046353, 2.5876889130595906], [-73.00714626779174, 2.5876889130595906], [-73.00714626779174, 2.5875987538487], [-73.00723642700264, 2.5875987538487], [-73.00723642700264, 2.58750859463781], [-73.00732658621352, 2.58750859463781], [-73.00732658621352, 2.586787320950688], [-73.00723642700264, 2.586787320950688], [-73.00723642700264, 2.586607002528907], [-73.00696594936997, 2.586607002528907], [-73.00696594936997, 2.5865168433180172], [-73.00687579015907, 2.5865168433180172], [-73.00687579015907, 2.5862463656853465], [-73.00705610858085, 2.5862463656853465], [-73.00705610858085, 2.5860660472635657], [-73.00714626779174, 2.5860660472635657], [-73.00714626779174, 2.5858857288417854], [-73.00723642700264, 2.5858857288417854], [-73.00723642700264, 2.5855250919982242], [-73.00741674542442, 2.5855250919982242], [-73.00741674542442, 2.5851644551546635], [-73.0075069046353, 2.5851644551546635], [-73.0075069046353, 2.5852546143655535], [-73.00759706384619, 2.5852546143655535], [-73.00759706384619, 2.5851644551546635], [-73.00777738226797, 2.5851644551546635], [-73.00777738226797, 2.585074295943773], [-73.00768722305709, 2.585074295943773], [-73.00768722305709, 2.5849841367328827], [-73.00759706384619, 2.5849841367328827], [-73.00759706384619, 2.5848939775219923], [-73.0075069046353, 2.5848939775219923], [-73.0075069046353, 2.5849841367328827], [-73.00741674542442, 2.5849841367328827], [-73.00741674542442, 2.5848038183111024], [-73.00723642700264, 2.5848038183111024], [-73.00723642700264, 2.5846234998893216], [-73.00687579015907, 2.5846234998893216], [-73.00687579015907, 2.5844431814675413], [-73.00669547173729, 2.5844431814675413], [-73.00669547173729, 2.584262863045761], [-73.00651515331552, 2.584262863045761], [-73.00651515331552, 2.58408254462398], [-73.00642499410462, 2.58408254462398], [-73.00642499410462, 2.5841727038348705], [-73.00633483489374, 2.5841727038348705], [-73.00633483489374, 2.584262863045761], [-73.00615451647195, 2.584262863045761], [-73.00615451647195, 2.5844431814675413], [-73.00597419805017, 2.5844431814675413], [-73.00597419805017, 2.5846234998893216], [-73.00579387962838, 2.5846234998893216], [-73.00579387962838, 2.5848038183111024], [-73.00561356120662, 2.5848038183111024], [-73.00561356120662, 2.5846234998893216], [-73.00543324278483, 2.5846234998893216], [-73.00543324278483, 2.5844431814675413], [-73.00525292436305, 2.5844431814675413], [-73.00525292436305, 2.584353022256651], [-73.00507260594127, 2.584353022256651], [-73.00507260594127, 2.584262863045761], [-73.00489228751948, 2.584262863045761], [-73.00489228751948, 2.58408254462398], [-73.00453165067593, 2.58408254462398], [-73.00453165067593, 2.5844431814675413], [-73.00471196909771, 2.5844431814675413], [-73.00471196909771, 2.5846234998893216], [-73.00489228751948, 2.5846234998893216], [-73.00489228751948, 2.5848038183111024], [-73.00525292436305, 2.5848038183111024], [-73.00525292436305, 2.5849841367328827], [-73.00561356120662, 2.5849841367328827], [-73.00561356120662, 2.5851644551546635], [-73.00579387962838, 2.5851644551546635], [-73.00579387962838, 2.5852546143655535], [-73.00597419805017, 2.5852546143655535], [-73.00597419805017, 2.585344773576444], [-73.00606435726107, 2.585344773576444], [-73.00606435726107, 2.5855250919982242], [-73.00597419805017, 2.5855250919982242], [-73.00597419805017, 2.5862463656853465], [-73.00615451647195, 2.5862463656853465], [-73.00615451647195, 2.5869676393724683], [-73.00597419805017, 2.5869676393724683], [-73.00597419805017, 2.587147957794249], [-73.00588403883928, 2.587147957794249], [-73.00588403883928, 2.5869676393724683], [-73.00561356120662, 2.5869676393724683], [-73.00561356120662, 2.587147957794249], [-73.00579387962838, 2.587147957794249], [-73.00579387962838, 2.5873282762160295], [-73.00507260594127, 2.5873282762160295], [-73.00507260594127, 2.58750859463781], [-73.00516276515216, 2.58750859463781], [-73.00516276515216, 2.5875987538487], [-73.00525292436305, 2.5875987538487], [-73.00525292436305, 2.587869231481371], [-73.00507260594127, 2.587869231481371], [-73.00507260594127, 2.5880495499031513], [-73.00498244673038, 2.5880495499031513], [-73.00498244673038, 2.5879593906922613], [-73.00489228751948, 2.5879593906922613], [-73.00489228751948, 2.5880495499031513], [-73.0048021283086, 2.5880495499031513], [-73.0048021283086, 2.5879593906922613], [-73.00471196909771, 2.5879593906922613], [-73.00471196909771, 2.587869231481371], [-73.00435133225415, 2.587869231481371], [-73.00435133225415, 2.5880495499031513], [-73.00399069541058, 2.5880495499031513], [-73.00399069541058, 2.587869231481371], [-73.00381037698881, 2.587869231481371], [-73.00381037698881, 2.5876889130595906], [-73.00363005856703, 2.5876889130595906], [-73.00363005856703, 2.5875987538487], [-73.00344974014524, 2.5875987538487], [-73.00344974014524, 2.58750859463781], [-73.00326942172346, 2.58750859463781], [-73.00326942172346, 2.5876889130595906], [-73.0029087848799, 2.5876889130595906], [-73.0029087848799, 2.5877790722704805], [-73.00272846645812, 2.5877790722704805], [-73.00272846645812, 2.587869231481371], [-73.00263830724724, 2.587869231481371], [-73.00263830724724, 2.5877790722704805], [-73.00254814803634, 2.5877790722704805], [-73.00254814803634, 2.5876889130595906], [-73.00146623750565, 2.5876889130595906], [-73.00146623750565, 2.5877790722704805], [-73.00128591908388, 2.5877790722704805], [-73.00128591908388, 2.587869231481371], [-73.0011056006621, 2.587869231481371], [-73.0011056006621, 2.5880495499031513], [-73.00092528224032, 2.5880495499031513], [-73.00092528224032, 2.5884101867467124], [-73.0011056006621, 2.5884101867467124], [-73.0011056006621, 2.588590505168493], [-73.00146623750565, 2.588590505168493], [-73.00146623750565, 2.588680664379383], [-73.00155639671655, 2.588680664379383], [-73.00155639671655, 2.5887708235902736], [-73.00182687434922, 2.5887708235902736], [-73.00182687434922, 2.588951142012054], [-73.00164655592744, 2.588951142012054], [-73.00164655592744, 2.5894920972773954], [-73.00182687434922, 2.5894920972773954], [-73.00182687434922, 2.589672415699176], [-73.002007192771, 2.589672415699176], [-73.002007192771, 2.5898527341209565], [-73.00218751119279, 2.5898527341209565], [-73.00218751119279, 2.590574007808079], [-73.00227767040367, 2.590574007808079], [-73.00227767040367, 2.5906641670189687], [-73.00236782961456, 2.5906641670189687], [-73.00236782961456, 2.590754326229859], [-73.00254814803634, 2.590754326229859], [-73.00254814803634, 2.5909346446516395], [-73.00281862566901, 2.5909346446516395], [-73.00281862566901, 2.59102480386253], [-73.0029087848799, 2.59102480386253], [-73.0029087848799, 2.5911149630734203], [-73.00326942172346, 2.5911149630734203], [-73.00326942172346, 2.59102480386253], [-73.00335958093436, 2.59102480386253], [-73.00335958093436, 2.5909346446516395], [-73.00363005856703, 2.5909346446516395], [-73.00363005856703, 2.590754326229859], [-73.00381037698881, 2.590754326229859], [-73.00381037698881, 2.5906641670189687], [-73.0039005361997, 2.5906641670189687], [-73.0039005361997, 2.590574007808079], [-73.00408085462148, 2.590574007808079], [-73.00408085462148, 2.5906641670189687], [-73.00417101383236, 2.5906641670189687], [-73.00417101383236, 2.590754326229859], [-73.00435133225415, 2.590754326229859], [-73.00435133225415, 2.5909346446516395], [-73.00471196909771, 2.5909346446516395], [-73.00471196909771, 2.5911149630734203], [-73.00489228751948, 2.5911149630734203], [-73.00489228751948, 2.5912952814952006], [-73.00552340199572, 2.5912952814952006], [-73.00552340199572, 2.5911149630734203], [-73.00606435726107, 2.5911149630734203], [-73.00606435726107, 2.59120512228431], [-73.00615451647195, 2.59120512228431], [-73.00615451647195, 2.5912952814952006], [-73.00624467568284, 2.5912952814952006], [-73.00624467568284, 2.5916559183387617], [-73.00678563094819, 2.5916559183387617], [-73.00678563094819, 2.591475599916981], [-73.00696594936997, 2.591475599916981], [-73.00696594936997, 2.592016555182323], [-73.0075069046353, 2.592016555182323]], [[-73.00687579015907, 2.591385440706091], [-73.00678563094819, 2.591385440706091], [-73.00678563094819, 2.5912952814952006], [-73.00687579015907, 2.5912952814952006], [-73.00687579015907, 2.591385440706091]], [[-73.00669547173729, 2.587869231481371], [-73.00633483489374, 2.587869231481371], [-73.00633483489374, 2.5876889130595906], [-73.00651515331552, 2.5876889130595906], [-73.00651515331552, 2.5877790722704805], [-73.00669547173729, 2.5877790722704805], [-73.00669547173729, 2.587869231481371]], [[-73.00705610858085, 2.5877790722704805], [-73.00696594936997, 2.5877790722704805], [-73.00696594936997, 2.5876889130595906], [-73.00705610858085, 2.5876889130595906], [-73.00705610858085, 2.5877790722704805]]]}}, {"id": "110", "type": "Feature", "properties": {"time_step": null}, "geometry": {"type": "Polygon", "coordinates": [[[-72.98289344006227, 2.5841727038348705], [-72.98289344006227, 2.58399238541309], [-72.98307375848405, 2.58399238541309], [-72.98307375848405, 2.5838120669913094], [-72.98289344006227, 2.5838120669913094], [-72.98289344006227, 2.5834514301477487], [-72.98271312164049, 2.5834514301477487], [-72.98271312164049, 2.5829104748824068], [-72.98244264400782, 2.5829104748824068], [-72.98244264400782, 2.5827301564606264], [-72.98217216637515, 2.5827301564606264], [-72.98217216637515, 2.583271111725968], [-72.98235248479692, 2.583271111725968], [-72.98235248479692, 2.5839022262022], [-72.98226232558603, 2.5839022262022], [-72.98226232558603, 2.58408254462398], [-72.98235248479692, 2.58408254462398], [-72.98235248479692, 2.5841727038348705], [-72.98244264400782, 2.5841727038348705], [-72.98244264400782, 2.58408254462398], [-72.9825328032187, 2.58408254462398], [-72.9825328032187, 2.5841727038348705], [-72.98289344006227, 2.5841727038348705]]]}}, {"id": "111", "type": "Feature", "properties": {"time_step": null}, "geometry": {"type": "Polygon", "coordinates": [[[-72.98505726112363, 2.585074295943773], [-72.98505726112363, 2.5848939775219923], [-72.98523757954541, 2.5848939775219923], [-72.98523757954541, 2.584713659100212], [-72.9854178979672, 2.584713659100212], [-72.9854178979672, 2.5841727038348705], [-72.98523757954541, 2.5841727038348705], [-72.98523757954541, 2.58399238541309], [-72.98505726112363, 2.58399238541309], [-72.98505726112363, 2.5838120669913094], [-72.98487694270185, 2.5838120669913094], [-72.98487694270185, 2.583631748569529], [-72.98505726112363, 2.583631748569529], [-72.98505726112363, 2.583271111725968], [-72.98487694270185, 2.583271111725968], [-72.98487694270185, 2.583000634093297], [-72.98469662428008, 2.583000634093297], [-72.98469662428008, 2.5830907933041876], [-72.98460646506918, 2.5830907933041876], [-72.98460646506918, 2.5827301564606264], [-72.98451630585829, 2.5827301564606264], [-72.98451630585829, 2.582549838038846], [-72.98415566901473, 2.582549838038846], [-72.98415566901473, 2.5827301564606264], [-72.98406550980384, 2.5827301564606264], [-72.98406550980384, 2.5829104748824068], [-72.98397535059296, 2.5829104748824068], [-72.98397535059296, 2.583631748569529], [-72.98406550980384, 2.583631748569529], [-72.98406550980384, 2.58399238541309], [-72.98415566901473, 2.58399238541309], [-72.98415566901473, 2.584353022256651], [-72.98433598743651, 2.584353022256651], [-72.98433598743651, 2.5845333406784317], [-72.98451630585829, 2.5845333406784317], [-72.98451630585829, 2.5848939775219923], [-72.98469662428008, 2.5848939775219923], [-72.98469662428008, 2.585074295943773], [-72.98505726112363, 2.585074295943773]], [[-72.98478678349096, 2.583631748569529], [-72.98469662428008, 2.583631748569529], [-72.98469662428008, 2.5835415893586386], [-72.98478678349096, 2.5835415893586386], [-72.98478678349096, 2.583631748569529]]]}}, {"id": "112", "type": "Feature", "properties": {"time_step": null}, "geometry": {"type": "Polygon", "coordinates": [[[-72.9474608701824, 2.582639997249736], [-72.9474608701824, 2.5824596788279557], [-72.94764118860418, 2.5824596788279557], [-72.94764118860418, 2.5820990419843945], [-72.9474608701824, 2.5820990419843945], [-72.9474608701824, 2.5820088827735046], [-72.94737071097151, 2.5820088827735046], [-72.94737071097151, 2.581918723562614], [-72.94710023333883, 2.581918723562614], [-72.94710023333883, 2.581738405140834], [-72.94701007412795, 2.581738405140834], [-72.94701007412795, 2.5813777682972727], [-72.94664943728438, 2.5813777682972727], [-72.94664943728438, 2.581558086719053], [-72.94673959649528, 2.581558086719053], [-72.94673959649528, 2.581738405140834], [-72.94682975570616, 2.581738405140834], [-72.94682975570616, 2.581918723562614], [-72.94691991491706, 2.581918723562614], [-72.94691991491706, 2.5820088827735046], [-72.94682975570616, 2.5820088827735046], [-72.94682975570616, 2.5820990419843945], [-72.94664943728438, 2.5820990419843945], [-72.94664943728438, 2.581918723562614], [-72.94637895965171, 2.581918723562614], [-72.94637895965171, 2.5820088827735046], [-72.94628880044083, 2.5820088827735046], [-72.94628880044083, 2.5824596788279557], [-72.9465592780735, 2.5824596788279557], [-72.9465592780735, 2.582549838038846], [-72.94664943728438, 2.582549838038846], [-72.94664943728438, 2.5823695196170653], [-72.94673959649528, 2.5823695196170653], [-72.94673959649528, 2.5822793604061753], [-72.94682975570616, 2.5822793604061753], [-72.94682975570616, 2.582639997249736], [-72.9474608701824, 2.582639997249736]]]}}, {"id": "113", "type": "Feature", "properties": {"time_step": null}, "geometry": {"type": "Polygon", "coordinates": [[[-72.98677028613055, 2.5863365248962364], [-72.98677028613055, 2.586156206474456], [-72.98695060455233, 2.586156206474456], [-72.98695060455233, 2.5862463656853465], [-72.98704076376322, 2.5862463656853465], [-72.98704076376322, 2.5859758880526758], [-72.98731124139589, 2.5859758880526758], [-72.98731124139589, 2.585795569630895], [-72.98740140060679, 2.585795569630895], [-72.98740140060679, 2.5854349327873343], [-72.98758171902855, 2.5854349327873343], [-72.98758171902855, 2.5852546143655535], [-72.98776203745034, 2.5852546143655535], [-72.98776203745034, 2.585074295943773], [-72.98794235587212, 2.585074295943773], [-72.98794235587212, 2.5852546143655535], [-72.9881226742939, 2.5852546143655535], [-72.9881226742939, 2.585344773576444], [-72.98830299271569, 2.585344773576444], [-72.98830299271569, 2.5852546143655535], [-72.98848331113746, 2.5852546143655535], [-72.98848331113746, 2.584353022256651], [-72.98857347034836, 2.584353022256651], [-72.98857347034836, 2.5841727038348705], [-72.98866362955924, 2.5841727038348705], [-72.98866362955924, 2.5838120669913094], [-72.98920458482458, 2.5838120669913094], [-72.98920458482458, 2.583631748569529], [-72.98956522166814, 2.583631748569529], [-72.98956522166814, 2.5835415893586386], [-72.98974554008993, 2.5835415893586386], [-72.98974554008993, 2.5834514301477487], [-72.98992585851171, 2.5834514301477487], [-72.98992585851171, 2.583271111725968], [-72.9900160177226, 2.583271111725968], [-72.9900160177226, 2.5831809525150775], [-72.99010617693348, 2.5831809525150775], [-72.99010617693348, 2.5829104748824068], [-72.99028649535526, 2.5829104748824068], [-72.99028649535526, 2.5823695196170653], [-72.98992585851171, 2.5823695196170653], [-72.98992585851171, 2.5814679275081627], [-72.98974554008993, 2.5814679275081627], [-72.98974554008993, 2.5812876090863823], [-72.98938490324636, 2.5812876090863823], [-72.98938490324636, 2.5814679275081627], [-72.98956522166814, 2.5814679275081627], [-72.98956522166814, 2.581828564351724], [-72.98938490324636, 2.581828564351724], [-72.98938490324636, 2.5820088827735046], [-72.98902426640281, 2.5820088827735046], [-72.98902426640281, 2.581828564351724], [-72.98884394798102, 2.581828564351724], [-72.98884394798102, 2.5820088827735046], [-72.98875378877014, 2.5820088827735046], [-72.98875378877014, 2.581918723562614], [-72.98866362955924, 2.581918723562614], [-72.98866362955924, 2.5823695196170653], [-72.98776203745034, 2.5823695196170653], [-72.98776203745034, 2.582189201195285], [-72.98695060455233, 2.582189201195285], [-72.98695060455233, 2.5822793604061753], [-72.98686044534143, 2.5822793604061753], [-72.98686044534143, 2.582549838038846], [-72.98668012691965, 2.582549838038846], [-72.98668012691965, 2.5829104748824068], [-72.98649980849788, 2.5829104748824068], [-72.98649980849788, 2.5833612709368583], [-72.98640964928698, 2.5833612709368583], [-72.98640964928698, 2.583631748569529], [-72.9863194900761, 2.583631748569529], [-72.9863194900761, 2.5841727038348705], [-72.98640964928698, 2.5841727038348705], [-72.98640964928698, 2.584353022256651], [-72.98668012691965, 2.584353022256651], [-72.98668012691965, 2.5838120669913094], [-72.98686044534143, 2.5838120669913094], [-72.98686044534143, 2.583631748569529], [-72.98704076376322, 2.583631748569529], [-72.98704076376322, 2.5834514301477487], [-72.98731124139589, 2.5834514301477487], [-72.98731124139589, 2.583271111725968], [-72.98740140060679, 2.583271111725968], [-72.98740140060679, 2.5829104748824068], [-72.98758171902855, 2.5829104748824068], [-72.98758171902855, 2.5827301564606264], [-72.98794235587212, 2.5827301564606264], [-72.98794235587212, 2.5829104748824068], [-72.988032515083, 2.5829104748824068], [-72.988032515083, 2.583000634093297], [-72.9881226742939, 2.583000634093297], [-72.9881226742939, 2.583271111725968], [-72.98830299271569, 2.583271111725968], [-72.98830299271569, 2.5835415893586386], [-72.98821283350479, 2.5835415893586386], [-72.98821283350479, 2.583631748569529], [-72.9881226742939, 2.583631748569529], [-72.9881226742939, 2.5838120669913094], [-72.98776203745034, 2.5838120669913094], [-72.98776203745034, 2.58399238541309], [-72.98758171902855, 2.58399238541309], [-72.98758171902855, 2.5841727038348705], [-72.98740140060679, 2.5841727038348705], [-72.98740140060679, 2.584353022256651], [-72.98758171902855, 2.584353022256651], [-72.98758171902855, 2.5848939775219923], [-72.987221082185, 2.5848939775219923], [-72.987221082185, 2.5849841367328827], [-72.9871309229741, 2.5849841367328827], [-72.9871309229741, 2.585074295943773], [-72.98649980849788, 2.585074295943773], [-72.98649980849788, 2.586156206474456], [-72.98668012691965, 2.586156206474456], [-72.98668012691965, 2.5863365248962364], [-72.98677028613055, 2.5863365248962364]], [[-72.98992585851171, 2.582549838038846], [-72.98983569930081, 2.582549838038846], [-72.98983569930081, 2.5824596788279557], [-72.98974554008993, 2.5824596788279557], [-72.98974554008993, 2.5823695196170653], [-72.98992585851171, 2.5823695196170653], [-72.98992585851171, 2.582549838038846]]]}}, {"id": "114", "type": "Feature", "properties": {"time_step": null}, "geometry": {"type": "Polygon", "coordinates": [[[-72.96621398604756, 2.5823695196170653], [-72.96621398604756, 2.582189201195285], [-72.96675494131291, 2.582189201195285], [-72.96675494131291, 2.581828564351724], [-72.9669352597347, 2.581828564351724], [-72.9669352597347, 2.581558086719053], [-72.9668451005238, 2.581558086719053], [-72.9668451005238, 2.5814679275081627], [-72.96675494131291, 2.5814679275081627], [-72.96675494131291, 2.5812876090863823], [-72.96576318999311, 2.5812876090863823], [-72.96576318999311, 2.5813777682972727], [-72.96567303078223, 2.5813777682972727], [-72.96567303078223, 2.582189201195285], [-72.9659435084149, 2.582189201195285], [-72.9659435084149, 2.5822793604061753], [-72.9660336676258, 2.5822793604061753], [-72.9660336676258, 2.5823695196170653], [-72.96621398604756, 2.5823695196170653]]]}}, {"id": "115", "type": "Feature", "properties": {"time_step": null}, "geometry": {"type": "Polygon", "coordinates": [[[-72.987221082185, 2.5820088827735046], [-72.987221082185, 2.581828564351724], [-72.98794235587212, 2.581828564351724], [-72.98794235587212, 2.5816482459299435], [-72.9881226742939, 2.5816482459299435], [-72.9881226742939, 2.581558086719053], [-72.98830299271569, 2.581558086719053], [-72.98830299271569, 2.5814679275081627], [-72.9881226742939, 2.5814679275081627], [-72.9881226742939, 2.5812876090863823], [-72.98785219666124, 2.5812876090863823], [-72.98785219666124, 2.581107290664602], [-72.98767187823945, 2.581107290664602], [-72.98767187823945, 2.580926972242821], [-72.98740140060679, 2.580926972242821], [-72.98740140060679, 2.5810171314537116], [-72.987221082185, 2.5810171314537116], [-72.987221082185, 2.5814679275081627], [-72.98704076376322, 2.5814679275081627], [-72.98704076376322, 2.5820088827735046], [-72.987221082185, 2.5820088827735046]]]}}, {"id": "116", "type": "Feature", "properties": {"time_step": null}, "geometry": {"type": "Polygon", "coordinates": [[[-72.97360704134057, 2.5848939775219923], [-72.97360704134057, 2.5835415893586386], [-72.97369720055146, 2.5835415893586386], [-72.97369720055146, 2.583631748569529], [-72.97396767818414, 2.583631748569529], [-72.97396767818414, 2.5830907933041876], [-72.97378735976235, 2.5830907933041876], [-72.97378735976235, 2.583000634093297], [-72.97405783739502, 2.583000634093297], [-72.97405783739502, 2.5830907933041876], [-72.97414799660591, 2.5830907933041876], [-72.97414799660591, 2.5827301564606264], [-72.97432831502769, 2.5827301564606264], [-72.97432831502769, 2.582549838038846], [-72.97450863344947, 2.582549838038846], [-72.97450863344947, 2.5823695196170653], [-72.97468895187126, 2.5823695196170653], [-72.97468895187126, 2.582189201195285], [-72.97486927029303, 2.582189201195285], [-72.97486927029303, 2.5820088827735046], [-72.97504958871481, 2.5820088827735046], [-72.97504958871481, 2.581828564351724], [-72.97541022555838, 2.581828564351724], [-72.97541022555838, 2.5820088827735046], [-72.97559054398016, 2.5820088827735046], [-72.97559054398016, 2.582189201195285], [-72.97577086240193, 2.582189201195285], [-72.97577086240193, 2.5823695196170653], [-72.97595118082371, 2.5823695196170653], [-72.97595118082371, 2.582549838038846], [-72.9761314992455, 2.582549838038846], [-72.9761314992455, 2.5827301564606264], [-72.97631181766728, 2.5827301564606264], [-72.97631181766728, 2.5830907933041876], [-72.97649213608906, 2.5830907933041876], [-72.97649213608906, 2.583271111725968], [-72.97667245451083, 2.583271111725968], [-72.97667245451083, 2.5829104748824068], [-72.97676261372173, 2.5829104748824068], [-72.97676261372173, 2.5827301564606264], [-72.97667245451083, 2.5827301564606264], [-72.97667245451083, 2.582189201195285], [-72.97649213608906, 2.582189201195285], [-72.97649213608906, 2.5820088827735046], [-72.97631181766728, 2.5820088827735046], [-72.97631181766728, 2.581828564351724], [-72.9761314992455, 2.581828564351724], [-72.9761314992455, 2.5816482459299435], [-72.97595118082371, 2.5816482459299435], [-72.97595118082371, 2.5814679275081627], [-72.97577086240193, 2.5814679275081627], [-72.97577086240193, 2.5812876090863823], [-72.97559054398016, 2.5812876090863823], [-72.97559054398016, 2.581107290664602], [-72.97541022555838, 2.581107290664602], [-72.97541022555838, 2.580926972242821], [-72.97495942950393, 2.580926972242821], [-72.97495942950393, 2.5808368130319312], [-72.97486927029303, 2.5808368130319312], [-72.97486927029303, 2.580926972242821], [-72.97468895187126, 2.580926972242821], [-72.97468895187126, 2.581107290664602], [-72.97414799660591, 2.581107290664602], [-72.97414799660591, 2.580926972242821], [-72.97360704134057, 2.580926972242821], [-72.97360704134057, 2.5812876090863823], [-72.97369720055146, 2.5812876090863823], [-72.97369720055146, 2.5813777682972727], [-72.97378735976235, 2.5813777682972727], [-72.97378735976235, 2.5814679275081627], [-72.97405783739502, 2.5814679275081627], [-72.97405783739502, 2.581558086719053], [-72.97414799660591, 2.581558086719053], [-72.97414799660591, 2.581828564351724], [-72.97396767818414, 2.581828564351724], [-72.97396767818414, 2.5820088827735046], [-72.97378735976235, 2.5820088827735046], [-72.97378735976235, 2.581828564351724], [-72.97369720055146, 2.581828564351724], [-72.97369720055146, 2.581918723562614], [-72.97360704134057, 2.581918723562614], [-72.97360704134057, 2.5820088827735046], [-72.97342672291879, 2.5820088827735046], [-72.97342672291879, 2.582189201195285], [-72.97306608607524, 2.582189201195285], [-72.97306608607524, 2.5823695196170653], [-72.97315624528612, 2.5823695196170653], [-72.97315624528612, 2.5824596788279557], [-72.973246404497, 2.5824596788279557], [-72.973246404497, 2.582549838038846], [-72.97360704134057, 2.582549838038846], [-72.97360704134057, 2.5827301564606264], [-72.97396767818414, 2.5827301564606264], [-72.97396767818414, 2.582820315671517], [-72.97387751897324, 2.582820315671517], [-72.97387751897324, 2.5829104748824068], [-72.97360704134057, 2.5829104748824068], [-72.97360704134057, 2.583000634093297], [-72.97342672291879, 2.583000634093297], [-72.97342672291879, 2.5830907933041876], [-72.97252513080988, 2.5830907933041876], [-72.97252513080988, 2.5834514301477487], [-72.97189401633365, 2.5834514301477487], [-72.97189401633365, 2.5833612709368583], [-72.97180385712277, 2.5833612709368583], [-72.97180385712277, 2.5827301564606264], [-72.97162353870098, 2.5827301564606264], [-72.97162353870098, 2.582549838038846], [-72.9714432202792, 2.582549838038846], [-72.9714432202792, 2.583271111725968], [-72.9715333794901, 2.583271111725968], [-72.9715333794901, 2.5831809525150775], [-72.97162353870098, 2.5831809525150775], [-72.97162353870098, 2.58399238541309], [-72.97180385712277, 2.58399238541309], [-72.97180385712277, 2.5841727038348705], [-72.9723448123881, 2.5841727038348705], [-72.9723448123881, 2.5845333406784317], [-72.97288576765345, 2.5845333406784317], [-72.97288576765345, 2.584713659100212], [-72.973246404497, 2.584713659100212], [-72.973246404497, 2.5848939775219923], [-72.97360704134057, 2.5848939775219923]], [[-72.97270544923167, 2.583631748569529], [-72.97252513080988, 2.583631748569529], [-72.97252513080988, 2.5834514301477487], [-72.97261529002078, 2.5834514301477487], [-72.97261529002078, 2.5833612709368583], [-72.97270544923167, 2.5833612709368583], [-72.97270544923167, 2.583271111725968], [-72.97288576765345, 2.583271111725968], [-72.97288576765345, 2.5833612709368583], [-72.97297592686434, 2.5833612709368583], [-72.97297592686434, 2.5834514301477487], [-72.97270544923167, 2.5834514301477487], [-72.97270544923167, 2.583631748569529]], [[-72.97360704134057, 2.5834514301477487], [-72.97342672291879, 2.5834514301477487], [-72.97342672291879, 2.5833612709368583], [-72.97360704134057, 2.5833612709368583], [-72.97360704134057, 2.5834514301477487]], [[-72.973246404497, 2.5834514301477487], [-72.97306608607524, 2.5834514301477487], [-72.97306608607524, 2.5833612709368583], [-72.973246404497, 2.5833612709368583], [-72.973246404497, 2.5834514301477487]]]}}, {"id": "117", "type": "Feature", "properties": {"time_step": null}, "geometry": {"type": "Polygon", "coordinates": [[[-72.99407318221266, 2.582549838038846], [-72.99407318221266, 2.579664743290358], [-72.99389286379088, 2.579664743290358], [-72.99389286379088, 2.580025380133919], [-72.99380270457999, 2.580025380133919], [-72.99380270457999, 2.5803860169774797], [-72.99335190852554, 2.5803860169774797], [-72.99335190852554, 2.5805663353992605], [-72.99317159010376, 2.5805663353992605], [-72.99317159010376, 2.581107290664602], [-72.99281095326019, 2.581107290664602], [-72.99281095326019, 2.5812876090863823], [-72.99308143089287, 2.5812876090863823], [-72.99308143089287, 2.5813777682972727], [-72.99317159010376, 2.5813777682972727], [-72.99317159010376, 2.5816482459299435], [-72.99308143089287, 2.5816482459299435], [-72.99308143089287, 2.581738405140834], [-72.99299127168197, 2.581738405140834], [-72.99299127168197, 2.5820088827735046], [-72.99317159010376, 2.5820088827735046], [-72.99317159010376, 2.582189201195285], [-72.99353222694732, 2.582189201195285], [-72.99353222694732, 2.5823695196170653], [-72.99371254536909, 2.5823695196170653], [-72.99371254536909, 2.5824596788279557], [-72.99380270457999, 2.5824596788279557], [-72.99380270457999, 2.582549838038846], [-72.99407318221266, 2.582549838038846]]]}}, {"id": "118", "type": "Feature", "properties": {"time_step": null}, "geometry": {"type": "Polygon", "coordinates": [[[-72.93501889907954, 2.581558086719053], [-72.93501889907954, 2.5814679275081627], [-72.93510905829044, 2.5814679275081627], [-72.93510905829044, 2.5810171314537116], [-72.9352893767122, 2.5810171314537116], [-72.9352893767122, 2.58047617618837], [-72.93546969513399, 2.58047617618837], [-72.93546969513399, 2.5802958577665898], [-72.93565001355577, 2.5802958577665898], [-72.93565001355577, 2.5795745840794675], [-72.93546969513399, 2.5795745840794675], [-72.93546969513399, 2.579484424868577], [-72.9352893767122, 2.579484424868577], [-72.9352893767122, 2.579394265657687], [-72.93510905829044, 2.579394265657687], [-72.93510905829044, 2.5795745840794675], [-72.93474842144687, 2.5795745840794675], [-72.93474842144687, 2.579754902501248], [-72.93456810302509, 2.579754902501248], [-72.93456810302509, 2.580025380133919], [-72.9344779438142, 2.580025380133919], [-72.9344779438142, 2.5799352209230286], [-72.93402714775975, 2.5799352209230286], [-72.93402714775975, 2.580115539344809], [-72.93384682933797, 2.580115539344809], [-72.93384682933797, 2.5802958577665898], [-72.93366651091618, 2.5802958577665898], [-72.93366651091618, 2.5808368130319312], [-72.93384682933797, 2.5808368130319312], [-72.93384682933797, 2.5810171314537116], [-72.93411730697063, 2.5810171314537116], [-72.93411730697063, 2.581107290664602], [-72.93402714775975, 2.581107290664602], [-72.93402714775975, 2.5813777682972727], [-72.93420746618153, 2.5813777682972727], [-72.93420746618153, 2.581558086719053], [-72.93501889907954, 2.581558086719053]]]}}, {"id": "119", "type": "Feature", "properties": {"time_step": null}, "geometry": {"type": "Polygon", "coordinates": [[[-72.99046681377705, 2.5814679275081627], [-72.99046681377705, 2.581197449875492], [-72.99055697298793, 2.581197449875492], [-72.99055697298793, 2.5812876090863823], [-72.99064713219883, 2.5812876090863823], [-72.99064713219883, 2.58047617618837], [-72.99046681377705, 2.58047617618837], [-72.99046681377705, 2.5799352209230286], [-72.99055697298793, 2.5799352209230286], [-72.99055697298793, 2.580025380133919], [-72.99064713219883, 2.580025380133919], [-72.99064713219883, 2.5798450617121382], [-72.99073729140972, 2.5798450617121382], [-72.99073729140972, 2.580025380133919], [-72.99082745062061, 2.580025380133919], [-72.99082745062061, 2.5802056985556994], [-72.99100776904238, 2.5802056985556994], [-72.99100776904238, 2.580025380133919], [-72.99118808746417, 2.580025380133919], [-72.99118808746417, 2.579754902501248], [-72.99109792825328, 2.579754902501248], [-72.99109792825328, 2.5798450617121382], [-72.99100776904238, 2.5798450617121382], [-72.99100776904238, 2.579664743290358], [-72.99082745062061, 2.579664743290358], [-72.99082745062061, 2.5795745840794675], [-72.9909176098315, 2.5795745840794675], [-72.9909176098315, 2.579484424868577], [-72.99073729140972, 2.579484424868577], [-72.99073729140972, 2.5795745840794675], [-72.99064713219883, 2.5795745840794675], [-72.99064713219883, 2.579484424868577], [-72.99046681377705, 2.579484424868577], [-72.99046681377705, 2.5793041064467968], [-72.99010617693348, 2.5793041064467968], [-72.99010617693348, 2.579484424868577], [-72.99028649535526, 2.579484424868577], [-72.99028649535526, 2.5798450617121382], [-72.99019633614438, 2.5798450617121382], [-72.99019633614438, 2.5799352209230286], [-72.99010617693348, 2.5799352209230286], [-72.99010617693348, 2.5802056985556994], [-72.99028649535526, 2.5802056985556994], [-72.99028649535526, 2.58047617618837], [-72.99010617693348, 2.58047617618837], [-72.99010617693348, 2.580746653821041], [-72.99046681377705, 2.580746653821041], [-72.99046681377705, 2.5808368130319312], [-72.99055697298793, 2.5808368130319312], [-72.99055697298793, 2.581107290664602], [-72.99010617693348, 2.581107290664602], [-72.99010617693348, 2.5812876090863823], [-72.99028649535526, 2.5812876090863823], [-72.99028649535526, 2.5814679275081627], [-72.99046681377705, 2.5814679275081627]]]}}, {"id": "120", "type": "Feature", "properties": {"time_step": null}, "geometry": {"type": "Polygon", "coordinates": [[[-72.93456810302509, 2.5795745840794675], [-72.93456810302509, 2.579394265657687], [-72.93474842144687, 2.579394265657687], [-72.93474842144687, 2.579033628814126], [-72.93456810302509, 2.579033628814126], [-72.93456810302509, 2.5788533103923457], [-72.93510905829044, 2.5788533103923457], [-72.93510905829044, 2.5784926735487845], [-72.93474842144687, 2.5784926735487845], [-72.93474842144687, 2.578312355127004], [-72.9343877846033, 2.578312355127004], [-72.9343877846033, 2.5784926735487845], [-72.93456810302509, 2.5784926735487845], [-72.93456810302509, 2.578672991970565], [-72.93402714775975, 2.578672991970565], [-72.93402714775975, 2.578312355127004], [-72.93384682933797, 2.578312355127004], [-72.93384682933797, 2.5781320367052234], [-72.93348619249441, 2.5781320367052234], [-72.93348619249441, 2.578041877494333], [-72.93330587407263, 2.578041877494333], [-72.93330587407263, 2.5781320367052234], [-72.93312555565085, 2.5781320367052234], [-72.93312555565085, 2.578312355127004], [-72.93294523722906, 2.578312355127004], [-72.93294523722906, 2.5784926735487845], [-72.93276491880728, 2.5784926735487845], [-72.93276491880728, 2.5788533103923457], [-72.93294523722906, 2.5788533103923457], [-72.93294523722906, 2.579033628814126], [-72.93312555565085, 2.579033628814126], [-72.93312555565085, 2.5792139472359064], [-72.93330587407263, 2.5792139472359064], [-72.93330587407263, 2.5791237880250164], [-72.93339603328351, 2.5791237880250164], [-72.93339603328351, 2.5792139472359064], [-72.93384682933797, 2.5792139472359064], [-72.93384682933797, 2.5788533103923457], [-72.93402714775975, 2.5788533103923457], [-72.93402714775975, 2.5795745840794675], [-72.93456810302509, 2.5795745840794675]]]}}, {"id": "121", "type": "Feature", "properties": {"time_step": null}, "geometry": {"type": "Polygon", "coordinates": [[[-72.99533541116512, 2.5868774801615784], [-72.99533541116512, 2.5866971617397976], [-72.9955157295869, 2.5866971617397976], [-72.9955157295869, 2.5865168433180172], [-72.99569604800868, 2.5865168433180172], [-72.99569604800868, 2.586156206474456], [-72.99587636643047, 2.586156206474456], [-72.99587636643047, 2.5859758880526758], [-72.99596652564135, 2.5859758880526758], [-72.99596652564135, 2.585795569630895], [-72.99605668485225, 2.585795569630895], [-72.99605668485225, 2.585074295943773], [-72.99623700327402, 2.585074295943773], [-72.99623700327402, 2.584353022256651], [-72.9964173216958, 2.584353022256651], [-72.9964173216958, 2.58399238541309], [-72.9965074809067, 2.58399238541309], [-72.9965074809067, 2.5839022262022], [-72.99659764011759, 2.5839022262022], [-72.99659764011759, 2.5834514301477487], [-72.99677795853937, 2.5834514301477487], [-72.99677795853937, 2.583631748569529], [-72.99695827696115, 2.583631748569529], [-72.99695827696115, 2.5838120669913094], [-72.99758939143737, 2.5838120669913094], [-72.99758939143737, 2.583631748569529], [-72.99767955064827, 2.583631748569529], [-72.99767955064827, 2.5829104748824068], [-72.99785986907006, 2.5829104748824068], [-72.99785986907006, 2.582820315671517], [-72.99804018749182, 2.582820315671517], [-72.99804018749182, 2.5827301564606264], [-72.99822050591361, 2.5827301564606264], [-72.99822050591361, 2.581828564351724], [-72.99785986907006, 2.581828564351724], [-72.99785986907006, 2.5816482459299435], [-72.99749923222649, 2.5816482459299435], [-72.99749923222649, 2.5814679275081627], [-72.9974090730156, 2.5814679275081627], [-72.9974090730156, 2.581197449875492], [-72.99749923222649, 2.581197449875492], [-72.99749923222649, 2.581107290664602], [-72.99785986907006, 2.581107290664602], [-72.99785986907006, 2.580926972242821], [-72.99804018749182, 2.580926972242821], [-72.99804018749182, 2.580746653821041], [-72.99822050591361, 2.580746653821041], [-72.99822050591361, 2.5805663353992605], [-72.99804018749182, 2.5805663353992605], [-72.99804018749182, 2.5802056985556994], [-72.99785986907006, 2.5802056985556994], [-72.99785986907006, 2.580025380133919], [-72.99767955064827, 2.580025380133919], [-72.99767955064827, 2.5798450617121382], [-72.99749923222649, 2.5798450617121382], [-72.99749923222649, 2.579664743290358], [-72.9973189138047, 2.579664743290358], [-72.9973189138047, 2.5795745840794675], [-72.99722875459382, 2.5795745840794675], [-72.99722875459382, 2.579484424868577], [-72.99713859538292, 2.579484424868577], [-72.99713859538292, 2.5791237880250164], [-72.99704843617204, 2.5791237880250164], [-72.99704843617204, 2.579033628814126], [-72.99695827696115, 2.579033628814126], [-72.99695827696115, 2.5776812406507723], [-72.99677795853937, 2.5776812406507723], [-72.99677795853937, 2.5777713998616623], [-72.99668779932847, 2.5777713998616623], [-72.99668779932847, 2.5778615590725527], [-72.99659764011759, 2.5778615590725527], [-72.99659764011759, 2.578041877494333], [-72.9964173216958, 2.578041877494333], [-72.9964173216958, 2.578402514337894], [-72.99623700327402, 2.578402514337894], [-72.99623700327402, 2.5784926735487845], [-72.99614684406313, 2.5784926735487845], [-72.99614684406313, 2.578582832759675], [-72.99605668485225, 2.578582832759675], [-72.99605668485225, 2.5788533103923457], [-72.99596652564135, 2.5788533103923457], [-72.99596652564135, 2.5789434696032356], [-72.99587636643047, 2.5789434696032356], [-72.99587636643047, 2.5791237880250164], [-72.99569604800868, 2.5791237880250164], [-72.99569604800868, 2.5793041064467968], [-72.9955157295869, 2.5793041064467968], [-72.9955157295869, 2.579484424868577], [-72.9956058887978, 2.579484424868577], [-72.9956058887978, 2.579664743290358], [-72.99569604800868, 2.579664743290358], [-72.99569604800868, 2.5802056985556994], [-72.99587636643047, 2.5802056985556994], [-72.99587636643047, 2.580926972242821], [-72.99605668485225, 2.580926972242821], [-72.99605668485225, 2.5813777682972727], [-72.99596652564135, 2.5813777682972727], [-72.99596652564135, 2.5814679275081627], [-72.99587636643047, 2.5814679275081627], [-72.99587636643047, 2.5823695196170653], [-72.99569604800868, 2.5823695196170653], [-72.99569604800868, 2.5829104748824068], [-72.99578620721957, 2.5829104748824068], [-72.99578620721957, 2.583271111725968], [-72.99587636643047, 2.583271111725968], [-72.99587636643047, 2.5838120669913094], [-72.99569604800868, 2.5838120669913094], [-72.99569604800868, 2.58399238541309], [-72.99533541116512, 2.58399238541309], [-72.99533541116512, 2.5838120669913094], [-72.99515509274335, 2.5838120669913094], [-72.99515509274335, 2.5834514301477487], [-72.99497477432156, 2.5834514301477487], [-72.99497477432156, 2.5831809525150775], [-72.99488461511066, 2.5831809525150775], [-72.99488461511066, 2.5830907933041876], [-72.994614137478, 2.5830907933041876], [-72.994614137478, 2.5829104748824068], [-72.99443381905621, 2.5829104748824068], [-72.99443381905621, 2.5827301564606264], [-72.99389286379088, 2.5827301564606264], [-72.99389286379088, 2.582639997249736], [-72.99380270457999, 2.582639997249736], [-72.99380270457999, 2.582549838038846], [-72.99353222694732, 2.582549838038846], [-72.99353222694732, 2.5829104748824068], [-72.99344206773642, 2.5829104748824068], [-72.99344206773642, 2.583000634093297], [-72.99335190852554, 2.583000634093297], [-72.99335190852554, 2.582549838038846], [-72.99317159010376, 2.582549838038846], [-72.99317159010376, 2.5823695196170653], [-72.99299127168197, 2.5823695196170653], [-72.99299127168197, 2.582189201195285], [-72.99263063483842, 2.582189201195285], [-72.99263063483842, 2.5820088827735046], [-72.99226999799485, 2.5820088827735046], [-72.99226999799485, 2.581918723562614], [-72.99217983878397, 2.581918723562614], [-72.99217983878397, 2.581828564351724], [-72.99172904272952, 2.581828564351724], [-72.99172904272952, 2.5820088827735046], [-72.99082745062061, 2.5820088827735046], [-72.99082745062061, 2.5823695196170653], [-72.99127824667507, 2.5823695196170653], [-72.99127824667507, 2.5822793604061753], [-72.99136840588595, 2.5822793604061753], [-72.99136840588595, 2.5823695196170653], [-72.99172904272952, 2.5823695196170653], [-72.99172904272952, 2.582549838038846], [-72.99190936115129, 2.582549838038846], [-72.99190936115129, 2.5829104748824068], [-72.99208967957307, 2.5829104748824068], [-72.99208967957307, 2.583271111725968], [-72.99226999799485, 2.583271111725968], [-72.99226999799485, 2.5834514301477487], [-72.99245031641664, 2.5834514301477487], [-72.99245031641664, 2.583631748569529], [-72.99263063483842, 2.583631748569529], [-72.99263063483842, 2.5839022262022], [-72.9927207940493, 2.5839022262022], [-72.9927207940493, 2.58399238541309], [-72.99281095326019, 2.58399238541309], [-72.99281095326019, 2.5841727038348705], [-72.99290111247109, 2.5841727038348705], [-72.99290111247109, 2.584262863045761], [-72.99299127168197, 2.584262863045761], [-72.99299127168197, 2.5846234998893216], [-72.99308143089287, 2.5846234998893216], [-72.99308143089287, 2.584713659100212], [-72.99317159010376, 2.584713659100212], [-72.99317159010376, 2.5848939775219923], [-72.99344206773642, 2.5848939775219923], [-72.99344206773642, 2.5849841367328827], [-72.99353222694732, 2.5849841367328827], [-72.99353222694732, 2.5854349327873343], [-72.99371254536909, 2.5854349327873343], [-72.99371254536909, 2.5863365248962364], [-72.99389286379088, 2.5863365248962364], [-72.99389286379088, 2.5865168433180172], [-72.99407318221266, 2.5865168433180172], [-72.99407318221266, 2.5866971617397976], [-72.99497477432156, 2.5866971617397976], [-72.99497477432156, 2.5868774801615784], [-72.99506493353245, 2.5868774801615784], [-72.99506493353245, 2.586787320950688], [-72.99515509274335, 2.586787320950688], [-72.99515509274335, 2.5868774801615784], [-72.99533541116512, 2.5868774801615784]]]}}, {"id": "122", "type": "Feature", "properties": {"time_step": null}, "geometry": {"type": "Polygon", "coordinates": [[[-72.93222396354194, 2.5810171314537116], [-72.93222396354194, 2.5808368130319312], [-72.93240428196373, 2.5808368130319312], [-72.93240428196373, 2.580025380133919], [-72.93249444117461, 2.580025380133919], [-72.93249444117461, 2.5799352209230286], [-72.93258460038551, 2.5799352209230286], [-72.93258460038551, 2.579394265657687], [-72.93276491880728, 2.579394265657687], [-72.93276491880728, 2.5791237880250164], [-72.93285507801818, 2.5791237880250164], [-72.93285507801818, 2.579033628814126], [-72.9326747595964, 2.579033628814126], [-72.9326747595964, 2.5788533103923457], [-72.93258460038551, 2.5788533103923457], [-72.93258460038551, 2.578582832759675], [-72.93249444117461, 2.578582832759675], [-72.93249444117461, 2.5784926735487845], [-72.93240428196373, 2.5784926735487845], [-72.93240428196373, 2.5777713998616623], [-72.93204364512016, 2.5777713998616623], [-72.93204364512016, 2.5776812406507723], [-72.93186332669838, 2.5776812406507723], [-72.93186332669838, 2.5777713998616623], [-72.93141253064393, 2.5777713998616623], [-72.93141253064393, 2.5810171314537116], [-72.93222396354194, 2.5810171314537116]]]}}, {"id": "123", "type": "Feature", "properties": {"time_step": null}, "geometry": {"type": "Polygon", "coordinates": [[[-72.9788362755722, 2.5791237880250164], [-72.9788362755722, 2.5789434696032356], [-72.97937723083754, 2.5789434696032356], [-72.97937723083754, 2.5787631511814553], [-72.98018866373556, 2.5787631511814553], [-72.98018866373556, 2.5788533103923457], [-72.98036898215734, 2.5788533103923457], [-72.98036898215734, 2.578312355127004], [-72.98045914136823, 2.578312355127004], [-72.98045914136823, 2.578222195916114], [-72.98054930057911, 2.578222195916114], [-72.98054930057911, 2.577951718283443], [-72.98063945979001, 2.577951718283443], [-72.98063945979001, 2.5778615590725527], [-72.98045914136823, 2.5778615590725527], [-72.98045914136823, 2.577951718283443], [-72.98027882294645, 2.577951718283443], [-72.98027882294645, 2.578041877494333], [-72.98009850452466, 2.578041877494333], [-72.98009850452466, 2.5776812406507723], [-72.98027882294645, 2.5776812406507723], [-72.98027882294645, 2.577320603807211], [-72.97955754925933, 2.577320603807211], [-72.97955754925933, 2.5776812406507723], [-72.97937723083754, 2.5776812406507723], [-72.97937723083754, 2.578222195916114], [-72.97919691241576, 2.578222195916114], [-72.97919691241576, 2.578402514337894], [-72.97901659399399, 2.578402514337894], [-72.97901659399399, 2.578582832759675], [-72.9788362755722, 2.578582832759675], [-72.9788362755722, 2.5787631511814553], [-72.97865595715042, 2.5787631511814553], [-72.97865595715042, 2.5791237880250164], [-72.9788362755722, 2.5791237880250164]]]}}, {"id": "124", "type": "Feature", "properties": {"time_step": null}, "geometry": {"type": "Polygon", "coordinates": [[[-72.9567472689041, 2.588500345957603], [-72.9567472689041, 2.588320027535822], [-72.95683742811498, 2.588320027535822], [-72.95683742811498, 2.5881397091140417], [-72.95701774653676, 2.5881397091140417], [-72.95701774653676, 2.5879593906922613], [-72.95710790574765, 2.5879593906922613], [-72.95710790574765, 2.5877790722704805], [-72.95719806495855, 2.5877790722704805], [-72.95719806495855, 2.58741843542692], [-72.95701774653676, 2.58741843542692], [-72.95701774653676, 2.587238117005139], [-72.95683742811498, 2.587238117005139], [-72.95683742811498, 2.5870577985833587], [-72.9566571096932, 2.5870577985833587], [-72.9566571096932, 2.5868774801615784], [-72.95647679127143, 2.5868774801615784], [-72.95647679127143, 2.5866971617397976], [-72.95629647284964, 2.5866971617397976], [-72.95629647284964, 2.5865168433180172], [-72.95638663206053, 2.5865168433180172], [-72.95638663206053, 2.5863365248962364], [-72.95647679127143, 2.5863365248962364], [-72.95647679127143, 2.5865168433180172], [-72.9566571096932, 2.5865168433180172], [-72.9566571096932, 2.586156206474456], [-72.95629647284964, 2.586156206474456], [-72.95629647284964, 2.585795569630895], [-72.95611615442786, 2.585795569630895], [-72.95611615442786, 2.5856152512091146], [-72.95629647284964, 2.5856152512091146], [-72.95629647284964, 2.5854349327873343], [-72.95647679127143, 2.5854349327873343], [-72.95647679127143, 2.5852546143655535], [-72.95656695048231, 2.5852546143655535], [-72.95656695048231, 2.585074295943773], [-72.9566571096932, 2.585074295943773], [-72.9566571096932, 2.584713659100212], [-72.9567472689041, 2.584713659100212], [-72.9567472689041, 2.584262863045761], [-72.9566571096932, 2.584262863045761], [-72.9566571096932, 2.5837219077804194], [-72.9567472689041, 2.5837219077804194], [-72.9567472689041, 2.5834514301477487], [-72.95683742811498, 2.5834514301477487], [-72.95683742811498, 2.5827301564606264], [-72.9566571096932, 2.5827301564606264], [-72.9566571096932, 2.582549838038846], [-72.95620631363875, 2.582549838038846], [-72.95620631363875, 2.582639997249736], [-72.95611615442786, 2.582639997249736], [-72.95611615442786, 2.5827301564606264], [-72.9557555175843, 2.5827301564606264], [-72.9557555175843, 2.5829104748824068], [-72.95557519916252, 2.5829104748824068], [-72.95557519916252, 2.5830907933041876], [-72.95539488074074, 2.5830907933041876], [-72.95539488074074, 2.583271111725968], [-72.95521456231896, 2.583271111725968], [-72.95521456231896, 2.5835415893586386], [-72.95512440310807, 2.5835415893586386], [-72.95512440310807, 2.583631748569529], [-72.95503424389717, 2.583631748569529], [-72.95503424389717, 2.5838120669913094], [-72.95485392547539, 2.5838120669913094], [-72.95485392547539, 2.58399238541309], [-72.95467360705362, 2.58399238541309], [-72.95467360705362, 2.5838120669913094], [-72.95449328863184, 2.5838120669913094], [-72.95449328863184, 2.583271111725968], [-72.95431297021005, 2.583271111725968], [-72.95431297021005, 2.582549838038846], [-72.95413265178827, 2.582549838038846], [-72.95413265178827, 2.5820088827735046], [-72.95404249257739, 2.5820088827735046], [-72.95404249257739, 2.581828564351724], [-72.9539523333665, 2.581828564351724], [-72.9539523333665, 2.5812876090863823], [-72.95404249257739, 2.5812876090863823], [-72.95404249257739, 2.5814679275081627], [-72.95413265178827, 2.5814679275081627], [-72.95413265178827, 2.581828564351724], [-72.95431297021005, 2.581828564351724], [-72.95431297021005, 2.5820088827735046], [-72.95503424389717, 2.5820088827735046], [-72.95503424389717, 2.582189201195285], [-72.95521456231896, 2.582189201195285], [-72.95521456231896, 2.5822793604061753], [-72.95530472152984, 2.5822793604061753], [-72.95530472152984, 2.5823695196170653], [-72.95557519916252, 2.5823695196170653], [-72.95557519916252, 2.5824596788279557], [-72.9557555175843, 2.5824596788279557], [-72.9557555175843, 2.5823695196170653], [-72.95593583600608, 2.5823695196170653], [-72.95593583600608, 2.5822793604061753], [-72.95602599521698, 2.5822793604061753], [-72.95602599521698, 2.582189201195285], [-72.95611615442786, 2.582189201195285], [-72.95611615442786, 2.5816482459299435], [-72.95629647284964, 2.5816482459299435], [-72.95629647284964, 2.581107290664602], [-72.95611615442786, 2.581107290664602], [-72.95611615442786, 2.5805663353992605], [-72.95593583600608, 2.5805663353992605], [-72.95593583600608, 2.58047617618837], [-72.95584567679519, 2.58047617618837], [-72.95584567679519, 2.5803860169774797], [-72.95557519916252, 2.5803860169774797], [-72.95557519916252, 2.5802056985556994], [-72.95593583600608, 2.5802056985556994], [-72.95593583600608, 2.5798450617121382], [-72.95611615442786, 2.5798450617121382], [-72.95611615442786, 2.579664743290358], [-72.95593583600608, 2.579664743290358], [-72.95593583600608, 2.5795745840794675], [-72.95584567679519, 2.5795745840794675], [-72.95584567679519, 2.579664743290358], [-72.9557555175843, 2.579664743290358], [-72.9557555175843, 2.5793041064467968], [-72.95593583600608, 2.5793041064467968], [-72.95593583600608, 2.579484424868577], [-72.95611615442786, 2.579484424868577], [-72.95611615442786, 2.5792139472359064], [-72.95620631363875, 2.5792139472359064], [-72.95620631363875, 2.5791237880250164], [-72.95611615442786, 2.5791237880250164], [-72.95611615442786, 2.579033628814126], [-72.95629647284964, 2.579033628814126], [-72.95629647284964, 2.578672991970565], [-72.95647679127143, 2.578672991970565], [-72.95647679127143, 2.5784926735487845], [-72.95638663206053, 2.5784926735487845], [-72.95638663206053, 2.578312355127004], [-72.95629647284964, 2.578312355127004], [-72.95629647284964, 2.5774107630181016], [-72.95593583600608, 2.5774107630181016], [-72.95593583600608, 2.577591081439882], [-72.95539488074074, 2.577591081439882], [-72.95539488074074, 2.5776812406507723], [-72.95521456231896, 2.5776812406507723], [-72.95521456231896, 2.5777713998616623], [-72.95485392547539, 2.5777713998616623], [-72.95485392547539, 2.577951718283443], [-72.95431297021005, 2.577951718283443], [-72.95431297021005, 2.578312355127004], [-72.9547637662645, 2.578312355127004], [-72.9547637662645, 2.578222195916114], [-72.95485392547539, 2.578222195916114], [-72.95485392547539, 2.5781320367052234], [-72.95512440310807, 2.5781320367052234], [-72.95512440310807, 2.578222195916114], [-72.95521456231896, 2.578222195916114], [-72.95521456231896, 2.578312355127004], [-72.95503424389717, 2.578312355127004], [-72.95503424389717, 2.5788533103923457], [-72.95494408468629, 2.5788533103923457], [-72.95494408468629, 2.579033628814126], [-72.95485392547539, 2.579033628814126], [-72.95485392547539, 2.578672991970565], [-72.95467360705362, 2.578672991970565], [-72.95467360705362, 2.5792139472359064], [-72.95503424389717, 2.5792139472359064], [-72.95503424389717, 2.5795745840794675], [-72.95512440310807, 2.5795745840794675], [-72.95512440310807, 2.579664743290358], [-72.95503424389717, 2.579664743290358], [-72.95503424389717, 2.579754902501248], [-72.95521456231896, 2.579754902501248], [-72.95521456231896, 2.579664743290358], [-72.95539488074074, 2.579664743290358], [-72.95539488074074, 2.5795745840794675], [-72.95557519916252, 2.5795745840794675], [-72.95557519916252, 2.579394265657687], [-72.95566535837341, 2.579394265657687], [-72.95566535837341, 2.579664743290358], [-72.95557519916252, 2.579664743290358], [-72.95557519916252, 2.5799352209230286], [-72.95566535837341, 2.5799352209230286], [-72.95566535837341, 2.580115539344809], [-72.95557519916252, 2.580115539344809], [-72.95557519916252, 2.580025380133919], [-72.95539488074074, 2.580025380133919], [-72.95539488074074, 2.5799352209230286], [-72.95521456231896, 2.5799352209230286], [-72.95521456231896, 2.580025380133919], [-72.95494408468629, 2.580025380133919], [-72.95494408468629, 2.5799352209230286], [-72.95485392547539, 2.5799352209230286], [-72.95485392547539, 2.580115539344809], [-72.95494408468629, 2.580115539344809], [-72.95494408468629, 2.5802056985556994], [-72.95485392547539, 2.5802056985556994], [-72.95485392547539, 2.5803860169774797], [-72.95539488074074, 2.5803860169774797], [-72.95539488074074, 2.5805663353992605], [-72.95485392547539, 2.5805663353992605], [-72.95485392547539, 2.580746653821041], [-72.95431297021005, 2.580746653821041], [-72.95431297021005, 2.580926972242821], [-72.9539523333665, 2.580926972242821], [-72.9539523333665, 2.580746653821041], [-72.95368185573382, 2.580746653821041], [-72.95368185573382, 2.5806564946101505], [-72.95359169652293, 2.5806564946101505], [-72.95359169652293, 2.5805663353992605], [-72.95323105967937, 2.5805663353992605], [-72.95323105967937, 2.5806564946101505], [-72.9530507412576, 2.5806564946101505], [-72.9530507412576, 2.5808368130319312], [-72.95287042283582, 2.5808368130319312], [-72.95287042283582, 2.5810171314537116], [-72.95269010441403, 2.5810171314537116], [-72.95269010441403, 2.581197449875492], [-72.95232946757046, 2.581197449875492], [-72.95232946757046, 2.5810171314537116], [-72.9521491491487, 2.5810171314537116], [-72.9521491491487, 2.5808368130319312], [-72.95196883072691, 2.5808368130319312], [-72.95196883072691, 2.5799352209230286], [-72.95178851230513, 2.5799352209230286], [-72.95178851230513, 2.579754902501248], [-72.95169835309424, 2.579754902501248], [-72.95169835309424, 2.579664743290358], [-72.95160819388335, 2.579664743290358], [-72.95160819388335, 2.5795745840794675], [-72.95142787546156, 2.5795745840794675], [-72.95142787546156, 2.579394265657687], [-72.95124755703979, 2.579394265657687], [-72.95124755703979, 2.5791237880250164], [-72.9511573978289, 2.5791237880250164], [-72.9511573978289, 2.579033628814126], [-72.95106723861801, 2.579033628814126], [-72.95106723861801, 2.578672991970565], [-72.95088692019623, 2.578672991970565], [-72.95088692019623, 2.5784926735487845], [-72.95070660177444, 2.5784926735487845], [-72.95070660177444, 2.5781320367052234], [-72.95052628335266, 2.5781320367052234], [-72.95052628335266, 2.5777713998616623], [-72.95043612414177, 2.5777713998616623], [-72.95043612414177, 2.5776812406507723], [-72.95034596493089, 2.5776812406507723], [-72.95034596493089, 2.5774107630181016], [-72.9501656465091, 2.5774107630181016], [-72.9501656465091, 2.577230444596321], [-72.94980500966554, 2.577230444596321], [-72.94980500966554, 2.577320603807211], [-72.94971485045465, 2.577320603807211], [-72.94971485045465, 2.5774107630181016], [-72.94962469124376, 2.5774107630181016], [-72.94962469124376, 2.577951718283443], [-72.94944437282199, 2.577951718283443], [-72.94944437282199, 2.578312355127004], [-72.9492640544002, 2.578312355127004], [-72.9492640544002, 2.5784926735487845], [-72.94908373597842, 2.5784926735487845], [-72.94908373597842, 2.5795745840794675], [-72.9492640544002, 2.5795745840794675], [-72.9492640544002, 2.5806564946101505], [-72.94944437282199, 2.5806564946101505], [-72.94944437282199, 2.581738405140834], [-72.94953453203287, 2.581738405140834], [-72.94953453203287, 2.581828564351724], [-72.94962469124376, 2.581828564351724], [-72.94962469124376, 2.581918723562614], [-72.9492640544002, 2.581918723562614], [-72.9492640544002, 2.5820088827735046], [-72.94917389518932, 2.5820088827735046], [-72.94917389518932, 2.5820990419843945], [-72.94908373597842, 2.5820990419843945], [-72.94908373597842, 2.5822793604061753], [-72.94890341755664, 2.5822793604061753], [-72.94890341755664, 2.582639997249736], [-72.94908373597842, 2.582639997249736], [-72.94908373597842, 2.583000634093297], [-72.9492640544002, 2.583000634093297], [-72.9492640544002, 2.583271111725968], [-72.94935421361109, 2.583271111725968], [-72.94935421361109, 2.5834514301477487], [-72.94944437282199, 2.5834514301477487], [-72.94944437282199, 2.583631748569529], [-72.94971485045465, 2.583631748569529], [-72.94971485045465, 2.5837219077804194], [-72.94980500966554, 2.5837219077804194], [-72.94980500966554, 2.5839022262022], [-72.94971485045465, 2.5839022262022], [-72.94971485045465, 2.5841727038348705], [-72.94980500966554, 2.5841727038348705], [-72.94980500966554, 2.584353022256651], [-72.94998532808732, 2.584353022256651], [-72.94998532808732, 2.5845333406784317], [-72.9501656465091, 2.5845333406784317], [-72.9501656465091, 2.5846234998893216], [-72.95034596493089, 2.5846234998893216], [-72.95034596493089, 2.584713659100212], [-72.95052628335266, 2.584713659100212], [-72.95052628335266, 2.5848939775219923], [-72.95106723861801, 2.5848939775219923], [-72.95106723861801, 2.585074295943773], [-72.95124755703979, 2.585074295943773], [-72.95124755703979, 2.5852546143655535], [-72.95142787546156, 2.5852546143655535], [-72.95142787546156, 2.5854349327873343], [-72.95160819388335, 2.5854349327873343], [-72.95160819388335, 2.5856152512091146], [-72.95178851230513, 2.5856152512091146], [-72.95178851230513, 2.5859758880526758], [-72.9520589899378, 2.5859758880526758], [-72.9520589899378, 2.5860660472635657], [-72.95196883072691, 2.5860660472635657], [-72.95196883072691, 2.586156206474456], [-72.95232946757046, 2.586156206474456], [-72.95232946757046, 2.5859758880526758], [-72.95250978599225, 2.5859758880526758], [-72.95250978599225, 2.5856152512091146], [-72.95241962678136, 2.5856152512091146], [-72.95241962678136, 2.5854349327873343], [-72.95232946757046, 2.5854349327873343], [-72.95232946757046, 2.584353022256651], [-72.95269010441403, 2.584353022256651], [-72.95269010441403, 2.5844431814675413], [-72.9530507412576, 2.5844431814675413], [-72.9530507412576, 2.5845333406784317], [-72.95287042283582, 2.5845333406784317], [-72.95287042283582, 2.585074295943773], [-72.9530507412576, 2.585074295943773], [-72.9530507412576, 2.5852546143655535], [-72.95323105967937, 2.5852546143655535], [-72.95323105967937, 2.5854349327873343], [-72.95332121889027, 2.5854349327873343], [-72.95332121889027, 2.5856152512091146], [-72.95341137810115, 2.5856152512091146], [-72.95341137810115, 2.5859758880526758], [-72.95413265178827, 2.5859758880526758], [-72.95413265178827, 2.585795569630895], [-72.95431297021005, 2.585795569630895], [-72.95431297021005, 2.586156206474456], [-72.95413265178827, 2.586156206474456], [-72.95413265178827, 2.5866971617397976], [-72.9539523333665, 2.5866971617397976], [-72.9539523333665, 2.5870577985833587], [-72.9538621741556, 2.5870577985833587], [-72.9538621741556, 2.58741843542692], [-72.9539523333665, 2.58741843542692], [-72.9539523333665, 2.58750859463781], [-72.95404249257739, 2.58750859463781], [-72.95404249257739, 2.5875987538487], [-72.95431297021005, 2.5875987538487], [-72.95431297021005, 2.5877790722704805], [-72.95521456231896, 2.5877790722704805], [-72.95521456231896, 2.5875987538487], [-72.95539488074074, 2.5875987538487], [-72.95539488074074, 2.58741843542692], [-72.95557519916252, 2.58741843542692], [-72.95557519916252, 2.587238117005139], [-72.9557555175843, 2.587238117005139], [-72.9557555175843, 2.5870577985833587], [-72.95584567679519, 2.5870577985833587], [-72.95584567679519, 2.587238117005139], [-72.95593583600608, 2.587238117005139], [-72.95593583600608, 2.58741843542692], [-72.95611615442786, 2.58741843542692], [-72.95611615442786, 2.588320027535822], [-72.95629647284964, 2.588320027535822], [-72.95629647284964, 2.588500345957603], [-72.9567472689041, 2.588500345957603]], [[-72.95449328863184, 2.585795569630895], [-72.95431297021005, 2.585795569630895], [-72.95431297021005, 2.5856152512091146], [-72.95449328863184, 2.5856152512091146], [-72.95449328863184, 2.585795569630895]], [[-72.95458344784272, 2.5854349327873343], [-72.95449328863184, 2.5854349327873343], [-72.95449328863184, 2.585074295943773], [-72.95431297021005, 2.585074295943773], [-72.95431297021005, 2.5848939775219923], [-72.95449328863184, 2.5848939775219923], [-72.95449328863184, 2.584713659100212], [-72.95467360705362, 2.584713659100212], [-72.95467360705362, 2.585344773576444], [-72.95458344784272, 2.585344773576444], [-72.95458344784272, 2.5854349327873343]], [[-72.95431297021005, 2.5848939775219923], [-72.95413265178827, 2.5848939775219923], [-72.95413265178827, 2.584713659100212], [-72.95431297021005, 2.584713659100212], [-72.95431297021005, 2.5848939775219923]], [[-72.95467360705362, 2.584353022256651], [-72.95449328863184, 2.584353022256651], [-72.95449328863184, 2.58399238541309], [-72.95467360705362, 2.58399238541309], [-72.95467360705362, 2.584353022256651]], [[-72.95106723861801, 2.5829104748824068], [-72.95079676098534, 2.5829104748824068], [-72.95079676098534, 2.582820315671517], [-72.95088692019623, 2.582820315671517], [-72.95088692019623, 2.5827301564606264], [-72.95106723861801, 2.5827301564606264], [-72.95106723861801, 2.5829104748824068]], [[-72.95485392547539, 2.5791237880250164], [-72.9547637662645, 2.5791237880250164], [-72.9547637662645, 2.579033628814126], [-72.95485392547539, 2.579033628814126], [-72.95485392547539, 2.5791237880250164]], [[-72.95602599521698, 2.5788533103923457], [-72.95593583600608, 2.5788533103923457], [-72.95593583600608, 2.5787631511814553], [-72.9557555175843, 2.5787631511814553], [-72.9557555175843, 2.578672991970565], [-72.95602599521698, 2.578672991970565], [-72.95602599521698, 2.5788533103923457]], [[-72.9547637662645, 2.578222195916114], [-72.95467360705362, 2.578222195916114], [-72.95467360705362, 2.5781320367052234], [-72.9547637662645, 2.5781320367052234], [-72.9547637662645, 2.578222195916114]]]}}, {"id": "125", "type": "Feature", "properties": {"time_step": null}, "geometry": {"type": "Polygon", "coordinates": [[[-72.96964003606139, 2.5834514301477487], [-72.96964003606139, 2.583271111725968], [-72.96982035448318, 2.583271111725968], [-72.96982035448318, 2.5827301564606264], [-72.96973019527229, 2.5827301564606264], [-72.96973019527229, 2.5823695196170653], [-72.96982035448318, 2.5823695196170653], [-72.96982035448318, 2.582189201195285], [-72.97000067290496, 2.582189201195285], [-72.97000067290496, 2.5820088827735046], [-72.97018099132674, 2.5820088827735046], [-72.97018099132674, 2.581828564351724], [-72.97036130974853, 2.581828564351724], [-72.97036130974853, 2.581738405140834], [-72.9705416281703, 2.581738405140834], [-72.9705416281703, 2.5816482459299435], [-72.9706317873812, 2.5816482459299435], [-72.9706317873812, 2.5814679275081627], [-72.97072194659208, 2.5814679275081627], [-72.97072194659208, 2.581107290664602], [-72.97090226501386, 2.581107290664602], [-72.97090226501386, 2.580926972242821], [-72.97126290185743, 2.580926972242821], [-72.97126290185743, 2.581107290664602], [-72.97180385712277, 2.581107290664602], [-72.97180385712277, 2.580926972242821], [-72.97216449396633, 2.580926972242821], [-72.97216449396633, 2.580746653821041], [-72.9723448123881, 2.580746653821041], [-72.9723448123881, 2.5806564946101505], [-72.97252513080988, 2.5806564946101505], [-72.97252513080988, 2.5805663353992605], [-72.97270544923167, 2.5805663353992605], [-72.97270544923167, 2.58047617618837], [-72.97279560844255, 2.58047617618837], [-72.97279560844255, 2.5803860169774797], [-72.97306608607524, 2.5803860169774797], [-72.97306608607524, 2.5802056985556994], [-72.973246404497, 2.5802056985556994], [-72.973246404497, 2.5798450617121382], [-72.97342672291879, 2.5798450617121382], [-72.97342672291879, 2.578672991970565], [-72.973246404497, 2.578672991970565], [-72.973246404497, 2.5787631511814553], [-72.97306608607524, 2.5787631511814553], [-72.97306608607524, 2.5789434696032356], [-72.97288576765345, 2.5789434696032356], [-72.97288576765345, 2.579033628814126], [-72.97270544923167, 2.579033628814126], [-72.97270544923167, 2.5791237880250164], [-72.97252513080988, 2.5791237880250164], [-72.97252513080988, 2.579484424868577], [-72.97270544923167, 2.579484424868577], [-72.97270544923167, 2.579664743290358], [-72.97279560844255, 2.579664743290358], [-72.97279560844255, 2.5798450617121382], [-72.97270544923167, 2.5798450617121382], [-72.97270544923167, 2.580025380133919], [-72.9723448123881, 2.580025380133919], [-72.9723448123881, 2.5799352209230286], [-72.97225465317722, 2.5799352209230286], [-72.97225465317722, 2.5798450617121382], [-72.97180385712277, 2.5798450617121382], [-72.97180385712277, 2.5805663353992605], [-72.97126290185743, 2.5805663353992605], [-72.97126290185743, 2.5802056985556994], [-72.9714432202792, 2.5802056985556994], [-72.9714432202792, 2.579664743290358], [-72.97126290185743, 2.579664743290358], [-72.97126290185743, 2.5793041064467968], [-72.97108258343565, 2.5793041064467968], [-72.97108258343565, 2.5789434696032356], [-72.97090226501386, 2.5789434696032356], [-72.97090226501386, 2.5787631511814553], [-72.97036130974853, 2.5787631511814553], [-72.97036130974853, 2.578582832759675], [-72.97018099132674, 2.578582832759675], [-72.97018099132674, 2.5776812406507723], [-72.97009083211584, 2.5776812406507723], [-72.97009083211584, 2.577591081439882], [-72.97000067290496, 2.577591081439882], [-72.97000067290496, 2.577320603807211], [-72.96982035448318, 2.577320603807211], [-72.96982035448318, 2.577140285385431], [-72.96891876237427, 2.577140285385431], [-72.96891876237427, 2.577230444596321], [-72.96882860316339, 2.577230444596321], [-72.96882860316339, 2.577320603807211], [-72.96855812553072, 2.577320603807211], [-72.96855812553072, 2.577140285385431], [-72.96828764789805, 2.577140285385431], [-72.96828764789805, 2.577230444596321], [-72.96819748868715, 2.577230444596321], [-72.96819748868715, 2.577320603807211], [-72.96810732947627, 2.577320603807211], [-72.96810732947627, 2.5774107630181016], [-72.96801717026537, 2.5774107630181016], [-72.96801717026537, 2.5776812406507723], [-72.9678368518436, 2.5776812406507723], [-72.9678368518436, 2.5778615590725527], [-72.96765653342182, 2.5778615590725527], [-72.96765653342182, 2.5776812406507723], [-72.96747621500003, 2.5776812406507723], [-72.96747621500003, 2.577140285385431], [-72.9669352597347, 2.577140285385431], [-72.9669352597347, 2.577320603807211], [-72.96675494131291, 2.577320603807211], [-72.96675494131291, 2.5775009222289915], [-72.96666478210201, 2.5775009222289915], [-72.96666478210201, 2.577591081439882], [-72.96657462289113, 2.577591081439882], [-72.96657462289113, 2.578041877494333], [-72.96639430446935, 2.578041877494333], [-72.96639430446935, 2.578402514337894], [-72.96630414525846, 2.578402514337894], [-72.96630414525846, 2.578672991970565], [-72.96621398604756, 2.578672991970565], [-72.96621398604756, 2.5787631511814553], [-72.96639430446935, 2.5787631511814553], [-72.96639430446935, 2.5791237880250164], [-72.96657462289113, 2.5791237880250164], [-72.96657462289113, 2.5792139472359064], [-72.96666478210201, 2.5792139472359064], [-72.96666478210201, 2.5793041064467968], [-72.9669352597347, 2.5793041064467968], [-72.9669352597347, 2.579484424868577], [-72.96747621500003, 2.579484424868577], [-72.96747621500003, 2.579664743290358], [-72.96837780710894, 2.579664743290358], [-72.96837780710894, 2.5803860169774797], [-72.96846796631982, 2.5803860169774797], [-72.96846796631982, 2.58047617618837], [-72.96855812553072, 2.58047617618837], [-72.96855812553072, 2.580746653821041], [-72.9687384439525, 2.580746653821041], [-72.9687384439525, 2.580926972242821], [-72.96891876237427, 2.580926972242821], [-72.96891876237427, 2.581107290664602], [-72.96909908079606, 2.581107290664602], [-72.96909908079606, 2.5812876090863823], [-72.97000067290496, 2.5812876090863823], [-72.97000067290496, 2.5814679275081627], [-72.97009083211584, 2.5814679275081627], [-72.97009083211584, 2.581558086719053], [-72.97000067290496, 2.581558086719053], [-72.97000067290496, 2.5816482459299435], [-72.96964003606139, 2.5816482459299435], [-72.96964003606139, 2.581828564351724], [-72.96918924000694, 2.581828564351724], [-72.96918924000694, 2.5820088827735046], [-72.96909908079606, 2.5820088827735046], [-72.96909908079606, 2.582189201195285], [-72.96891876237427, 2.582189201195285], [-72.96891876237427, 2.582549838038846], [-72.9687384439525, 2.582549838038846], [-72.9687384439525, 2.5829104748824068], [-72.96909908079606, 2.5829104748824068], [-72.96909908079606, 2.583000634093297], [-72.96918924000694, 2.583000634093297], [-72.96918924000694, 2.5830907933041876], [-72.96927939921784, 2.5830907933041876], [-72.96927939921784, 2.583271111725968], [-72.96936955842872, 2.583271111725968], [-72.96936955842872, 2.5833612709368583], [-72.96945971763962, 2.5833612709368583], [-72.96945971763962, 2.5834514301477487], [-72.96964003606139, 2.5834514301477487]], [[-72.97207433475543, 2.5808368130319312], [-72.97198417554455, 2.5808368130319312], [-72.97198417554455, 2.580746653821041], [-72.97207433475543, 2.580746653821041], [-72.97207433475543, 2.5808368130319312]], [[-72.97117274264653, 2.5806564946101505], [-72.97108258343565, 2.5806564946101505], [-72.97108258343565, 2.5805663353992605], [-72.97117274264653, 2.5805663353992605], [-72.97117274264653, 2.5806564946101505]]]}}, {"id": "126", "type": "Feature", "properties": {"time_step": null}, "geometry": {"type": "Polygon", "coordinates": [[[-72.93420746618153, 2.577951718283443], [-72.93420746618153, 2.5774107630181016], [-72.93402714775975, 2.5774107630181016], [-72.93402714775975, 2.577230444596321], [-72.93375667012708, 2.577230444596321], [-72.93375667012708, 2.5770501261745404], [-72.93348619249441, 2.5770501261745404], [-72.93348619249441, 2.577140285385431], [-72.93339603328351, 2.577140285385431], [-72.93339603328351, 2.577230444596321], [-72.93330587407263, 2.577230444596321], [-72.93330587407263, 2.5776812406507723], [-72.93321571486173, 2.5776812406507723], [-72.93321571486173, 2.5777713998616623], [-72.93330587407263, 2.5777713998616623], [-72.93330587407263, 2.5778615590725527], [-72.93339603328351, 2.5778615590725527], [-72.93339603328351, 2.577951718283443], [-72.93420746618153, 2.577951718283443]]]}}, {"id": "127", "type": "Feature", "properties": {"time_step": null}, "geometry": {"type": "Polygon", "coordinates": [[[-73.01634250730255, 2.5938197394001277], [-73.01634250730255, 2.5937295801892377], [-73.01643266651344, 2.5937295801892377], [-73.01643266651344, 2.5936394209783473], [-73.01724409941146, 2.5936394209783473], [-73.01724409941146, 2.5934591025565665], [-73.01760473625501, 2.5934591025565665], [-73.01760473625501, 2.593278784134786], [-73.01796537309858, 2.593278784134786], [-73.01796537309858, 2.593098465713006], [-73.01814569152036, 2.593098465713006], [-73.01814569152036, 2.5927378288694447], [-73.01850632836391, 2.5927378288694447], [-73.01850632836391, 2.5925575104476644], [-73.0195882388946, 2.5925575104476644], [-73.0195882388946, 2.5927378288694447], [-73.0204898310035, 2.5927378288694447], [-73.0204898310035, 2.5925575104476644], [-73.02057999021439, 2.5925575104476644], [-73.02057999021439, 2.5923771920258836], [-73.0204898310035, 2.5923771920258836], [-73.0204898310035, 2.592016555182323], [-73.02030951258172, 2.592016555182323], [-73.02030951258172, 2.591836236760542], [-73.02012919415994, 2.591836236760542], [-73.02012919415994, 2.5916559183387617], [-73.01994887573817, 2.5916559183387617], [-73.01994887573817, 2.591475599916981], [-73.01967839810548, 2.591475599916981], [-73.01967839810548, 2.591385440706091], [-73.0195882388946, 2.591385440706091], [-73.0195882388946, 2.5911149630734203], [-73.01940792047282, 2.5911149630734203], [-73.01940792047282, 2.5909346446516395], [-73.01949807968371, 2.5909346446516395], [-73.01949807968371, 2.59102480386253], [-73.0195882388946, 2.59102480386253], [-73.0195882388946, 2.5909346446516395], [-73.01994887573817, 2.5909346446516395], [-73.01994887573817, 2.590754326229859], [-73.02003903494905, 2.590754326229859], [-73.02003903494905, 2.5909346446516395], [-73.02012919415994, 2.5909346446516395], [-73.02012919415994, 2.590754326229859], [-73.02030951258172, 2.590754326229859], [-73.02030951258172, 2.590574007808079], [-73.02057999021439, 2.590574007808079], [-73.02057999021439, 2.5904838485971884], [-73.02067014942529, 2.5904838485971884], [-73.02067014942529, 2.590393689386298], [-73.02130126390152, 2.590393689386298], [-73.02130126390152, 2.588590505168493], [-73.02103078626884, 2.588590505168493], [-73.02103078626884, 2.5884101867467124], [-73.02085046784707, 2.5884101867467124], [-73.02085046784707, 2.588229868324932], [-73.02030951258172, 2.588229868324932], [-73.02030951258172, 2.5884101867467124], [-73.01994887573817, 2.5884101867467124], [-73.01994887573817, 2.588590505168493], [-73.01976855731638, 2.588590505168493], [-73.01976855731638, 2.588680664379383], [-73.01967839810548, 2.588680664379383], [-73.01967839810548, 2.5887708235902736], [-73.01940792047282, 2.5887708235902736], [-73.01940792047282, 2.588951142012054], [-73.01922760205103, 2.588951142012054], [-73.01922760205103, 2.5890413012229443], [-73.01913744284015, 2.5890413012229443], [-73.01913744284015, 2.5891314604338347], [-73.01886696520748, 2.5891314604338347], [-73.01886696520748, 2.589311778855615], [-73.0186866467857, 2.589311778855615], [-73.0186866467857, 2.5894920972773954], [-73.01850632836391, 2.5894920972773954], [-73.01850632836391, 2.590033052542737], [-73.01841616915303, 2.590033052542737], [-73.01841616915303, 2.5902133709645176], [-73.01832600994214, 2.5902133709645176], [-73.01832600994214, 2.5898527341209565], [-73.01796537309858, 2.5898527341209565], [-73.01796537309858, 2.589672415699176], [-73.01778505467679, 2.589672415699176], [-73.01778505467679, 2.589762574910066], [-73.01760473625501, 2.589762574910066], [-73.01760473625501, 2.5898527341209565], [-73.01715394020056, 2.5898527341209565], [-73.01715394020056, 2.589762574910066], [-73.01706378098967, 2.589762574910066], [-73.01706378098967, 2.589672415699176], [-73.01688346256789, 2.589672415699176], [-73.01688346256789, 2.589762574910066], [-73.0167031441461, 2.589762574910066], [-73.0167031441461, 2.5898527341209565], [-73.01634250730255, 2.5898527341209565], [-73.01634250730255, 2.589672415699176], [-73.0167031441461, 2.589672415699176], [-73.0167031441461, 2.5894920972773954], [-73.01706378098967, 2.5894920972773954], [-73.01706378098967, 2.589311778855615], [-73.01724409941146, 2.589311778855615], [-73.01724409941146, 2.588590505168493], [-73.01706378098967, 2.588590505168493], [-73.01706378098967, 2.588229868324932], [-73.01688346256789, 2.588229868324932], [-73.01688346256789, 2.5877790722704805], [-73.016793303357, 2.5877790722704805], [-73.016793303357, 2.5876889130595906], [-73.0167031441461, 2.5876889130595906], [-73.0167031441461, 2.58750859463781], [-73.01724409941146, 2.58750859463781], [-73.01724409941146, 2.5876889130595906], [-73.01760473625501, 2.5876889130595906], [-73.01760473625501, 2.587869231481371], [-73.01814569152036, 2.587869231481371], [-73.01814569152036, 2.5876889130595906], [-73.01832600994214, 2.5876889130595906], [-73.01832600994214, 2.58750859463781], [-73.01850632836391, 2.58750859463781], [-73.01850632836391, 2.586787320950688], [-73.0186866467857, 2.586787320950688], [-73.0186866467857, 2.5862463656853465], [-73.01850632836391, 2.5862463656853465], [-73.01850632836391, 2.5860660472635657], [-73.01814569152036, 2.5860660472635657], [-73.01814569152036, 2.585705410420005], [-73.01778505467679, 2.585705410420005], [-73.01778505467679, 2.5855250919982242], [-73.01724409941146, 2.5855250919982242], [-73.01724409941146, 2.5852546143655535], [-73.01742441783324, 2.5852546143655535], [-73.01742441783324, 2.5851644551546635], [-73.01850632836391, 2.5851644551546635], [-73.01850632836391, 2.585344773576444], [-73.01904728362926, 2.585344773576444], [-73.01904728362926, 2.5852546143655535], [-73.01922760205103, 2.5852546143655535], [-73.01922760205103, 2.5851644551546635], [-73.01940792047282, 2.5851644551546635], [-73.01940792047282, 2.5849841367328827], [-73.01976855731638, 2.5849841367328827], [-73.01976855731638, 2.5848038183111024], [-73.01994887573817, 2.5848038183111024], [-73.01994887573817, 2.5846234998893216], [-73.02012919415994, 2.5846234998893216], [-73.02012919415994, 2.5844431814675413], [-73.02030951258172, 2.5844431814675413], [-73.02030951258172, 2.584262863045761], [-73.02057999021439, 2.584262863045761], [-73.02057999021439, 2.58408254462398], [-73.02085046784707, 2.58408254462398], [-73.02085046784707, 2.5839022262022], [-73.02121110469062, 2.5839022262022], [-73.02121110469062, 2.5837219077804194], [-73.02130126390152, 2.5837219077804194], [-73.02130126390152, 2.5822793604061753], [-73.02121110469062, 2.5822793604061753], [-73.02121110469062, 2.581918723562614], [-73.02103078626884, 2.581918723562614], [-73.02103078626884, 2.5813777682972727], [-73.02085046784707, 2.5813777682972727], [-73.02085046784707, 2.5810171314537116], [-73.02067014942529, 2.5810171314537116], [-73.02067014942529, 2.5806564946101505], [-73.02057999021439, 2.5806564946101505], [-73.02057999021439, 2.5805663353992605], [-73.0204898310035, 2.5805663353992605], [-73.0204898310035, 2.5802958577665898], [-73.02030951258172, 2.5802958577665898], [-73.02030951258172, 2.580115539344809], [-73.02012919415994, 2.580115539344809], [-73.02012919415994, 2.579754902501248], [-73.02030951258172, 2.579754902501248], [-73.02030951258172, 2.5795745840794675], [-73.02067014942529, 2.5795745840794675], [-73.02067014942529, 2.5792139472359064], [-73.02085046784707, 2.5792139472359064], [-73.02085046784707, 2.5788533103923457], [-73.02103078626884, 2.5788533103923457], [-73.02103078626884, 2.578672991970565], [-73.02121110469062, 2.578672991970565], [-73.02121110469062, 2.578402514337894], [-73.02112094547974, 2.578402514337894], [-73.02112094547974, 2.5781320367052234], [-73.02121110469062, 2.5781320367052234], [-73.02121110469062, 2.5776812406507723], [-73.02130126390152, 2.5776812406507723], [-73.02130126390152, 2.5770501261745404], [-73.02121110469062, 2.5770501261745404], [-73.02121110469062, 2.577230444596321], [-73.02112094547974, 2.577230444596321], [-73.02112094547974, 2.5774107630181016], [-73.02103078626884, 2.5774107630181016], [-73.02103078626884, 2.577591081439882], [-73.02085046784707, 2.577591081439882], [-73.02085046784707, 2.5777713998616623], [-73.02067014942529, 2.5777713998616623], [-73.02067014942529, 2.578672991970565], [-73.02012919415994, 2.578672991970565], [-73.02012919415994, 2.5784926735487845], [-73.01994887573817, 2.5784926735487845], [-73.01994887573817, 2.578312355127004], [-73.01985871652727, 2.578312355127004], [-73.01985871652727, 2.5781320367052234], [-73.01976855731638, 2.5781320367052234], [-73.01976855731638, 2.577951718283443], [-73.0195882388946, 2.577951718283443], [-73.0195882388946, 2.5777713998616623], [-73.01940792047282, 2.5777713998616623], [-73.01940792047282, 2.577591081439882], [-73.01904728362926, 2.577591081439882], [-73.01904728362926, 2.5777713998616623], [-73.01895712441836, 2.5777713998616623], [-73.01895712441836, 2.5778615590725527], [-73.01886696520748, 2.5778615590725527], [-73.01886696520748, 2.5781320367052234], [-73.01904728362926, 2.5781320367052234], [-73.01904728362926, 2.578672991970565], [-73.01922760205103, 2.578672991970565], [-73.01922760205103, 2.579754902501248], [-73.01940792047282, 2.579754902501248], [-73.01940792047282, 2.58047617618837], [-73.0195882388946, 2.58047617618837], [-73.0195882388946, 2.5812876090863823], [-73.01949807968371, 2.5812876090863823], [-73.01949807968371, 2.5813777682972727], [-73.01922760205103, 2.5813777682972727], [-73.01922760205103, 2.581558086719053], [-73.01886696520748, 2.581558086719053], [-73.01886696520748, 2.581738405140834], [-73.0186866467857, 2.581738405140834], [-73.0186866467857, 2.581918723562614], [-73.01814569152036, 2.581918723562614], [-73.01814569152036, 2.581738405140834], [-73.01688346256789, 2.581738405140834], [-73.01688346256789, 2.581558086719053], [-73.01706378098967, 2.581558086719053], [-73.01706378098967, 2.581197449875492], [-73.01688346256789, 2.581197449875492], [-73.01688346256789, 2.5813777682972727], [-73.0167031441461, 2.5813777682972727], [-73.0167031441461, 2.581558086719053], [-73.01661298493522, 2.581558086719053], [-73.01661298493522, 2.5816482459299435], [-73.01652282572434, 2.5816482459299435], [-73.01652282572434, 2.581738405140834], [-73.01598187045899, 2.581738405140834], [-73.01598187045899, 2.581918723562614], [-73.01571139282632, 2.581918723562614], [-73.01571139282632, 2.5820990419843945], [-73.01562123361543, 2.5820990419843945], [-73.01562123361543, 2.581558086719053], [-73.01517043756098, 2.581558086719053], [-73.01517043756098, 2.581738405140834], [-73.01508027835008, 2.581738405140834], [-73.01508027835008, 2.5820088827735046], [-73.0149901191392, 2.5820088827735046], [-73.0149901191392, 2.5820990419843945], [-73.0148999599283, 2.5820990419843945], [-73.0148999599283, 2.582820315671517], [-73.01508027835008, 2.582820315671517], [-73.01508027835008, 2.5831809525150775], [-73.01471964150653, 2.5831809525150775], [-73.01471964150653, 2.583000634093297], [-73.01453932308475, 2.583000634093297], [-73.01453932308475, 2.582820315671517], [-73.01435900466296, 2.582820315671517], [-73.01435900466296, 2.5827301564606264], [-73.01426884545208, 2.5827301564606264], [-73.01426884545208, 2.582639997249736], [-73.01417868624118, 2.582639997249736], [-73.01417868624118, 2.582549838038846], [-73.0139983678194, 2.582549838038846], [-73.0139983678194, 2.5824596788279557], [-73.01381804939763, 2.5824596788279557], [-73.01381804939763, 2.582820315671517], [-73.01417868624118, 2.582820315671517], [-73.01417868624118, 2.5829104748824068], [-73.0140885270303, 2.5829104748824068], [-73.0140885270303, 2.5831809525150775], [-73.0139983678194, 2.5831809525150775], [-73.0139983678194, 2.5833612709368583], [-73.01390820860851, 2.5833612709368583], [-73.01390820860851, 2.5835415893586386], [-73.01381804939763, 2.5835415893586386], [-73.01381804939763, 2.5846234998893216], [-73.01345741255406, 2.5846234998893216], [-73.01345741255406, 2.584353022256651], [-73.01336725334318, 2.584353022256651], [-73.01336725334318, 2.584262863045761], [-73.01327709413228, 2.584262863045761], [-73.01327709413228, 2.58408254462398], [-73.01291645728872, 2.58408254462398], [-73.01291645728872, 2.5839022262022], [-73.01273613886694, 2.5839022262022], [-73.01273613886694, 2.5838120669913094], [-73.01264597965606, 2.5838120669913094], [-73.01264597965606, 2.5833612709368583], [-73.01255582044516, 2.5833612709368583], [-73.01255582044516, 2.583271111725968], [-73.01273613886694, 2.583271111725968], [-73.01273613886694, 2.583000634093297], [-73.01291645728872, 2.583000634093297], [-73.01291645728872, 2.5827301564606264], [-73.01282629807783, 2.5827301564606264], [-73.01282629807783, 2.582639997249736], [-73.01273613886694, 2.582639997249736], [-73.01273613886694, 2.5822793604061753], [-73.01282629807783, 2.5822793604061753], [-73.01282629807783, 2.5820990419843945], [-73.01291645728872, 2.5820990419843945], [-73.01291645728872, 2.5816482459299435], [-73.01282629807783, 2.5816482459299435], [-73.01282629807783, 2.581558086719053], [-73.01273613886694, 2.581558086719053], [-73.01273613886694, 2.5813777682972727], [-73.01255582044516, 2.5813777682972727], [-73.01255582044516, 2.581107290664602], [-73.01246566123427, 2.581107290664602], [-73.01246566123427, 2.5810171314537116], [-73.01237550202337, 2.5810171314537116], [-73.01237550202337, 2.5808368130319312], [-73.0121951836016, 2.5808368130319312], [-73.0121951836016, 2.5806564946101505], [-73.01201486517982, 2.5806564946101505], [-73.01201486517982, 2.58047617618837], [-73.01174438754715, 2.58047617618837], [-73.01174438754715, 2.5803860169774797], [-73.01165422833625, 2.5803860169774797], [-73.01165422833625, 2.5802958577665898], [-73.01147390991447, 2.5802958577665898], [-73.01147390991447, 2.5802056985556994], [-73.01156406912537, 2.5802056985556994], [-73.01156406912537, 2.580115539344809], [-73.01147390991447, 2.580115539344809], [-73.01147390991447, 2.580025380133919], [-73.0112935914927, 2.580025380133919], [-73.0112935914927, 2.5798450617121382], [-73.0112034322818, 2.5798450617121382], [-73.0112034322818, 2.579754902501248], [-73.01102311386002, 2.579754902501248], [-73.01102311386002, 2.579664743290358], [-73.01066247701647, 2.579664743290358], [-73.01066247701647, 2.5795745840794675], [-73.01048215859468, 2.5795745840794675], [-73.01048215859468, 2.579484424868577], [-73.01012152175112, 2.579484424868577], [-73.01012152175112, 2.5793041064467968], [-73.00903961122044, 2.5793041064467968], [-73.00903961122044, 2.579033628814126], [-73.00894945200955, 2.579033628814126], [-73.00894945200955, 2.5789434696032356], [-73.00867897437688, 2.5789434696032356], [-73.00867897437688, 2.5787631511814553], [-73.0084986559551, 2.5787631511814553], [-73.0084986559551, 2.578402514337894], [-73.00831833753332, 2.578402514337894], [-73.00831833753332, 2.578582832759675], [-73.00795770068976, 2.578582832759675], [-73.00795770068976, 2.5789434696032356], [-73.00813801911154, 2.5789434696032356], [-73.00813801911154, 2.5791237880250164], [-73.00831833753332, 2.5791237880250164], [-73.00831833753332, 2.5793041064467968], [-73.00840849674421, 2.5793041064467968], [-73.00840849674421, 2.579394265657687], [-73.0084986559551, 2.579394265657687], [-73.0084986559551, 2.5798450617121382], [-73.00795770068976, 2.5798450617121382], [-73.00795770068976, 2.5795745840794675], [-73.00786754147887, 2.5795745840794675], [-73.00786754147887, 2.579484424868577], [-73.00759706384619, 2.579484424868577], [-73.00759706384619, 2.579664743290358], [-73.00732658621352, 2.579664743290358], [-73.00732658621352, 2.579754902501248], [-73.00741674542442, 2.579754902501248], [-73.00741674542442, 2.5798450617121382], [-73.00723642700264, 2.5798450617121382], [-73.00723642700264, 2.579664743290358], [-73.00705610858085, 2.579664743290358], [-73.00705610858085, 2.579754902501248], [-73.00714626779174, 2.579754902501248], [-73.00714626779174, 2.5798450617121382], [-73.00705610858085, 2.5798450617121382], [-73.00705610858085, 2.580025380133919], [-73.00687579015907, 2.580025380133919], [-73.00687579015907, 2.5803860169774797], [-73.00696594936997, 2.5803860169774797], [-73.00696594936997, 2.5806564946101505], [-73.00687579015907, 2.5806564946101505], [-73.00687579015907, 2.580746653821041], [-73.00696594936997, 2.580746653821041], [-73.00696594936997, 2.580926972242821], [-73.00687579015907, 2.580926972242821], [-73.00687579015907, 2.5816482459299435], [-73.00696594936997, 2.5816482459299435], [-73.00696594936997, 2.581918723562614], [-73.00705610858085, 2.581918723562614], [-73.00705610858085, 2.5820088827735046], [-73.00696594936997, 2.5820088827735046], [-73.00696594936997, 2.582189201195285], [-73.00705610858085, 2.582189201195285], [-73.00705610858085, 2.5823695196170653], [-73.00696594936997, 2.5823695196170653], [-73.00696594936997, 2.582639997249736], [-73.00723642700264, 2.582639997249736], [-73.00723642700264, 2.582820315671517], [-73.00732658621352, 2.582820315671517], [-73.00732658621352, 2.582549838038846], [-73.00741674542442, 2.582549838038846], [-73.00741674542442, 2.5833612709368583], [-73.00732658621352, 2.5833612709368583], [-73.00732658621352, 2.5831809525150775], [-73.00723642700264, 2.5831809525150775], [-73.00723642700264, 2.5833612709368583], [-73.00705610858085, 2.5833612709368583], [-73.00705610858085, 2.5835415893586386], [-73.00723642700264, 2.5835415893586386], [-73.00723642700264, 2.5837219077804194], [-73.00732658621352, 2.5837219077804194], [-73.00732658621352, 2.5835415893586386], [-73.00777738226797, 2.5835415893586386], [-73.00777738226797, 2.5833612709368583], [-73.00786754147887, 2.5833612709368583], [-73.00786754147887, 2.583271111725968], [-73.00795770068976, 2.583271111725968], [-73.00795770068976, 2.5831809525150775], [-73.00777738226797, 2.5831809525150775], [-73.00777738226797, 2.5830907933041876], [-73.00786754147887, 2.5830907933041876], [-73.00786754147887, 2.583000634093297], [-73.00795770068976, 2.583000634093297], [-73.00795770068976, 2.582820315671517], [-73.00831833753332, 2.582820315671517], [-73.00831833753332, 2.583000634093297], [-73.00813801911154, 2.583000634093297], [-73.00813801911154, 2.5830907933041876], [-73.00822817832243, 2.5830907933041876], [-73.00822817832243, 2.5831809525150775], [-73.00831833753332, 2.5831809525150775], [-73.00831833753332, 2.5833612709368583], [-73.0084986559551, 2.5833612709368583], [-73.0084986559551, 2.5837219077804194], [-73.00831833753332, 2.5837219077804194], [-73.00831833753332, 2.5838120669913094], [-73.00840849674421, 2.5838120669913094], [-73.00840849674421, 2.58408254462398], [-73.00831833753332, 2.58408254462398], [-73.00831833753332, 2.5841727038348705], [-73.00822817832243, 2.5841727038348705], [-73.00822817832243, 2.58408254462398], [-73.00813801911154, 2.58408254462398], [-73.00813801911154, 2.584262863045761], [-73.0084986559551, 2.584262863045761], [-73.0084986559551, 2.584353022256651], [-73.00840849674421, 2.584353022256651], [-73.00840849674421, 2.5844431814675413], [-73.0084986559551, 2.5844431814675413], [-73.0084986559551, 2.5846234998893216], [-73.008588815166, 2.5846234998893216], [-73.008588815166, 2.5848038183111024], [-73.00912977043133, 2.5848038183111024], [-73.00912977043133, 2.5851644551546635], [-73.00931008885311, 2.5851644551546635], [-73.00931008885311, 2.585344773576444], [-73.00967072569667, 2.585344773576444], [-73.00967072569667, 2.5855250919982242], [-73.01021168096202, 2.5855250919982242], [-73.01021168096202, 2.5854349327873343], [-73.0103919993838, 2.5854349327873343], [-73.0103919993838, 2.5855250919982242], [-73.01093295464914, 2.5855250919982242], [-73.01093295464914, 2.585344773576444], [-73.01111327307092, 2.585344773576444], [-73.01111327307092, 2.5852546143655535], [-73.0112034322818, 2.5852546143655535], [-73.0112034322818, 2.5851644551546635], [-73.01138375070359, 2.5851644551546635], [-73.01138375070359, 2.5849841367328827], [-73.01183454675804, 2.5849841367328827], [-73.01183454675804, 2.5851644551546635], [-73.01201486517982, 2.5851644551546635], [-73.01201486517982, 2.5862463656853465], [-73.01237550202337, 2.5862463656853465], [-73.01237550202337, 2.586426684107127], [-73.01264597965606, 2.586426684107127], [-73.01264597965606, 2.5863365248962364], [-73.01255582044516, 2.5863365248962364], [-73.01255582044516, 2.5862463656853465], [-73.01273613886694, 2.5862463656853465], [-73.01273613886694, 2.5860660472635657], [-73.01291645728872, 2.5860660472635657], [-73.01291645728872, 2.5858857288417854], [-73.01300661649961, 2.5858857288417854], [-73.01300661649961, 2.585705410420005], [-73.01309677571051, 2.585705410420005], [-73.01309677571051, 2.5856152512091146], [-73.01318693492139, 2.5856152512091146], [-73.01318693492139, 2.5855250919982242], [-73.01327709413228, 2.5855250919982242], [-73.01327709413228, 2.5860660472635657], [-73.01309677571051, 2.5860660472635657], [-73.01309677571051, 2.5862463656853465], [-73.01300661649961, 2.5862463656853465], [-73.01300661649961, 2.586426684107127], [-73.01291645728872, 2.586426684107127], [-73.01291645728872, 2.5869676393724683], [-73.01309677571051, 2.5869676393724683], [-73.01309677571051, 2.587147957794249], [-73.01345741255406, 2.587147957794249], [-73.01345741255406, 2.5873282762160295], [-73.01363773097584, 2.5873282762160295], [-73.01363773097584, 2.58750859463781], [-73.0139983678194, 2.58750859463781], [-73.0139983678194, 2.5877790722704805], [-73.0140885270303, 2.5877790722704805], [-73.0140885270303, 2.587869231481371], [-73.01417868624118, 2.587869231481371], [-73.01417868624118, 2.5880495499031513], [-73.0148999599283, 2.5880495499031513], [-73.0148999599283, 2.588229868324932], [-73.0149901191392, 2.588229868324932], [-73.0149901191392, 2.588320027535822], [-73.01508027835008, 2.588320027535822], [-73.01508027835008, 2.5887708235902736], [-73.01517043756098, 2.5887708235902736], [-73.01517043756098, 2.588860982801164], [-73.01526059677187, 2.588860982801164], [-73.01526059677187, 2.5891314604338347], [-73.01544091519365, 2.5891314604338347], [-73.01544091519365, 2.589311778855615], [-73.01562123361543, 2.589311778855615], [-73.01562123361543, 2.589672415699176], [-73.0158015520372, 2.589672415699176], [-73.0158015520372, 2.5898527341209565], [-73.01616218888077, 2.5898527341209565], [-73.01616218888077, 2.590033052542737], [-73.01607202966989, 2.590033052542737], [-73.01607202966989, 2.589942893331847], [-73.01598187045899, 2.589942893331847], [-73.01598187045899, 2.590033052542737], [-73.01562123361543, 2.590033052542737], [-73.01562123361543, 2.5901232117536273], [-73.01553107440454, 2.5901232117536273], [-73.01553107440454, 2.5902133709645176], [-73.01544091519365, 2.5902133709645176], [-73.01544091519365, 2.5911149630734203], [-73.01526059677187, 2.5911149630734203], [-73.01526059677187, 2.5934591025565665], [-73.01535075598275, 2.5934591025565665], [-73.01535075598275, 2.593549261767457], [-73.01544091519365, 2.593549261767457], [-73.01544091519365, 2.5938197394001277], [-73.01634250730255, 2.5938197394001277]], [[-73.0167031441461, 2.5873282762160295], [-73.01598187045899, 2.5873282762160295], [-73.01598187045899, 2.587147957794249], [-73.0158015520372, 2.587147957794249], [-73.0158015520372, 2.5869676393724683], [-73.01598187045899, 2.5869676393724683], [-73.01598187045899, 2.586607002528907], [-73.01607202966989, 2.586607002528907], [-73.01607202966989, 2.5866971617397976], [-73.01616218888077, 2.5866971617397976], [-73.01616218888077, 2.586787320950688], [-73.01652282572434, 2.586787320950688], [-73.01652282572434, 2.586607002528907], [-73.0167031441461, 2.586607002528907], [-73.0167031441461, 2.5862463656853465], [-73.01688346256789, 2.5862463656853465], [-73.01688346256789, 2.586607002528907], [-73.016793303357, 2.586607002528907], [-73.016793303357, 2.5866971617397976], [-73.0167031441461, 2.5866971617397976], [-73.0167031441461, 2.5873282762160295]], [[-73.008588815166, 2.5841727038348705], [-73.0084986559551, 2.5841727038348705], [-73.0084986559551, 2.58408254462398], [-73.008588815166, 2.58408254462398], [-73.008588815166, 2.5841727038348705]], [[-73.00885929279866, 2.58408254462398], [-73.008588815166, 2.58408254462398], [-73.008588815166, 2.58399238541309], [-73.0084986559551, 2.58399238541309], [-73.0084986559551, 2.5838120669913094], [-73.008588815166, 2.5838120669913094], [-73.008588815166, 2.5837219077804194], [-73.00885929279866, 2.5837219077804194], [-73.00885929279866, 2.583631748569529], [-73.00903961122044, 2.583631748569529], [-73.00903961122044, 2.5838120669913094], [-73.00894945200955, 2.5838120669913094], [-73.00894945200955, 2.5839022262022], [-73.00885929279866, 2.5839022262022], [-73.00885929279866, 2.58408254462398]], [[-73.01255582044516, 2.5838120669913094], [-73.01237550202337, 2.5838120669913094], [-73.01237550202337, 2.5837219077804194], [-73.01255582044516, 2.5837219077804194], [-73.01255582044516, 2.5838120669913094]], [[-73.01111327307092, 2.583631748569529], [-73.01093295464914, 2.583631748569529], [-73.01093295464914, 2.5835415893586386], [-73.01111327307092, 2.5835415893586386], [-73.01111327307092, 2.583631748569529]], [[-73.01435900466296, 2.5835415893586386], [-73.01426884545208, 2.5835415893586386], [-73.01426884545208, 2.5834514301477487], [-73.01435900466296, 2.5834514301477487], [-73.01435900466296, 2.5835415893586386]], [[-73.016793303357, 2.5816482459299435], [-73.0167031441461, 2.5816482459299435], [-73.0167031441461, 2.581558086719053], [-73.016793303357, 2.581558086719053], [-73.016793303357, 2.5816482459299435]], [[-73.00714626779174, 2.580926972242821], [-73.00705610858085, 2.580926972242821], [-73.00705610858085, 2.5808368130319312], [-73.00714626779174, 2.5808368130319312], [-73.00714626779174, 2.580926972242821]], [[-73.0075069046353, 2.5808368130319312], [-73.00741674542442, 2.5808368130319312], [-73.00741674542442, 2.580746653821041], [-73.0075069046353, 2.580746653821041], [-73.0075069046353, 2.5808368130319312]]]}}, {"id": "128", "type": "Feature", "properties": {"time_step": null}, "geometry": {"type": "Polygon", "coordinates": [[[-72.98100009663357, 2.577320603807211], [-72.98100009663357, 2.577140285385431], [-72.98109025584446, 2.577140285385431], [-72.98109025584446, 2.57695996696365], [-72.98118041505535, 2.57695996696365], [-72.98118041505535, 2.5765993301200893], [-72.98045914136823, 2.5765993301200893], [-72.98045914136823, 2.5766894893309793], [-72.98027882294645, 2.5766894893309793], [-72.98027882294645, 2.5767796485418697], [-72.98018866373556, 2.5767796485418697], [-72.98018866373556, 2.57695996696365], [-72.98027882294645, 2.57695996696365], [-72.98027882294645, 2.577140285385431], [-72.98045914136823, 2.577140285385431], [-72.98045914136823, 2.577320603807211], [-72.98100009663357, 2.577320603807211]]]}}, {"id": "129", "type": "Feature", "properties": {"time_step": null}, "geometry": {"type": "Polygon", "coordinates": [[[-73.00056464539675, 2.5866971617397976], [-73.00056464539675, 2.586607002528907], [-73.0011056006621, 2.586607002528907], [-73.0011056006621, 2.5865168433180172], [-73.00119575987299, 2.5865168433180172], [-73.00119575987299, 2.586426684107127], [-73.00128591908388, 2.586426684107127], [-73.00128591908388, 2.5862463656853465], [-73.00146623750565, 2.5862463656853465], [-73.00146623750565, 2.5860660472635657], [-73.00164655592744, 2.5860660472635657], [-73.00164655592744, 2.5858857288417854], [-73.00182687434922, 2.5858857288417854], [-73.00182687434922, 2.585705410420005], [-73.002007192771, 2.585705410420005], [-73.002007192771, 2.5852546143655535], [-73.00209735198189, 2.5852546143655535], [-73.00209735198189, 2.585074295943773], [-73.00218751119279, 2.585074295943773], [-73.00218751119279, 2.584713659100212], [-73.00272846645812, 2.584713659100212], [-73.00272846645812, 2.5844431814675413], [-73.00281862566901, 2.5844431814675413], [-73.00281862566901, 2.584353022256651], [-73.00326942172346, 2.584353022256651], [-73.00326942172346, 2.58399238541309], [-73.00344974014524, 2.58399238541309], [-73.00344974014524, 2.5834514301477487], [-73.00326942172346, 2.5834514301477487], [-73.00326942172346, 2.5827301564606264], [-73.0029087848799, 2.5827301564606264], [-73.0029087848799, 2.582549838038846], [-73.00272846645812, 2.582549838038846], [-73.00272846645812, 2.5823695196170653], [-73.00254814803634, 2.5823695196170653], [-73.00254814803634, 2.582189201195285], [-73.00236782961456, 2.582189201195285], [-73.00236782961456, 2.5820088827735046], [-73.00209735198189, 2.5820088827735046], [-73.00209735198189, 2.581918723562614], [-73.002007192771, 2.581918723562614], [-73.002007192771, 2.581828564351724], [-73.0019170335601, 2.581828564351724], [-73.0019170335601, 2.581918723562614], [-73.00182687434922, 2.581918723562614], [-73.00182687434922, 2.5820088827735046], [-73.00173671513834, 2.5820088827735046], [-73.00173671513834, 2.582189201195285], [-73.00155639671655, 2.582189201195285], [-73.00155639671655, 2.5820990419843945], [-73.00164655592744, 2.5820990419843945], [-73.00164655592744, 2.5816482459299435], [-73.00146623750565, 2.5816482459299435], [-73.00146623750565, 2.5814679275081627], [-73.00128591908388, 2.5814679275081627], [-73.00128591908388, 2.5803860169774797], [-73.0011056006621, 2.5803860169774797], [-73.0011056006621, 2.5802056985556994], [-73.00092528224032, 2.5802056985556994], [-73.00092528224032, 2.580025380133919], [-73.0011056006621, 2.580025380133919], [-73.0011056006621, 2.5798450617121382], [-73.002007192771, 2.5798450617121382], [-73.002007192771, 2.580025380133919], [-73.00308910330169, 2.580025380133919], [-73.00308910330169, 2.580115539344809], [-73.00317926251257, 2.580115539344809], [-73.00317926251257, 2.5802056985556994], [-73.00344974014524, 2.5802056985556994], [-73.00344974014524, 2.5803860169774797], [-73.00363005856703, 2.5803860169774797], [-73.00363005856703, 2.5805663353992605], [-73.00381037698881, 2.5805663353992605], [-73.00381037698881, 2.5806564946101505], [-73.00399069541058, 2.5806564946101505], [-73.00399069541058, 2.580746653821041], [-73.00426117304326, 2.580746653821041], [-73.00426117304326, 2.5808368130319312], [-73.00435133225415, 2.5808368130319312], [-73.00435133225415, 2.580926972242821], [-73.00453165067593, 2.580926972242821], [-73.00453165067593, 2.581107290664602], [-73.00471196909771, 2.581107290664602], [-73.00471196909771, 2.5805663353992605], [-73.0048021283086, 2.5805663353992605], [-73.0048021283086, 2.58047617618837], [-73.00489228751948, 2.58047617618837], [-73.00489228751948, 2.5798450617121382], [-73.0048021283086, 2.5798450617121382], [-73.0048021283086, 2.579664743290358], [-73.00489228751948, 2.579664743290358], [-73.00489228751948, 2.5789434696032356], [-73.00498244673038, 2.5789434696032356], [-73.00498244673038, 2.5787631511814553], [-73.00507260594127, 2.5787631511814553], [-73.00507260594127, 2.578222195916114], [-73.00525292436305, 2.578222195916114], [-73.00525292436305, 2.5778615590725527], [-73.00507260594127, 2.5778615590725527], [-73.00507260594127, 2.5776812406507723], [-73.00489228751948, 2.5776812406507723], [-73.00489228751948, 2.5775009222289915], [-73.00471196909771, 2.5775009222289915], [-73.00471196909771, 2.5774107630181016], [-73.00453165067593, 2.5774107630181016], [-73.00453165067593, 2.577320603807211], [-73.00417101383236, 2.577320603807211], [-73.00417101383236, 2.577140285385431], [-73.00399069541058, 2.577140285385431], [-73.00399069541058, 2.5767796485418697], [-73.00363005856703, 2.5767796485418697], [-73.00363005856703, 2.5765993301200893], [-73.00326942172346, 2.5765993301200893], [-73.00326942172346, 2.5764190116983086], [-73.00272846645812, 2.5764190116983086], [-73.00272846645812, 2.576238693276528], [-73.00218751119279, 2.576238693276528], [-73.00218751119279, 2.5765993301200893], [-73.00227767040367, 2.5765993301200893], [-73.00227767040367, 2.5767796485418697], [-73.00218751119279, 2.5767796485418697], [-73.00218751119279, 2.57695996696365], [-73.002007192771, 2.57695996696365], [-73.002007192771, 2.577140285385431], [-73.00182687434922, 2.577140285385431], [-73.00182687434922, 2.577230444596321], [-73.00164655592744, 2.577230444596321], [-73.00164655592744, 2.577320603807211], [-73.00146623750565, 2.577320603807211], [-73.00146623750565, 2.5775009222289915], [-73.0011056006621, 2.5775009222289915], [-73.0011056006621, 2.5767796485418697], [-73.00119575987299, 2.5767796485418697], [-73.00119575987299, 2.5766894893309793], [-73.00128591908388, 2.5766894893309793], [-73.00128591908388, 2.5765993301200893], [-73.0011056006621, 2.5765993301200893], [-73.0011056006621, 2.576238693276528], [-73.00002369013141, 2.576238693276528], [-73.00002369013141, 2.5764190116983086], [-72.99984337170963, 2.5764190116983086], [-72.99984337170963, 2.57695996696365], [-72.99966305328785, 2.57695996696365], [-72.99966305328785, 2.5778615590725527], [-72.99975321249875, 2.5778615590725527], [-72.99975321249875, 2.578041877494333], [-72.99984337170963, 2.578041877494333], [-72.99984337170963, 2.578582832759675], [-72.99966305328785, 2.578582832759675], [-72.99966305328785, 2.5787631511814553], [-72.9993024164443, 2.5787631511814553], [-72.9993024164443, 2.5789434696032356], [-72.99876146117896, 2.5789434696032356], [-72.99876146117896, 2.5791237880250164], [-72.99840082433539, 2.5791237880250164], [-72.99840082433539, 2.5792139472359064], [-72.9983106651245, 2.5792139472359064], [-72.9983106651245, 2.5793041064467968], [-72.99813034670272, 2.5793041064467968], [-72.99813034670272, 2.579394265657687], [-72.99804018749182, 2.579394265657687], [-72.99804018749182, 2.580025380133919], [-72.99822050591361, 2.580025380133919], [-72.99822050591361, 2.5802056985556994], [-72.9983106651245, 2.5802056985556994], [-72.9983106651245, 2.5802958577665898], [-72.99840082433539, 2.5802958577665898], [-72.99840082433539, 2.5803860169774797], [-72.99849098354628, 2.5803860169774797], [-72.99849098354628, 2.58047617618837], [-72.99858114275717, 2.58047617618837], [-72.99858114275717, 2.5805663353992605], [-72.99876146117896, 2.5805663353992605], [-72.99876146117896, 2.580746653821041], [-72.99912209802251, 2.580746653821041], [-72.99912209802251, 2.5808368130319312], [-72.9993024164443, 2.5808368130319312], [-72.9993024164443, 2.580746653821041], [-73.00002369013141, 2.580746653821041], [-73.00002369013141, 2.580926972242821], [-72.99993353092053, 2.580926972242821], [-72.99993353092053, 2.5810171314537116], [-72.99984337170963, 2.5810171314537116], [-72.99984337170963, 2.5816482459299435], [-72.99912209802251, 2.5816482459299435], [-72.99912209802251, 2.5820088827735046], [-72.99894177960073, 2.5820088827735046], [-72.99894177960073, 2.582189201195285], [-72.99876146117896, 2.582189201195285], [-72.99876146117896, 2.5823695196170653], [-72.99858114275717, 2.5823695196170653], [-72.99858114275717, 2.582549838038846], [-72.99840082433539, 2.582549838038846], [-72.99840082433539, 2.5827301564606264], [-72.9983106651245, 2.5827301564606264], [-72.9983106651245, 2.5829104748824068], [-72.99822050591361, 2.5829104748824068], [-72.99822050591361, 2.5830907933041876], [-72.99813034670272, 2.5830907933041876], [-72.99813034670272, 2.583271111725968], [-72.99804018749182, 2.583271111725968], [-72.99804018749182, 2.5838120669913094], [-72.99822050591361, 2.5838120669913094], [-72.99822050591361, 2.58399238541309], [-72.99840082433539, 2.58399238541309], [-72.99840082433539, 2.5841727038348705], [-72.99876146117896, 2.5841727038348705], [-72.99876146117896, 2.584262863045761], [-72.99894177960073, 2.584262863045761], [-72.99894177960073, 2.584353022256651], [-72.9993024164443, 2.584353022256651], [-72.9993024164443, 2.5845333406784317], [-72.99939257565518, 2.5845333406784317], [-72.99939257565518, 2.5846234998893216], [-72.99948273486608, 2.5846234998893216], [-72.99948273486608, 2.584713659100212], [-72.99984337170963, 2.584713659100212], [-72.99984337170963, 2.5845333406784317], [-73.0002040085532, 2.5845333406784317], [-73.0002040085532, 2.584713659100212], [-73.00038432697498, 2.584713659100212], [-73.00038432697498, 2.5848939775219923], [-73.00029416776408, 2.5848939775219923], [-73.00029416776408, 2.5849841367328827], [-73.0002040085532, 2.5849841367328827], [-73.0002040085532, 2.585074295943773], [-72.99993353092053, 2.585074295943773], [-72.99993353092053, 2.5851644551546635], [-72.99984337170963, 2.5851644551546635], [-72.99984337170963, 2.5852546143655535], [-72.99975321249875, 2.5852546143655535], [-72.99975321249875, 2.585344773576444], [-72.99966305328785, 2.585344773576444], [-72.99966305328785, 2.5854349327873343], [-72.99984337170963, 2.5854349327873343], [-72.99984337170963, 2.5856152512091146], [-73.00002369013141, 2.5856152512091146], [-73.00002369013141, 2.5863365248962364], [-73.0001138493423, 2.5863365248962364], [-73.0001138493423, 2.586426684107127], [-73.0002040085532, 2.586426684107127], [-73.0002040085532, 2.586607002528907], [-73.00038432697498, 2.586607002528907], [-73.00038432697498, 2.5866971617397976], [-73.00056464539675, 2.5866971617397976]], [[-73.00092528224032, 2.586426684107127], [-73.00056464539675, 2.586426684107127], [-73.00056464539675, 2.5859758880526758], [-73.00074496381853, 2.5859758880526758], [-73.00074496381853, 2.5860660472635657], [-73.0011056006621, 2.5860660472635657], [-73.0011056006621, 2.5863365248962364], [-73.00092528224032, 2.5863365248962364], [-73.00092528224032, 2.586426684107127]]]}}, {"id": "130", "type": "Feature", "properties": {"time_step": null}, "geometry": {"type": "Polygon", "coordinates": [[[-72.99416334142354, 2.578041877494333], [-72.99416334142354, 2.577951718283443], [-72.99407318221266, 2.577951718283443], [-72.99407318221266, 2.5778615590725527], [-72.99416334142354, 2.5778615590725527], [-72.99416334142354, 2.5776812406507723], [-72.99425350063444, 2.5776812406507723], [-72.99425350063444, 2.577320603807211], [-72.99416334142354, 2.577320603807211], [-72.99416334142354, 2.577140285385431], [-72.99407318221266, 2.577140285385431], [-72.99407318221266, 2.57695996696365], [-72.99380270457999, 2.57695996696365], [-72.99380270457999, 2.57686980775276], [-72.99389286379088, 2.57686980775276], [-72.99389286379088, 2.5767796485418697], [-72.99425350063444, 2.5767796485418697], [-72.99425350063444, 2.5764190116983086], [-72.994614137478, 2.5764190116983086], [-72.994614137478, 2.576238693276528], [-72.99479445589978, 2.576238693276528], [-72.99479445589978, 2.5760583748547474], [-72.9947042966889, 2.5760583748547474], [-72.9947042966889, 2.575878056432967], [-72.99443381905621, 2.575878056432967], [-72.99443381905621, 2.5760583748547474], [-72.99434365984533, 2.5760583748547474], [-72.99434365984533, 2.576238693276528], [-72.99425350063444, 2.576238693276528], [-72.99425350063444, 2.5760583748547474], [-72.99407318221266, 2.5760583748547474], [-72.99407318221266, 2.5757878972220767], [-72.99398302300177, 2.5757878972220767], [-72.99398302300177, 2.5756977380111867], [-72.99371254536909, 2.5756977380111867], [-72.99371254536909, 2.575878056432967], [-72.99335190852554, 2.575878056432967], [-72.99335190852554, 2.5760583748547474], [-72.99317159010376, 2.5760583748547474], [-72.99317159010376, 2.576238693276528], [-72.99308143089287, 2.576238693276528], [-72.99308143089287, 2.5764190116983086], [-72.99299127168197, 2.5764190116983086], [-72.99299127168197, 2.5765993301200893], [-72.99308143089287, 2.5765993301200893], [-72.99308143089287, 2.5766894893309793], [-72.99317159010376, 2.5766894893309793], [-72.99317159010376, 2.577320603807211], [-72.99335190852554, 2.577320603807211], [-72.99335190852554, 2.5778615590725527], [-72.99380270457999, 2.5778615590725527], [-72.99380270457999, 2.5777713998616623], [-72.99389286379088, 2.5777713998616623], [-72.99389286379088, 2.578041877494333], [-72.99416334142354, 2.578041877494333]]]}}, {"id": "131", "type": "Feature", "properties": {"time_step": null}, "geometry": {"type": "Polygon", "coordinates": [[[-72.94682975570616, 2.579754902501248], [-72.94682975570616, 2.5795745840794675], [-72.94701007412795, 2.5795745840794675], [-72.94701007412795, 2.5792139472359064], [-72.94719039254973, 2.5792139472359064], [-72.94719039254973, 2.579033628814126], [-72.94755102939328, 2.579033628814126], [-72.94755102939328, 2.5788533103923457], [-72.94782150702596, 2.5788533103923457], [-72.94782150702596, 2.5787631511814553], [-72.94773134781506, 2.5787631511814553], [-72.94773134781506, 2.578672991970565], [-72.94800182544773, 2.578672991970565], [-72.94800182544773, 2.578582832759675], [-72.94809198465863, 2.578582832759675], [-72.94809198465863, 2.5784926735487845], [-72.94827230308042, 2.5784926735487845], [-72.94827230308042, 2.5781320367052234], [-72.94845262150218, 2.5781320367052234], [-72.94845262150218, 2.5777713998616623], [-72.94863293992397, 2.5777713998616623], [-72.94863293992397, 2.577591081439882], [-72.94881325834575, 2.577591081439882], [-72.94881325834575, 2.577230444596321], [-72.94899357676753, 2.577230444596321], [-72.94899357676753, 2.57686980775276], [-72.94890341755664, 2.57686980775276], [-72.94890341755664, 2.5767796485418697], [-72.94881325834575, 2.5767796485418697], [-72.94881325834575, 2.576509170909199], [-72.94872309913487, 2.576509170909199], [-72.94872309913487, 2.5764190116983086], [-72.94863293992397, 2.5764190116983086], [-72.94863293992397, 2.576238693276528], [-72.94854278071308, 2.576238693276528], [-72.94854278071308, 2.576148534065638], [-72.94845262150218, 2.576148534065638], [-72.94845262150218, 2.575517419589406], [-72.9483624622913, 2.575517419589406], [-72.9483624622913, 2.575427260378516], [-72.94827230308042, 2.575427260378516], [-72.94827230308042, 2.575246941956735], [-72.94809198465863, 2.575246941956735], [-72.94809198465863, 2.575066623534955], [-72.94773134781506, 2.575066623534955], [-72.94773134781506, 2.575246941956735], [-72.94737071097151, 2.575246941956735], [-72.94737071097151, 2.5753371011676256], [-72.94719039254973, 2.5753371011676256], [-72.94719039254973, 2.575427260378516], [-72.94701007412795, 2.575427260378516], [-72.94701007412795, 2.5756075788002963], [-72.94664943728438, 2.5756075788002963], [-72.94664943728438, 2.5757878972220767], [-72.94646911886261, 2.5757878972220767], [-72.94646911886261, 2.5759682156438575], [-72.94610848201904, 2.5759682156438575], [-72.94610848201904, 2.576148534065638], [-72.94592816359726, 2.576148534065638], [-72.94592816359726, 2.576328852487418], [-72.94583800438637, 2.576328852487418], [-72.94583800438637, 2.5764190116983086], [-72.94574784517548, 2.5764190116983086], [-72.94574784517548, 2.576509170909199], [-72.94583800438637, 2.576509170909199], [-72.94583800438637, 2.5766894893309793], [-72.94592816359726, 2.5766894893309793], [-72.94592816359726, 2.57686980775276], [-72.94628880044083, 2.57686980775276], [-72.94628880044083, 2.577230444596321], [-72.94610848201904, 2.577230444596321], [-72.94610848201904, 2.5776812406507723], [-72.94601832280816, 2.5776812406507723], [-72.94601832280816, 2.5777713998616623], [-72.94610848201904, 2.5777713998616623], [-72.94610848201904, 2.579033628814126], [-72.94619864122993, 2.579033628814126], [-72.94619864122993, 2.5792139472359064], [-72.94628880044083, 2.5792139472359064], [-72.94628880044083, 2.5795745840794675], [-72.94637895965171, 2.5795745840794675], [-72.94637895965171, 2.579664743290358], [-72.94646911886261, 2.579664743290358], [-72.94646911886261, 2.579754902501248], [-72.94682975570616, 2.579754902501248]]]}}, {"id": "132", "type": "Feature", "properties": {"time_step": null}, "geometry": {"type": "Polygon", "coordinates": [[[-73.01282629807783, 2.5756977380111867], [-73.01282629807783, 2.5753371011676256], [-73.01300661649961, 2.5753371011676256], [-73.01300661649961, 2.574796145902284], [-73.01228534281249, 2.574796145902284], [-73.01228534281249, 2.5749764643240645], [-73.0121050243907, 2.5749764643240645], [-73.0121050243907, 2.5751567827458453], [-73.01192470596892, 2.5751567827458453], [-73.01192470596892, 2.575517419589406], [-73.0121050243907, 2.575517419589406], [-73.0121050243907, 2.5756977380111867], [-73.01282629807783, 2.5756977380111867]]]}}, {"id": "133", "type": "Feature", "properties": {"time_step": null}, "geometry": {"type": "Polygon", "coordinates": [[[-72.98036898215734, 2.5756977380111867], [-72.98036898215734, 2.575517419589406], [-72.98027882294645, 2.575517419589406], [-72.98027882294645, 2.5753371011676256], [-72.98045914136823, 2.5753371011676256], [-72.98045914136823, 2.575066623534955], [-72.98054930057911, 2.575066623534955], [-72.98054930057911, 2.5751567827458453], [-72.98063945979001, 2.5751567827458453], [-72.98063945979001, 2.5749764643240645], [-72.98054930057911, 2.5749764643240645], [-72.98054930057911, 2.5748863051131745], [-72.98045914136823, 2.5748863051131745], [-72.98045914136823, 2.574796145902284], [-72.98018866373556, 2.574796145902284], [-72.98018866373556, 2.5748863051131745], [-72.98009850452466, 2.5748863051131745], [-72.98009850452466, 2.575066623534955], [-72.98000834531378, 2.575066623534955], [-72.98000834531378, 2.5751567827458453], [-72.97973786768111, 2.5751567827458453], [-72.97973786768111, 2.575517419589406], [-72.97991818610289, 2.575517419589406], [-72.97991818610289, 2.5756977380111867], [-72.98036898215734, 2.5756977380111867]], [[-72.98018866373556, 2.5756075788002963], [-72.98009850452466, 2.5756075788002963], [-72.98009850452466, 2.575517419589406], [-72.98018866373556, 2.575517419589406], [-72.98018866373556, 2.5756075788002963]]]}}, {"id": "134", "type": "Feature", "properties": {"time_step": null}, "geometry": {"type": "Polygon", "coordinates": [[[-72.94881325834575, 2.5746158274805033], [-72.94881325834575, 2.5745256682696134], [-72.94899357676753, 2.5745256682696134], [-72.94899357676753, 2.5743453498478326], [-72.94917389518932, 2.5743453498478326], [-72.94917389518932, 2.573804394582491], [-72.94899357676753, 2.573804394582491], [-72.94899357676753, 2.5736240761607108], [-72.94881325834575, 2.5736240761607108], [-72.94881325834575, 2.5734437577389304], [-72.94872309913487, 2.5734437577389304], [-72.94872309913487, 2.5732634393171496], [-72.94863293992397, 2.5732634393171496], [-72.94863293992397, 2.5730831208953693], [-72.94827230308042, 2.5730831208953693], [-72.94827230308042, 2.5732634393171496], [-72.94818214386952, 2.5732634393171496], [-72.94818214386952, 2.5731732801062597], [-72.94809198465863, 2.5731732801062597], [-72.94809198465863, 2.5730831208953693], [-72.94773134781506, 2.5730831208953693], [-72.94773134781506, 2.5734437577389304], [-72.94755102939328, 2.5734437577389304], [-72.94755102939328, 2.573714235371601], [-72.94773134781506, 2.573714235371601], [-72.94773134781506, 2.573804394582491], [-72.94791166623685, 2.573804394582491], [-72.94791166623685, 2.573984713004272], [-72.94809198465863, 2.573984713004272], [-72.94809198465863, 2.5741650314260522], [-72.94827230308042, 2.5741650314260522], [-72.94827230308042, 2.5743453498478326], [-72.94845262150218, 2.5743453498478326], [-72.94845262150218, 2.5745256682696134], [-72.94863293992397, 2.5745256682696134], [-72.94863293992397, 2.5746158274805033], [-72.94881325834575, 2.5746158274805033]]]}}, {"id": "135", "type": "Feature", "properties": {"time_step": null}, "geometry": {"type": "Polygon", "coordinates": [[[-72.98776203745034, 2.5738945537933815], [-72.98776203745034, 2.57335359852804], [-72.98794235587212, 2.57335359852804], [-72.98794235587212, 2.5732634393171496], [-72.98785219666124, 2.5732634393171496], [-72.98785219666124, 2.5731732801062597], [-72.9881226742939, 2.5731732801062597], [-72.9881226742939, 2.572992961684479], [-72.98794235587212, 2.572992961684479], [-72.98794235587212, 2.5728126432626985], [-72.98776203745034, 2.5728126432626985], [-72.98776203745034, 2.572722484051808], [-72.98785219666124, 2.572722484051808], [-72.98785219666124, 2.5726323248409178], [-72.98758171902855, 2.5726323248409178], [-72.98758171902855, 2.5728126432626985], [-72.98740140060679, 2.5728126432626985], [-72.98740140060679, 2.572992961684479], [-72.98731124139589, 2.572992961684479], [-72.98731124139589, 2.5731732801062597], [-72.98740140060679, 2.5731732801062597], [-72.98740140060679, 2.5735339169498204], [-72.98749155981767, 2.5735339169498204], [-72.98749155981767, 2.573714235371601], [-72.98758171902855, 2.573714235371601], [-72.98758171902855, 2.5738945537933815], [-72.98776203745034, 2.5738945537933815]]]}}, {"id": "136", "type": "Feature", "properties": {"time_step": null}, "geometry": {"type": "Polygon", "coordinates": [[[-72.99840082433539, 2.5731732801062597], [-72.99840082433539, 2.572992961684479], [-72.99876146117896, 2.572992961684479], [-72.99876146117896, 2.5728126432626985], [-72.99894177960073, 2.5728126432626985], [-72.99894177960073, 2.5726323248409178], [-72.99912209802251, 2.5726323248409178], [-72.99912209802251, 2.5724520064191374], [-72.99894177960073, 2.5724520064191374], [-72.99894177960073, 2.572271687997357], [-72.99858114275717, 2.572271687997357], [-72.99858114275717, 2.5720913695755763], [-72.99840082433539, 2.5720913695755763], [-72.99840082433539, 2.5721815287864667], [-72.9983106651245, 2.5721815287864667], [-72.9983106651245, 2.572271687997357], [-72.99804018749182, 2.572271687997357], [-72.99804018749182, 2.5726323248409178], [-72.99795002828094, 2.5726323248409178], [-72.99795002828094, 2.5728126432626985], [-72.99785986907006, 2.5728126432626985], [-72.99785986907006, 2.5731732801062597], [-72.99840082433539, 2.5731732801062597]]]}}, {"id": "137", "type": "Feature", "properties": {"time_step": null}, "geometry": {"type": "Polygon", "coordinates": [[[-72.97631181766728, 2.5728126432626985], [-72.97631181766728, 2.5726323248409178], [-72.9761314992455, 2.5726323248409178], [-72.9761314992455, 2.572271687997357], [-72.97595118082371, 2.572271687997357], [-72.97595118082371, 2.5720913695755763], [-72.97586102161283, 2.5720913695755763], [-72.97586102161283, 2.571911051153796], [-72.97559054398016, 2.571911051153796], [-72.97559054398016, 2.5717307327320156], [-72.97486927029303, 2.5717307327320156], [-72.97486927029303, 2.5720913695755763], [-72.97504958871481, 2.5720913695755763], [-72.97504958871481, 2.572271687997357], [-72.9752299071366, 2.572271687997357], [-72.9752299071366, 2.5724520064191374], [-72.97559054398016, 2.5724520064191374], [-72.97559054398016, 2.5726323248409178], [-72.97577086240193, 2.5726323248409178], [-72.97577086240193, 2.572722484051808], [-72.97595118082371, 2.572722484051808], [-72.97595118082371, 2.5728126432626985], [-72.97631181766728, 2.5728126432626985]]]}}, {"id": "138", "type": "Feature", "properties": {"time_step": null}, "geometry": {"type": "Polygon", "coordinates": [[[-72.93510905829044, 2.5748863051131745], [-72.93510905829044, 2.5747059866913937], [-72.93546969513399, 2.5747059866913937], [-72.93546969513399, 2.5746158274805033], [-72.93565001355577, 2.5746158274805033], [-72.93565001355577, 2.5745256682696134], [-72.93583033197756, 2.5745256682696134], [-72.93583033197756, 2.5743453498478326], [-72.93601065039934, 2.5743453498478326], [-72.93601065039934, 2.5741650314260522], [-72.93619096882111, 2.5741650314260522], [-72.93619096882111, 2.5736240761607108], [-72.93601065039934, 2.5736240761607108], [-72.93601065039934, 2.57335359852804], [-72.93592049118844, 2.57335359852804], [-72.93592049118844, 2.5732634393171496], [-72.93583033197756, 2.5732634393171496], [-72.93583033197756, 2.572542165630028], [-72.93601065039934, 2.572542165630028], [-72.93601065039934, 2.5720012103646863], [-72.93583033197756, 2.5720012103646863], [-72.93583033197756, 2.5718208919429055], [-72.93546969513399, 2.5718208919429055], [-72.93546969513399, 2.571640573521125], [-72.9352893767122, 2.571640573521125], [-72.9352893767122, 2.5717307327320156], [-72.93519921750132, 2.5717307327320156], [-72.93519921750132, 2.5718208919429055], [-72.93402714775975, 2.5718208919429055], [-72.93402714775975, 2.5721815287864667], [-72.93393698854887, 2.5721815287864667], [-72.93393698854887, 2.572361847208247], [-72.93384682933797, 2.572361847208247], [-72.93384682933797, 2.5726323248409178], [-72.93375667012708, 2.5726323248409178], [-72.93375667012708, 2.572722484051808], [-72.93366651091618, 2.572722484051808], [-72.93366651091618, 2.5729028024735885], [-72.93348619249441, 2.5729028024735885], [-72.93348619249441, 2.5732634393171496], [-72.93339603328351, 2.5732634393171496], [-72.93339603328351, 2.5734437577389304], [-72.93348619249441, 2.5734437577389304], [-72.93348619249441, 2.5736240761607108], [-72.9335763517053, 2.5736240761607108], [-72.9335763517053, 2.573714235371601], [-72.93366651091618, 2.573714235371601], [-72.93366651091618, 2.573984713004272], [-72.93384682933797, 2.573984713004272], [-72.93384682933797, 2.5747059866913937], [-72.93402714775975, 2.5747059866913937], [-72.93402714775975, 2.5748863051131745], [-72.93510905829044, 2.5748863051131745]]]}}, {"id": "139", "type": "Feature", "properties": {"time_step": null}, "geometry": {"type": "Polygon", "coordinates": [[[-72.98415566901473, 2.571911051153796], [-72.98415566901473, 2.571460255099345], [-72.98424582822562, 2.571460255099345], [-72.98424582822562, 2.571550414310235], [-72.98433598743651, 2.571550414310235], [-72.98433598743651, 2.5713700958884544], [-72.98424582822562, 2.5713700958884544], [-72.98424582822562, 2.5711897774666737], [-72.9835245545385, 2.5711897774666737], [-72.9835245545385, 2.571279936677564], [-72.98334423611672, 2.571279936677564], [-72.98334423611672, 2.5713700958884544], [-72.98325407690582, 2.5713700958884544], [-72.98325407690582, 2.571550414310235], [-72.9834343953276, 2.571550414310235], [-72.9834343953276, 2.571640573521125], [-72.9835245545385, 2.571640573521125], [-72.9835245545385, 2.571911051153796], [-72.98415566901473, 2.571911051153796]]]}}, {"id": "140", "type": "Feature", "properties": {"time_step": null}, "geometry": {"type": "Polygon", "coordinates": [[[-72.98325407690582, 2.5789434696032356], [-72.98325407690582, 2.5787631511814553], [-72.98316391769494, 2.5787631511814553], [-72.98316391769494, 2.578672991970565], [-72.98325407690582, 2.578672991970565], [-72.98325407690582, 2.578582832759675], [-72.9834343953276, 2.578582832759675], [-72.9834343953276, 2.578402514337894], [-72.98361471374939, 2.578402514337894], [-72.98361471374939, 2.578222195916114], [-72.9834343953276, 2.578222195916114], [-72.9834343953276, 2.577320603807211], [-72.98361471374939, 2.577320603807211], [-72.98361471374939, 2.576509170909199], [-72.9835245545385, 2.576509170909199], [-72.9835245545385, 2.5764190116983086], [-72.9834343953276, 2.5764190116983086], [-72.9834343953276, 2.5760583748547474], [-72.98379503217117, 2.5760583748547474], [-72.98379503217117, 2.576238693276528], [-72.98388519138206, 2.576238693276528], [-72.98388519138206, 2.576328852487418], [-72.98397535059296, 2.576328852487418], [-72.98397535059296, 2.5764190116983086], [-72.98433598743651, 2.5764190116983086], [-72.98433598743651, 2.5765993301200893], [-72.98451630585829, 2.5765993301200893], [-72.98451630585829, 2.5764190116983086], [-72.98478678349096, 2.5764190116983086], [-72.98478678349096, 2.576238693276528], [-72.98505726112363, 2.576238693276528], [-72.98505726112363, 2.5759682156438575], [-72.98514742033453, 2.5759682156438575], [-72.98514742033453, 2.5757878972220767], [-72.98523757954541, 2.5757878972220767], [-72.98523757954541, 2.575427260378516], [-72.9853277387563, 2.575427260378516], [-72.9853277387563, 2.5753371011676256], [-72.98523757954541, 2.5753371011676256], [-72.98523757954541, 2.5746158274805033], [-72.9853277387563, 2.5746158274805033], [-72.9853277387563, 2.574435509058723], [-72.9854178979672, 2.574435509058723], [-72.9854178979672, 2.574074872215162], [-72.98559821638898, 2.574074872215162], [-72.98559821638898, 2.57335359852804], [-72.98595885323253, 2.57335359852804], [-72.98595885323253, 2.5731732801062597], [-72.98613917165432, 2.5731732801062597], [-72.98613917165432, 2.5730831208953693], [-72.9862293308652, 2.5730831208953693], [-72.9862293308652, 2.572992961684479], [-72.9863194900761, 2.572992961684479], [-72.9863194900761, 2.5726323248409178], [-72.98649980849788, 2.5726323248409178], [-72.98649980849788, 2.5724520064191374], [-72.98668012691965, 2.5724520064191374], [-72.98668012691965, 2.572271687997357], [-72.98686044534143, 2.572271687997357], [-72.98686044534143, 2.571550414310235], [-72.98668012691965, 2.571550414310235], [-72.98668012691965, 2.5717307327320156], [-72.98658996770877, 2.5717307327320156], [-72.98658996770877, 2.5718208919429055], [-72.98649980849788, 2.5718208919429055], [-72.98649980849788, 2.5720913695755763], [-72.9863194900761, 2.5720913695755763], [-72.9863194900761, 2.571550414310235], [-72.98613917165432, 2.571550414310235], [-72.98613917165432, 2.5717307327320156], [-72.98604901244343, 2.5717307327320156], [-72.98604901244343, 2.571640573521125], [-72.98595885323253, 2.571640573521125], [-72.98595885323253, 2.571550414310235], [-72.98604901244343, 2.571550414310235], [-72.98604901244343, 2.5711897774666737], [-72.98595885323253, 2.5711897774666737], [-72.98595885323253, 2.5710996182557837], [-72.98586869402165, 2.5710996182557837], [-72.98586869402165, 2.5710094590448933], [-72.98577853481075, 2.5710094590448933], [-72.98577853481075, 2.5710996182557837], [-72.98559821638898, 2.5710996182557837], [-72.98559821638898, 2.5711897774666737], [-72.9854178979672, 2.5711897774666737], [-72.9854178979672, 2.5713700958884544], [-72.9853277387563, 2.5713700958884544], [-72.9853277387563, 2.571460255099345], [-72.98523757954541, 2.571460255099345], [-72.98523757954541, 2.571550414310235], [-72.9853277387563, 2.571550414310235], [-72.9853277387563, 2.571640573521125], [-72.9854178979672, 2.571640573521125], [-72.9854178979672, 2.5720913695755763], [-72.98523757954541, 2.5720913695755763], [-72.98523757954541, 2.572271687997357], [-72.98505726112363, 2.572271687997357], [-72.98505726112363, 2.5724520064191374], [-72.98469662428008, 2.5724520064191374], [-72.98469662428008, 2.5726323248409178], [-72.98451630585829, 2.5726323248409178], [-72.98451630585829, 2.5728126432626985], [-72.98415566901473, 2.5728126432626985], [-72.98415566901473, 2.5726323248409178], [-72.98379503217117, 2.5726323248409178], [-72.98379503217117, 2.5728126432626985], [-72.98361471374939, 2.5728126432626985], [-72.98361471374939, 2.5729028024735885], [-72.9835245545385, 2.5729028024735885], [-72.9835245545385, 2.5728126432626985], [-72.9834343953276, 2.5728126432626985], [-72.9834343953276, 2.572722484051808], [-72.9835245545385, 2.572722484051808], [-72.9835245545385, 2.572542165630028], [-72.9834343953276, 2.572542165630028], [-72.9834343953276, 2.572271687997357], [-72.9835245545385, 2.572271687997357], [-72.9835245545385, 2.5720913695755763], [-72.98298359927315, 2.5720913695755763], [-72.98298359927315, 2.5721815287864667], [-72.98280328085137, 2.5721815287864667], [-72.98280328085137, 2.5724520064191374], [-72.9826229624296, 2.5724520064191374], [-72.9826229624296, 2.572542165630028], [-72.98226232558603, 2.572542165630028], [-72.98226232558603, 2.5726323248409178], [-72.98244264400782, 2.5726323248409178], [-72.98244264400782, 2.5729028024735885], [-72.9825328032187, 2.5729028024735885], [-72.9825328032187, 2.572992961684479], [-72.98280328085137, 2.572992961684479], [-72.98280328085137, 2.57335359852804], [-72.98244264400782, 2.57335359852804], [-72.98244264400782, 2.5732634393171496], [-72.98226232558603, 2.5732634393171496], [-72.98226232558603, 2.57335359852804], [-72.98208200716425, 2.57335359852804], [-72.98208200716425, 2.5735339169498204], [-72.98181152953158, 2.5735339169498204], [-72.98181152953158, 2.5736240761607108], [-72.9817213703207, 2.5736240761607108], [-72.9817213703207, 2.5746158274805033], [-72.98190168874247, 2.5746158274805033], [-72.98190168874247, 2.574796145902284], [-72.98181152953158, 2.574796145902284], [-72.98181152953158, 2.5748863051131745], [-72.9817213703207, 2.5748863051131745], [-72.9817213703207, 2.5760583748547474], [-72.9816312111098, 2.5760583748547474], [-72.9816312111098, 2.576238693276528], [-72.98199184795337, 2.576238693276528], [-72.98199184795337, 2.5765993301200893], [-72.98208200716425, 2.5765993301200893], [-72.98208200716425, 2.5766894893309793], [-72.98217216637515, 2.5766894893309793], [-72.98217216637515, 2.577140285385431], [-72.98235248479692, 2.577140285385431], [-72.98235248479692, 2.5775009222289915], [-72.9825328032187, 2.5775009222289915], [-72.9825328032187, 2.5776812406507723], [-72.98271312164049, 2.5776812406507723], [-72.98271312164049, 2.578041877494333], [-72.98226232558603, 2.578041877494333], [-72.98226232558603, 2.5781320367052234], [-72.98217216637515, 2.5781320367052234], [-72.98217216637515, 2.578222195916114], [-72.98199184795337, 2.578222195916114], [-72.98199184795337, 2.578402514337894], [-72.98217216637515, 2.578402514337894], [-72.98217216637515, 2.578582832759675], [-72.98235248479692, 2.578582832759675], [-72.98235248479692, 2.5787631511814553], [-72.98271312164049, 2.5787631511814553], [-72.98271312164049, 2.5788533103923457], [-72.98280328085137, 2.5788533103923457], [-72.98280328085137, 2.5789434696032356], [-72.98289344006227, 2.5789434696032356], [-72.98289344006227, 2.5787631511814553], [-72.98307375848405, 2.5787631511814553], [-72.98307375848405, 2.5789434696032356], [-72.98325407690582, 2.5789434696032356]], [[-72.98424582822562, 2.5760583748547474], [-72.98415566901473, 2.5760583748547474], [-72.98415566901473, 2.5759682156438575], [-72.98424582822562, 2.5759682156438575], [-72.98424582822562, 2.5760583748547474]], [[-72.98433598743651, 2.5757878972220767], [-72.98415566901473, 2.5757878972220767], [-72.98415566901473, 2.5756075788002963], [-72.98397535059296, 2.5756075788002963], [-72.98397535059296, 2.575517419589406], [-72.98415566901473, 2.575517419589406], [-72.98415566901473, 2.5753371011676256], [-72.98424582822562, 2.5753371011676256], [-72.98424582822562, 2.575427260378516], [-72.98433598743651, 2.575427260378516], [-72.98433598743651, 2.5757878972220767]], [[-72.98505726112363, 2.5751567827458453], [-72.98478678349096, 2.5751567827458453], [-72.98478678349096, 2.5749764643240645], [-72.98487694270185, 2.5749764643240645], [-72.98487694270185, 2.5748863051131745], [-72.98478678349096, 2.5748863051131745], [-72.98478678349096, 2.574796145902284], [-72.98505726112363, 2.574796145902284], [-72.98505726112363, 2.5748863051131745], [-72.98496710191274, 2.5748863051131745], [-72.98496710191274, 2.5749764643240645], [-72.98505726112363, 2.5749764643240645], [-72.98505726112363, 2.5751567827458453]], [[-72.98271312164049, 2.574796145902284], [-72.9826229624296, 2.574796145902284], [-72.9826229624296, 2.5746158274805033], [-72.9825328032187, 2.5746158274805033], [-72.9825328032187, 2.5747059866913937], [-72.98235248479692, 2.5747059866913937], [-72.98235248479692, 2.5745256682696134], [-72.98226232558603, 2.5745256682696134], [-72.98226232558603, 2.5743453498478326], [-72.98235248479692, 2.5743453498478326], [-72.98235248479692, 2.5742551906369426], [-72.98244264400782, 2.5742551906369426], [-72.98244264400782, 2.5741650314260522], [-72.9825328032187, 2.5741650314260522], [-72.9825328032187, 2.574074872215162], [-72.9826229624296, 2.574074872215162], [-72.9826229624296, 2.5742551906369426], [-72.98307375848405, 2.5742551906369426], [-72.98307375848405, 2.574074872215162], [-72.98325407690582, 2.574074872215162], [-72.98325407690582, 2.5738945537933815], [-72.9834343953276, 2.5738945537933815], [-72.9834343953276, 2.574074872215162], [-72.9835245545385, 2.574074872215162], [-72.9835245545385, 2.5742551906369426], [-72.9834343953276, 2.5742551906369426], [-72.9834343953276, 2.5743453498478326], [-72.98334423611672, 2.5743453498478326], [-72.98334423611672, 2.574435509058723], [-72.98307375848405, 2.574435509058723], [-72.98307375848405, 2.5746158274805033], [-72.98271312164049, 2.5746158274805033], [-72.98271312164049, 2.574796145902284]], [[-72.98505726112363, 2.574435509058723], [-72.98469662428008, 2.574435509058723], [-72.98469662428008, 2.5738945537933815], [-72.98496710191274, 2.5738945537933815], [-72.98496710191274, 2.573984713004272], [-72.98487694270185, 2.573984713004272], [-72.98487694270185, 2.5742551906369426], [-72.98505726112363, 2.5742551906369426], [-72.98505726112363, 2.574435509058723]], [[-72.9862293308652, 2.5720012103646863], [-72.98613917165432, 2.5720012103646863], [-72.98613917165432, 2.571911051153796], [-72.9862293308652, 2.571911051153796], [-72.9862293308652, 2.5720012103646863]]]}}, {"id": "141", "type": "Feature", "properties": {"time_step": null}, "geometry": {"type": "Polygon", "coordinates": [[[-73.00958056648578, 2.576238693276528], [-73.00958056648578, 2.5760583748547474], [-73.00976088490756, 2.5760583748547474], [-73.00976088490756, 2.575878056432967], [-73.00958056648578, 2.575878056432967], [-73.00958056648578, 2.575517419589406], [-73.009400248064, 2.575517419589406], [-73.009400248064, 2.5753371011676256], [-73.00921992964221, 2.5753371011676256], [-73.00921992964221, 2.5751567827458453], [-73.00994120332935, 2.5751567827458453], [-73.00994120332935, 2.5749764643240645], [-73.01012152175112, 2.5749764643240645], [-73.01012152175112, 2.574796145902284], [-73.0103018401729, 2.574796145902284], [-73.0103018401729, 2.5747059866913937], [-73.0103919993838, 2.5747059866913937], [-73.0103919993838, 2.5746158274805033], [-73.01057231780557, 2.5746158274805033], [-73.01057231780557, 2.574796145902284], [-73.0112034322818, 2.574796145902284], [-73.0112034322818, 2.5749764643240645], [-73.01138375070359, 2.5749764643240645], [-73.01138375070359, 2.575066623534955], [-73.01147390991447, 2.575066623534955], [-73.01147390991447, 2.5751567827458453], [-73.01192470596892, 2.5751567827458453], [-73.01192470596892, 2.5749764643240645], [-73.01174438754715, 2.5749764643240645], [-73.01174438754715, 2.574435509058723], [-73.01156406912537, 2.574435509058723], [-73.01156406912537, 2.5742551906369426], [-73.01138375070359, 2.5742551906369426], [-73.01138375070359, 2.574074872215162], [-73.01111327307092, 2.574074872215162], [-73.01111327307092, 2.573984713004272], [-73.01102311386002, 2.573984713004272], [-73.01102311386002, 2.574074872215162], [-73.01084279543825, 2.574074872215162], [-73.01084279543825, 2.5742551906369426], [-73.01093295464914, 2.5742551906369426], [-73.01093295464914, 2.5743453498478326], [-73.01102311386002, 2.5743453498478326], [-73.01102311386002, 2.574435509058723], [-73.01093295464914, 2.574435509058723], [-73.01093295464914, 2.5746158274805033], [-73.01084279543825, 2.5746158274805033], [-73.01084279543825, 2.574435509058723], [-73.01066247701647, 2.574435509058723], [-73.01066247701647, 2.5742551906369426], [-73.01048215859468, 2.5742551906369426], [-73.01048215859468, 2.574074872215162], [-73.0103919993838, 2.574074872215162], [-73.0103919993838, 2.5738945537933815], [-73.01012152175112, 2.5738945537933815], [-73.01012152175112, 2.5730831208953693], [-73.01003136254023, 2.5730831208953693], [-73.01003136254023, 2.572992961684479], [-73.01012152175112, 2.572992961684479], [-73.01012152175112, 2.5728126432626985], [-73.01048215859468, 2.5728126432626985], [-73.01048215859468, 2.572722484051808], [-73.01066247701647, 2.572722484051808], [-73.01066247701647, 2.5726323248409178], [-73.01084279543825, 2.5726323248409178], [-73.01084279543825, 2.5724520064191374], [-73.01093295464914, 2.5724520064191374], [-73.01093295464914, 2.572361847208247], [-73.01102311386002, 2.572361847208247], [-73.01102311386002, 2.572271687997357], [-73.01111327307092, 2.572271687997357], [-73.01111327307092, 2.5720913695755763], [-73.0112034322818, 2.5720913695755763], [-73.0112034322818, 2.5718208919429055], [-73.0112935914927, 2.5718208919429055], [-73.0112935914927, 2.571640573521125], [-73.0112034322818, 2.571640573521125], [-73.0112034322818, 2.5711897774666737], [-73.01084279543825, 2.5711897774666737], [-73.01084279543825, 2.5710996182557837], [-73.01066247701647, 2.5710996182557837], [-73.01066247701647, 2.5710094590448933], [-73.0103018401729, 2.5710094590448933], [-73.0103018401729, 2.570919299834003], [-73.01012152175112, 2.570919299834003], [-73.01012152175112, 2.5710094590448933], [-73.01003136254023, 2.5710094590448933], [-73.01003136254023, 2.570919299834003], [-73.00994120332935, 2.570919299834003], [-73.00994120332935, 2.5710094590448933], [-73.00958056648578, 2.5710094590448933], [-73.00958056648578, 2.5711897774666737], [-73.00931008885311, 2.5711897774666737], [-73.00931008885311, 2.5710094590448933], [-73.00921992964221, 2.5710094590448933], [-73.00921992964221, 2.570919299834003], [-73.00912977043133, 2.570919299834003], [-73.00912977043133, 2.570829140623113], [-73.00885929279866, 2.570829140623113], [-73.00885929279866, 2.5710094590448933], [-73.00876913358778, 2.5710094590448933], [-73.00876913358778, 2.5710996182557837], [-73.00867897437688, 2.5710996182557837], [-73.00867897437688, 2.571550414310235], [-73.0084986559551, 2.571550414310235], [-73.0084986559551, 2.572271687997357], [-73.00840849674421, 2.572271687997357], [-73.00840849674421, 2.5724520064191374], [-73.00831833753332, 2.5724520064191374], [-73.00831833753332, 2.5726323248409178], [-73.00813801911154, 2.5726323248409178], [-73.00813801911154, 2.5728126432626985], [-73.00795770068976, 2.5728126432626985], [-73.00795770068976, 2.572992961684479], [-73.00777738226797, 2.572992961684479], [-73.00777738226797, 2.5731732801062597], [-73.00705610858085, 2.5731732801062597], [-73.00705610858085, 2.5732634393171496], [-73.00687579015907, 2.5732634393171496], [-73.00687579015907, 2.57335359852804], [-73.00651515331552, 2.57335359852804], [-73.00651515331552, 2.5731732801062597], [-73.00561356120662, 2.5731732801062597], [-73.00561356120662, 2.57335359852804], [-73.00543324278483, 2.57335359852804], [-73.00543324278483, 2.5738945537933815], [-73.00561356120662, 2.5738945537933815], [-73.00561356120662, 2.574074872215162], [-73.00579387962838, 2.574074872215162], [-73.00579387962838, 2.5742551906369426], [-73.00624467568284, 2.5742551906369426], [-73.00624467568284, 2.5741650314260522], [-73.00633483489374, 2.5741650314260522], [-73.00633483489374, 2.5742551906369426], [-73.00687579015907, 2.5742551906369426], [-73.00687579015907, 2.574435509058723], [-73.00669547173729, 2.574435509058723], [-73.00669547173729, 2.5749764643240645], [-73.00687579015907, 2.5749764643240645], [-73.00687579015907, 2.5751567827458453], [-73.00669547173729, 2.5751567827458453], [-73.00669547173729, 2.5753371011676256], [-73.00651515331552, 2.5753371011676256], [-73.00651515331552, 2.5756977380111867], [-73.00669547173729, 2.5756977380111867], [-73.00669547173729, 2.5757878972220767], [-73.00678563094819, 2.5757878972220767], [-73.00678563094819, 2.575878056432967], [-73.00705610858085, 2.575878056432967], [-73.00705610858085, 2.5760583748547474], [-73.00741674542442, 2.5760583748547474], [-73.00741674542442, 2.576238693276528], [-73.00759706384619, 2.576238693276528], [-73.00759706384619, 2.5760583748547474], [-73.00777738226797, 2.5760583748547474], [-73.00777738226797, 2.575878056432967], [-73.00795770068976, 2.575878056432967], [-73.00795770068976, 2.5756977380111867], [-73.00813801911154, 2.5756977380111867], [-73.00813801911154, 2.5753371011676256], [-73.00831833753332, 2.5753371011676256], [-73.00831833753332, 2.575517419589406], [-73.008588815166, 2.575517419589406], [-73.008588815166, 2.5756075788002963], [-73.00867897437688, 2.5756075788002963], [-73.00867897437688, 2.5756977380111867], [-73.00876913358778, 2.5756977380111867], [-73.00876913358778, 2.5757878972220767], [-73.00885929279866, 2.5757878972220767], [-73.00885929279866, 2.576148534065638], [-73.00894945200955, 2.576148534065638], [-73.00894945200955, 2.576238693276528], [-73.00958056648578, 2.576238693276528]], [[-73.00921992964221, 2.5751567827458453], [-73.00903961122044, 2.5751567827458453], [-73.00903961122044, 2.5749764643240645], [-73.00921992964221, 2.5749764643240645], [-73.00921992964221, 2.5751567827458453]]]}}, {"id": "142", "type": "Feature", "properties": {"time_step": null}, "geometry": {"type": "Polygon", "coordinates": [[[-72.98208200716425, 2.571911051153796], [-72.98208200716425, 2.5717307327320156], [-72.98217216637515, 2.5717307327320156], [-72.98217216637515, 2.571550414310235], [-72.98208200716425, 2.571550414310235], [-72.98208200716425, 2.5713700958884544], [-72.98226232558603, 2.5713700958884544], [-72.98226232558603, 2.571279936677564], [-72.98244264400782, 2.571279936677564], [-72.98244264400782, 2.5711897774666737], [-72.9825328032187, 2.5711897774666737], [-72.9825328032187, 2.5710996182557837], [-72.98244264400782, 2.5710996182557837], [-72.98244264400782, 2.570829140623113], [-72.98226232558603, 2.570829140623113], [-72.98226232558603, 2.570648822201332], [-72.98217216637515, 2.570648822201332], [-72.98217216637515, 2.5707389814122226], [-72.98208200716425, 2.5707389814122226], [-72.98208200716425, 2.570829140623113], [-72.98181152953158, 2.570829140623113], [-72.98181152953158, 2.5707389814122226], [-72.9817213703207, 2.5707389814122226], [-72.9817213703207, 2.5711897774666737], [-72.98181152953158, 2.5711897774666737], [-72.98181152953158, 2.5713700958884544], [-72.98190168874247, 2.5713700958884544], [-72.98190168874247, 2.571911051153796], [-72.98208200716425, 2.571911051153796]]]}}, {"id": "143", "type": "Feature", "properties": {"time_step": null}, "geometry": {"type": "Polygon", "coordinates": [[[-73.01562123361543, 2.57335359852804], [-73.01562123361543, 2.5732634393171496], [-73.01571139282632, 2.5732634393171496], [-73.01571139282632, 2.5731732801062597], [-73.0158015520372, 2.5731732801062597], [-73.0158015520372, 2.572992961684479], [-73.01598187045899, 2.572992961684479], [-73.01598187045899, 2.5726323248409178], [-73.01616218888077, 2.5726323248409178], [-73.01616218888077, 2.5724520064191374], [-73.01634250730255, 2.5724520064191374], [-73.01634250730255, 2.572271687997357], [-73.01652282572434, 2.572271687997357], [-73.01652282572434, 2.5721815287864667], [-73.0167031441461, 2.5721815287864667], [-73.0167031441461, 2.5720913695755763], [-73.01688346256789, 2.5720913695755763], [-73.01688346256789, 2.571911051153796], [-73.01724409941146, 2.571911051153796], [-73.01724409941146, 2.5717307327320156], [-73.01742441783324, 2.5717307327320156], [-73.01742441783324, 2.571550414310235], [-73.01760473625501, 2.571550414310235], [-73.01760473625501, 2.5713700958884544], [-73.01778505467679, 2.5713700958884544], [-73.01778505467679, 2.5710094590448933], [-73.01787521388769, 2.5710094590448933], [-73.01787521388769, 2.570919299834003], [-73.01796537309858, 2.570919299834003], [-73.01796537309858, 2.570648822201332], [-73.01760473625501, 2.570648822201332], [-73.01760473625501, 2.570829140623113], [-73.01742441783324, 2.570829140623113], [-73.01742441783324, 2.5710094590448933], [-73.01724409941146, 2.5710094590448933], [-73.01724409941146, 2.5710996182557837], [-73.01715394020056, 2.5710996182557837], [-73.01715394020056, 2.5710094590448933], [-73.01688346256789, 2.5710094590448933], [-73.01688346256789, 2.5710996182557837], [-73.01697362177879, 2.5710996182557837], [-73.01697362177879, 2.5711897774666737], [-73.01706378098967, 2.5711897774666737], [-73.01706378098967, 2.5713700958884544], [-73.01688346256789, 2.5713700958884544], [-73.01688346256789, 2.571550414310235], [-73.0167031441461, 2.571550414310235], [-73.0167031441461, 2.5717307327320156], [-73.01652282572434, 2.5717307327320156], [-73.01652282572434, 2.571911051153796], [-73.01616218888077, 2.571911051153796], [-73.01616218888077, 2.5720913695755763], [-73.01535075598275, 2.5720913695755763], [-73.01535075598275, 2.5717307327320156], [-73.0149901191392, 2.5717307327320156], [-73.0149901191392, 2.572271687997357], [-73.01480980071742, 2.572271687997357], [-73.01480980071742, 2.572722484051808], [-73.0149901191392, 2.572722484051808], [-73.0149901191392, 2.5728126432626985], [-73.01508027835008, 2.5728126432626985], [-73.01508027835008, 2.572992961684479], [-73.01526059677187, 2.572992961684479], [-73.01526059677187, 2.5731732801062597], [-73.01535075598275, 2.5731732801062597], [-73.01535075598275, 2.5732634393171496], [-73.01544091519365, 2.5732634393171496], [-73.01544091519365, 2.57335359852804], [-73.01562123361543, 2.57335359852804]]]}}, {"id": "144", "type": "Feature", "properties": {"time_step": null}, "geometry": {"type": "Polygon", "coordinates": [[[-72.96206666234661, 2.5707389814122226], [-72.96206666234661, 2.5705586629904422], [-72.96188634392483, 2.5705586629904422], [-72.96188634392483, 2.5703783445686614], [-72.96179618471395, 2.5703783445686614], [-72.96179618471395, 2.5702881853577715], [-72.96170602550306, 2.5702881853577715], [-72.96170602550306, 2.570198026146881], [-72.96098475181593, 2.570198026146881], [-72.96098475181593, 2.5703783445686614], [-72.96107491102683, 2.5703783445686614], [-72.96107491102683, 2.570468503779552], [-72.96116507023771, 2.570468503779552], [-72.96116507023771, 2.5705586629904422], [-72.9613453886595, 2.5705586629904422], [-72.9613453886595, 2.5707389814122226], [-72.96206666234661, 2.5707389814122226]]]}}, {"id": "145", "type": "Feature", "properties": {"time_step": null}, "geometry": {"type": "Polygon", "coordinates": [[[-72.96260761761197, 2.5812876090863823], [-72.96260761761197, 2.581107290664602], [-72.96296825445552, 2.581107290664602], [-72.96296825445552, 2.580926972242821], [-72.96332889129908, 2.580926972242821], [-72.96332889129908, 2.5803860169774797], [-72.9631485728773, 2.5803860169774797], [-72.9631485728773, 2.5798450617121382], [-72.96332889129908, 2.5798450617121382], [-72.96332889129908, 2.579664743290358], [-72.96350920972087, 2.579664743290358], [-72.96350920972087, 2.5791237880250164], [-72.96368952814264, 2.5791237880250164], [-72.96368952814264, 2.578402514337894], [-72.96386984656442, 2.578402514337894], [-72.96386984656442, 2.5778615590725527], [-72.9640501649862, 2.5778615590725527], [-72.9640501649862, 2.5775009222289915], [-72.96441080182976, 2.5775009222289915], [-72.96441080182976, 2.5776812406507723], [-72.96468127946244, 2.5776812406507723], [-72.96468127946244, 2.577591081439882], [-72.96477143867332, 2.577591081439882], [-72.96477143867332, 2.5775009222289915], [-72.96513207551689, 2.5775009222289915], [-72.96513207551689, 2.577320603807211], [-72.96531239393866, 2.577320603807211], [-72.96531239393866, 2.577230444596321], [-72.96522223472778, 2.577230444596321], [-72.96522223472778, 2.577140285385431], [-72.96531239393866, 2.577140285385431], [-72.96531239393866, 2.57695996696365], [-72.96549271236044, 2.57695996696365], [-72.96549271236044, 2.5765993301200893], [-72.96567303078223, 2.5765993301200893], [-72.96567303078223, 2.5760583748547474], [-72.96558287157134, 2.5760583748547474], [-72.96558287157134, 2.5759682156438575], [-72.96549271236044, 2.5759682156438575], [-72.96549271236044, 2.575878056432967], [-72.96531239393866, 2.575878056432967], [-72.96531239393866, 2.5760583748547474], [-72.96513207551689, 2.5760583748547474], [-72.96513207551689, 2.575878056432967], [-72.96486159788421, 2.575878056432967], [-72.96486159788421, 2.5757878972220767], [-72.96477143867332, 2.5757878972220767], [-72.96477143867332, 2.5751567827458453], [-72.96495175709511, 2.5751567827458453], [-72.96495175709511, 2.5749764643240645], [-72.96513207551689, 2.5749764643240645], [-72.96513207551689, 2.5742551906369426], [-72.96504191630599, 2.5742551906369426], [-72.96504191630599, 2.574074872215162], [-72.96513207551689, 2.574074872215162], [-72.96513207551689, 2.573984713004272], [-72.96531239393866, 2.573984713004272], [-72.96531239393866, 2.5741650314260522], [-72.96540255314956, 2.5741650314260522], [-72.96540255314956, 2.5742551906369426], [-72.96549271236044, 2.5742551906369426], [-72.96549271236044, 2.574435509058723], [-72.96585334920401, 2.574435509058723], [-72.96585334920401, 2.5746158274805033], [-72.96630414525846, 2.5746158274805033], [-72.96630414525846, 2.5745256682696134], [-72.96639430446935, 2.5745256682696134], [-72.96639430446935, 2.574435509058723], [-72.96657462289113, 2.574435509058723], [-72.96657462289113, 2.5746158274805033], [-72.96675494131291, 2.5746158274805033], [-72.96675494131291, 2.574796145902284], [-72.9669352597347, 2.574796145902284], [-72.9669352597347, 2.5749764643240645], [-72.96711557815647, 2.5749764643240645], [-72.96711557815647, 2.5751567827458453], [-72.96729589657825, 2.5751567827458453], [-72.96729589657825, 2.5753371011676256], [-72.96747621500003, 2.5753371011676256], [-72.96747621500003, 2.575517419589406], [-72.96819748868715, 2.575517419589406], [-72.96819748868715, 2.5753371011676256], [-72.96855812553072, 2.5753371011676256], [-72.96855812553072, 2.5751567827458453], [-72.9686482847416, 2.5751567827458453], [-72.9686482847416, 2.5749764643240645], [-72.9687384439525, 2.5749764643240645], [-72.9687384439525, 2.574435509058723], [-72.9686482847416, 2.574435509058723], [-72.9686482847416, 2.574074872215162], [-72.9687384439525, 2.574074872215162], [-72.9687384439525, 2.573714235371601], [-72.96891876237427, 2.573714235371601], [-72.96891876237427, 2.572992961684479], [-72.96882860316339, 2.572992961684479], [-72.96882860316339, 2.5729028024735885], [-72.9687384439525, 2.5729028024735885], [-72.9687384439525, 2.5720913695755763], [-72.9686482847416, 2.5720913695755763], [-72.9686482847416, 2.5720012103646863], [-72.96855812553072, 2.5720012103646863], [-72.96855812553072, 2.571911051153796], [-72.96846796631982, 2.571911051153796], [-72.96846796631982, 2.5718208919429055], [-72.96819748868715, 2.5718208919429055], [-72.96819748868715, 2.571640573521125], [-72.9678368518436, 2.571640573521125], [-72.9678368518436, 2.571550414310235], [-72.9677466926327, 2.571550414310235], [-72.9677466926327, 2.571460255099345], [-72.96711557815647, 2.571460255099345], [-72.96711557815647, 2.571279936677564], [-72.96639430446935, 2.571279936677564], [-72.96639430446935, 2.5710996182557837], [-72.96621398604756, 2.5710996182557837], [-72.96621398604756, 2.570919299834003], [-72.9660336676258, 2.570919299834003], [-72.9660336676258, 2.570198026146881], [-72.96585334920401, 2.570198026146881], [-72.96585334920401, 2.5700177077251007], [-72.96540255314956, 2.5700177077251007], [-72.96540255314956, 2.5699275485142103], [-72.96549271236044, 2.5699275485142103], [-72.96549271236044, 2.569476752459759], [-72.96495175709511, 2.569476752459759], [-72.96495175709511, 2.56983738930332], [-72.96423048340799, 2.56983738930332], [-72.96423048340799, 2.5699275485142103], [-72.9640501649862, 2.5699275485142103], [-72.9640501649862, 2.5700177077251007], [-72.96386984656442, 2.5700177077251007], [-72.96386984656442, 2.570198026146881], [-72.96368952814264, 2.570198026146881], [-72.96368952814264, 2.5703783445686614], [-72.96350920972087, 2.5703783445686614], [-72.96350920972087, 2.5705586629904422], [-72.96332889129908, 2.5705586629904422], [-72.96332889129908, 2.5707389814122226], [-72.96323873208819, 2.5707389814122226], [-72.96323873208819, 2.5705586629904422], [-72.9631485728773, 2.5705586629904422], [-72.9631485728773, 2.5707389814122226], [-72.96278793603373, 2.5707389814122226], [-72.96278793603373, 2.570919299834003], [-72.96260761761197, 2.570919299834003], [-72.96260761761197, 2.5707389814122226], [-72.9622469807684, 2.5707389814122226], [-72.9622469807684, 2.570829140623113], [-72.96233713997928, 2.570829140623113], [-72.96233713997928, 2.570919299834003], [-72.9622469807684, 2.570919299834003], [-72.9622469807684, 2.571279936677564], [-72.96188634392483, 2.571279936677564], [-72.96188634392483, 2.571460255099345], [-72.96170602550306, 2.571460255099345], [-72.96170602550306, 2.571640573521125], [-72.96098475181593, 2.571640573521125], [-72.96098475181593, 2.571279936677564], [-72.96044379655059, 2.571279936677564], [-72.96044379655059, 2.571460255099345], [-72.96026347812881, 2.571460255099345], [-72.96026347812881, 2.571279936677564], [-72.96008315970703, 2.571279936677564], [-72.96008315970703, 2.5718208919429055], [-72.96026347812881, 2.5718208919429055], [-72.96026347812881, 2.5720012103646863], [-72.96080443339416, 2.5720012103646863], [-72.96080443339416, 2.5721815287864667], [-72.96098475181593, 2.5721815287864667], [-72.96098475181593, 2.5730831208953693], [-72.96116507023771, 2.5730831208953693], [-72.96116507023771, 2.5729028024735885], [-72.96179618471395, 2.5729028024735885], [-72.96179618471395, 2.572992961684479], [-72.96188634392483, 2.572992961684479], [-72.96188634392483, 2.5729028024735885], [-72.96242729919018, 2.5729028024735885], [-72.96242729919018, 2.5730831208953693], [-72.96251745840107, 2.5730831208953693], [-72.96251745840107, 2.572992961684479], [-72.96260761761197, 2.572992961684479], [-72.96260761761197, 2.5730831208953693], [-72.96278793603373, 2.5730831208953693], [-72.96278793603373, 2.572542165630028], [-72.96296825445552, 2.572542165630028], [-72.96296825445552, 2.572722484051808], [-72.96305841366642, 2.572722484051808], [-72.96305841366642, 2.5728126432626985], [-72.9631485728773, 2.5728126432626985], [-72.9631485728773, 2.5729028024735885], [-72.96350920972087, 2.5729028024735885], [-72.96350920972087, 2.5732634393171496], [-72.96341905050997, 2.5732634393171496], [-72.96341905050997, 2.57335359852804], [-72.96350920972087, 2.57335359852804], [-72.96350920972087, 2.5734437577389304], [-72.96260761761197, 2.5734437577389304], [-72.96260761761197, 2.5736240761607108], [-72.96251745840107, 2.5736240761607108], [-72.96251745840107, 2.573714235371601], [-72.96260761761197, 2.573714235371601], [-72.96260761761197, 2.573804394582491], [-72.96251745840107, 2.573804394582491], [-72.96251745840107, 2.5738945537933815], [-72.96260761761197, 2.5738945537933815], [-72.96260761761197, 2.573984713004272], [-72.96278793603373, 2.573984713004272], [-72.96278793603373, 2.573804394582491], [-72.9631485728773, 2.573804394582491], [-72.9631485728773, 2.5736240761607108], [-72.96332889129908, 2.5736240761607108], [-72.96332889129908, 2.5743453498478326], [-72.9631485728773, 2.5743453498478326], [-72.9631485728773, 2.5741650314260522], [-72.96278793603373, 2.5741650314260522], [-72.96278793603373, 2.5745256682696134], [-72.9631485728773, 2.5745256682696134], [-72.9631485728773, 2.5748863051131745], [-72.96296825445552, 2.5748863051131745], [-72.96296825445552, 2.575066623534955], [-72.96233713997928, 2.575066623534955], [-72.96233713997928, 2.5751567827458453], [-72.9622469807684, 2.5751567827458453], [-72.9622469807684, 2.575246941956735], [-72.96206666234661, 2.575246941956735], [-72.96206666234661, 2.5751567827458453], [-72.96188634392483, 2.5751567827458453], [-72.96188634392483, 2.575066623534955], [-72.96179618471395, 2.575066623534955], [-72.96179618471395, 2.5749764643240645], [-72.96188634392483, 2.5749764643240645], [-72.96188634392483, 2.5747059866913937], [-72.96197650313573, 2.5747059866913937], [-72.96197650313573, 2.5745256682696134], [-72.96188634392483, 2.5745256682696134], [-72.96188634392483, 2.5741650314260522], [-72.96116507023771, 2.5741650314260522], [-72.96116507023771, 2.5745256682696134], [-72.96080443339416, 2.5745256682696134], [-72.96080443339416, 2.5748863051131745], [-72.96062411497238, 2.5748863051131745], [-72.96062411497238, 2.575246941956735], [-72.96071427418326, 2.575246941956735], [-72.96071427418326, 2.575427260378516], [-72.96080443339416, 2.575427260378516], [-72.96080443339416, 2.5757878972220767], [-72.96098475181593, 2.5757878972220767], [-72.96098475181593, 2.5759682156438575], [-72.96116507023771, 2.5759682156438575], [-72.96116507023771, 2.576148534065638], [-72.96152570708128, 2.576148534065638], [-72.96152570708128, 2.5764190116983086], [-72.96125522944861, 2.5764190116983086], [-72.96125522944861, 2.576509170909199], [-72.96116507023771, 2.576509170909199], [-72.96116507023771, 2.5767796485418697], [-72.96098475181593, 2.5767796485418697], [-72.96098475181593, 2.57695996696365], [-72.96080443339416, 2.57695996696365], [-72.96080443339416, 2.577320603807211], [-72.96098475181593, 2.577320603807211], [-72.96098475181593, 2.5778615590725527], [-72.96107491102683, 2.5778615590725527], [-72.96107491102683, 2.578041877494333], [-72.96116507023771, 2.578041877494333], [-72.96116507023771, 2.578222195916114], [-72.96098475181593, 2.578222195916114], [-72.96098475181593, 2.578041877494333], [-72.96080443339416, 2.578041877494333], [-72.96080443339416, 2.5776812406507723], [-72.96062411497238, 2.5776812406507723], [-72.96062411497238, 2.577140285385431], [-72.96044379655059, 2.577140285385431], [-72.96044379655059, 2.57695996696365], [-72.96035363733971, 2.57695996696365], [-72.96035363733971, 2.57686980775276], [-72.96008315970703, 2.57686980775276], [-72.96008315970703, 2.5766894893309793], [-72.95927172680902, 2.5766894893309793], [-72.95927172680902, 2.5765993301200893], [-72.95918156759812, 2.5765993301200893], [-72.95918156759812, 2.576509170909199], [-72.95873077154369, 2.576509170909199], [-72.95873077154369, 2.5764190116983086], [-72.95864061233279, 2.5764190116983086], [-72.95864061233279, 2.576328852487418], [-72.95737838338033, 2.576328852487418], [-72.95737838338033, 2.576509170909199], [-72.95719806495855, 2.576509170909199], [-72.95719806495855, 2.5770501261745404], [-72.95701774653676, 2.5770501261745404], [-72.95701774653676, 2.5774107630181016], [-72.95692758732588, 2.5774107630181016], [-72.95692758732588, 2.5776812406507723], [-72.95701774653676, 2.5776812406507723], [-72.95701774653676, 2.5778615590725527], [-72.95692758732588, 2.5778615590725527], [-72.95692758732588, 2.578312355127004], [-72.95701774653676, 2.578312355127004], [-72.95701774653676, 2.5789434696032356], [-72.95719806495855, 2.5789434696032356], [-72.95719806495855, 2.579484424868577], [-72.95701774653676, 2.579484424868577], [-72.95701774653676, 2.5803860169774797], [-72.95791933864567, 2.5803860169774797], [-72.95791933864567, 2.5802056985556994], [-72.95809965706745, 2.5802056985556994], [-72.95809965706745, 2.580115539344809], [-72.95827997548923, 2.580115539344809], [-72.95827997548923, 2.580025380133919], [-72.958460293911, 2.580025380133919], [-72.958460293911, 2.5798450617121382], [-72.95864061233279, 2.5798450617121382], [-72.95864061233279, 2.579664743290358], [-72.95918156759812, 2.579664743290358], [-72.95918156759812, 2.579484424868577], [-72.95999300049614, 2.579484424868577], [-72.95999300049614, 2.5795745840794675], [-72.96017331891792, 2.5795745840794675], [-72.96017331891792, 2.579484424868577], [-72.96098475181593, 2.579484424868577], [-72.96098475181593, 2.579664743290358], [-72.96125522944861, 2.579664743290358], [-72.96125522944861, 2.579754902501248], [-72.9613453886595, 2.579754902501248], [-72.9613453886595, 2.5798450617121382], [-72.96152570708128, 2.5798450617121382], [-72.96152570708128, 2.5802056985556994], [-72.96170602550306, 2.5802056985556994], [-72.96170602550306, 2.580746653821041], [-72.96188634392483, 2.580746653821041], [-72.96188634392483, 2.581107290664602], [-72.96206666234661, 2.581107290664602], [-72.96206666234661, 2.5812876090863823], [-72.96260761761197, 2.5812876090863823]], [[-72.96179618471395, 2.5791237880250164], [-72.96152570708128, 2.5791237880250164], [-72.96152570708128, 2.5787631511814553], [-72.9613453886595, 2.5787631511814553], [-72.9613453886595, 2.578402514337894], [-72.96152570708128, 2.578402514337894], [-72.96152570708128, 2.578582832759675], [-72.96170602550306, 2.578582832759675], [-72.96170602550306, 2.5787631511814553], [-72.96188634392483, 2.5787631511814553], [-72.96188634392483, 2.579033628814126], [-72.96179618471395, 2.579033628814126], [-72.96179618471395, 2.5791237880250164]], [[-72.9613453886595, 2.578402514337894], [-72.96116507023771, 2.578402514337894], [-72.96116507023771, 2.578222195916114], [-72.9613453886595, 2.578222195916114], [-72.9613453886595, 2.578402514337894]], [[-72.96152570708128, 2.5748863051131745], [-72.96143554787038, 2.5748863051131745], [-72.96143554787038, 2.574796145902284], [-72.9613453886595, 2.574796145902284], [-72.9613453886595, 2.5747059866913937], [-72.96152570708128, 2.5747059866913937], [-72.96152570708128, 2.5748863051131745]], [[-72.96423048340799, 2.5720012103646863], [-72.96368952814264, 2.5720012103646863], [-72.96368952814264, 2.570829140623113], [-72.96386984656442, 2.570829140623113], [-72.96386984656442, 2.5707389814122226], [-72.9640501649862, 2.5707389814122226], [-72.9640501649862, 2.570919299834003], [-72.96423048340799, 2.570919299834003], [-72.96423048340799, 2.5720012103646863]]]}}, {"id": "146", "type": "Feature", "properties": {"time_step": null}, "geometry": {"type": "Polygon", "coordinates": [[[-72.96828764789805, 2.569116115616198], [-72.96828764789805, 2.5689357971944173], [-72.96819748868715, 2.5689357971944173], [-72.96819748868715, 2.568394841929076], [-72.96810732947627, 2.568394841929076], [-72.96810732947627, 2.568304682718186], [-72.96801717026537, 2.568304682718186], [-72.96801717026537, 2.568034205085515], [-72.96792701105448, 2.568034205085515], [-72.96792701105448, 2.568124364296405], [-72.9678368518436, 2.568124364296405], [-72.9678368518436, 2.5678538866637344], [-72.96756637421092, 2.5678538866637344], [-72.96756637421092, 2.5679440458746248], [-72.96747621500003, 2.5679440458746248], [-72.96747621500003, 2.568034205085515], [-72.96729589657825, 2.568034205085515], [-72.96729589657825, 2.5682145235072955], [-72.96738605578915, 2.5682145235072955], [-72.96738605578915, 2.568304682718186], [-72.96747621500003, 2.568304682718186], [-72.96747621500003, 2.5684850011399663], [-72.96756637421092, 2.5684850011399663], [-72.96756637421092, 2.5685751603508566], [-72.9678368518436, 2.5685751603508566], [-72.9678368518436, 2.568755478772637], [-72.96801717026537, 2.568755478772637], [-72.96801717026537, 2.569116115616198], [-72.96828764789805, 2.569116115616198]]]}}, {"id": "147", "type": "Feature", "properties": {"time_step": null}, "geometry": {"type": "Polygon", "coordinates": [[[-73.00236782961456, 2.570829140623113], [-73.00236782961456, 2.570648822201332], [-73.00281862566901, 2.570648822201332], [-73.00281862566901, 2.5705586629904422], [-73.0029087848799, 2.5705586629904422], [-73.0029087848799, 2.5699275485142103], [-73.00299894409079, 2.5699275485142103], [-73.00299894409079, 2.5701078669359907], [-73.00308910330169, 2.5701078669359907], [-73.00308910330169, 2.569206274827088], [-73.0029087848799, 2.569206274827088], [-73.0029087848799, 2.5688456379835274], [-73.00272846645812, 2.5688456379835274], [-73.00272846645812, 2.5686653195617466], [-73.00254814803634, 2.5686653195617466], [-73.00254814803634, 2.5684850011399663], [-73.00236782961456, 2.5684850011399663], [-73.00236782961456, 2.568304682718186], [-73.00218751119279, 2.568304682718186], [-73.00218751119279, 2.568124364296405], [-73.00209735198189, 2.568124364296405], [-73.00209735198189, 2.568034205085515], [-73.002007192771, 2.568034205085515], [-73.002007192771, 2.5679440458746248], [-73.00182687434922, 2.5679440458746248], [-73.00182687434922, 2.567763727452844], [-73.00092528224032, 2.567763727452844], [-73.00092528224032, 2.5678538866637344], [-73.00074496381853, 2.5678538866637344], [-73.00074496381853, 2.5679440458746248], [-73.00056464539675, 2.5679440458746248], [-73.00056464539675, 2.568124364296405], [-73.0002040085532, 2.568124364296405], [-73.0002040085532, 2.5686653195617466], [-73.00002369013141, 2.5686653195617466], [-73.00002369013141, 2.5689357971944173], [-72.99993353092053, 2.5689357971944173], [-72.99993353092053, 2.569116115616198], [-73.00002369013141, 2.569116115616198], [-73.00002369013141, 2.5690259564053077], [-73.0002040085532, 2.5690259564053077], [-73.0002040085532, 2.5688456379835274], [-73.00038432697498, 2.5688456379835274], [-73.00038432697498, 2.5686653195617466], [-73.00092528224032, 2.5686653195617466], [-73.00092528224032, 2.569566911670649], [-73.00056464539675, 2.569566911670649], [-73.00056464539675, 2.5696570708815396], [-73.00038432697498, 2.5696570708815396], [-73.00038432697498, 2.56974723009243], [-73.0001138493423, 2.56974723009243], [-73.0001138493423, 2.56983738930332], [-73.00002369013141, 2.56983738930332], [-73.00002369013141, 2.5699275485142103], [-72.99993353092053, 2.5699275485142103], [-72.99993353092053, 2.5700177077251007], [-72.99984337170963, 2.5700177077251007], [-72.99984337170963, 2.570468503779552], [-73.00056464539675, 2.570468503779552], [-73.00056464539675, 2.570648822201332], [-73.00074496381853, 2.570648822201332], [-73.00074496381853, 2.570829140623113], [-73.00092528224032, 2.570829140623113], [-73.00092528224032, 2.5707389814122226], [-73.0010154414512, 2.5707389814122226], [-73.0010154414512, 2.570648822201332], [-73.00128591908388, 2.570648822201332], [-73.00128591908388, 2.5705586629904422], [-73.00146623750565, 2.5705586629904422], [-73.00146623750565, 2.570468503779552], [-73.00182687434922, 2.570468503779552], [-73.00182687434922, 2.570829140623113], [-73.00236782961456, 2.570829140623113]]]}}, {"id": "148", "type": "Feature", "properties": {"time_step": null}, "geometry": {"type": "Polygon", "coordinates": [[[-72.95151803467246, 2.5718208919429055], [-72.95151803467246, 2.571640573521125], [-72.9520589899378, 2.571640573521125], [-72.9520589899378, 2.5717307327320156], [-72.95223930835958, 2.5717307327320156], [-72.95223930835958, 2.571460255099345], [-72.9521491491487, 2.571460255099345], [-72.9521491491487, 2.571279936677564], [-72.95223930835958, 2.571279936677564], [-72.95223930835958, 2.5710996182557837], [-72.95241962678136, 2.5710996182557837], [-72.95241962678136, 2.570919299834003], [-72.95250978599225, 2.570919299834003], [-72.95250978599225, 2.5707389814122226], [-72.95278026362492, 2.5707389814122226], [-72.95278026362492, 2.5705586629904422], [-72.9529605820467, 2.5705586629904422], [-72.9529605820467, 2.5703783445686614], [-72.95332121889027, 2.5703783445686614], [-72.95332121889027, 2.570198026146881], [-72.95377201494472, 2.570198026146881], [-72.95377201494472, 2.5696570708815396], [-72.9538621741556, 2.5696570708815396], [-72.9538621741556, 2.5692964340379785], [-72.95368185573382, 2.5692964340379785], [-72.95368185573382, 2.5688456379835274], [-72.95350153731205, 2.5688456379835274], [-72.95350153731205, 2.5685751603508566], [-72.95332121889027, 2.5685751603508566], [-72.95332121889027, 2.5682145235072955], [-72.95314090046848, 2.5682145235072955], [-72.95314090046848, 2.5678538866637344], [-72.95287042283582, 2.5678538866637344], [-72.95287042283582, 2.567763727452844], [-72.95278026362492, 2.567763727452844], [-72.95278026362492, 2.567673568241954], [-72.95223930835958, 2.567673568241954], [-72.95223930835958, 2.567763727452844], [-72.9521491491487, 2.567763727452844], [-72.9521491491487, 2.5678538866637344], [-72.9520589899378, 2.5678538866637344], [-72.9520589899378, 2.568034205085515], [-72.95196883072691, 2.568034205085515], [-72.95196883072691, 2.5682145235072955], [-72.95187867151601, 2.5682145235072955], [-72.95187867151601, 2.5684850011399663], [-72.95178851230513, 2.5684850011399663], [-72.95178851230513, 2.5685751603508566], [-72.95169835309424, 2.5685751603508566], [-72.95169835309424, 2.568755478772637], [-72.95151803467246, 2.568755478772637], [-72.95151803467246, 2.5690259564053077], [-72.95142787546156, 2.5690259564053077], [-72.95142787546156, 2.569116115616198], [-72.95133771625068, 2.569116115616198], [-72.95133771625068, 2.5692964340379785], [-72.9511573978289, 2.5692964340379785], [-72.9511573978289, 2.569476752459759], [-72.95097707940711, 2.569476752459759], [-72.95097707940711, 2.569566911670649], [-72.95088692019623, 2.569566911670649], [-72.95088692019623, 2.569476752459759], [-72.95061644256356, 2.569476752459759], [-72.95061644256356, 2.56983738930332], [-72.95007548729821, 2.56983738930332], [-72.95007548729821, 2.570198026146881], [-72.94989516887644, 2.570198026146881], [-72.94989516887644, 2.570468503779552], [-72.94998532808732, 2.570468503779552], [-72.94998532808732, 2.5705586629904422], [-72.95007548729821, 2.5705586629904422], [-72.95007548729821, 2.570829140623113], [-72.94989516887644, 2.570829140623113], [-72.94989516887644, 2.570919299834003], [-72.94971485045465, 2.570919299834003], [-72.94971485045465, 2.5710996182557837], [-72.94989516887644, 2.5710996182557837], [-72.94989516887644, 2.571279936677564], [-72.95034596493089, 2.571279936677564], [-72.95034596493089, 2.5711897774666737], [-72.95043612414177, 2.5711897774666737], [-72.95043612414177, 2.5710996182557837], [-72.95061644256356, 2.5710996182557837], [-72.95061644256356, 2.571279936677564], [-72.95079676098534, 2.571279936677564], [-72.95079676098534, 2.5713700958884544], [-72.95070660177444, 2.5713700958884544], [-72.95070660177444, 2.571460255099345], [-72.95079676098534, 2.571460255099345], [-72.95079676098534, 2.571640573521125], [-72.9511573978289, 2.571640573521125], [-72.9511573978289, 2.5718208919429055], [-72.95151803467246, 2.5718208919429055]], [[-72.95097707940711, 2.5707389814122226], [-72.95079676098534, 2.5707389814122226], [-72.95079676098534, 2.570648822201332], [-72.95088692019623, 2.570648822201332], [-72.95088692019623, 2.5705586629904422], [-72.95097707940711, 2.5705586629904422], [-72.95097707940711, 2.5707389814122226]]]}}, {"id": "149", "type": "Feature", "properties": {"time_step": null}, "geometry": {"type": "Polygon", "coordinates": [[[-72.96170602550306, 2.5696570708815396], [-72.96170602550306, 2.569476752459759], [-72.96188634392483, 2.569476752459759], [-72.96188634392483, 2.5692964340379785], [-72.96170602550306, 2.5692964340379785], [-72.96170602550306, 2.5689357971944173], [-72.96152570708128, 2.5689357971944173], [-72.96152570708128, 2.568394841929076], [-72.96161586629216, 2.568394841929076], [-72.96161586629216, 2.5682145235072955], [-72.96170602550306, 2.5682145235072955], [-72.96170602550306, 2.568034205085515], [-72.96161586629216, 2.568034205085515], [-72.96161586629216, 2.5678538866637344], [-72.96152570708128, 2.5678538866637344], [-72.96152570708128, 2.5674030906092833], [-72.96143554787038, 2.5674030906092833], [-72.96143554787038, 2.567312931398393], [-72.96116507023771, 2.567312931398393], [-72.96116507023771, 2.5671326129766125], [-72.96071427418326, 2.5671326129766125], [-72.96071427418326, 2.5672227721875025], [-72.96062411497238, 2.5672227721875025], [-72.96062411497238, 2.567312931398393], [-72.96026347812881, 2.567312931398393], [-72.96026347812881, 2.5674932498201732], [-72.96044379655059, 2.5674932498201732], [-72.96044379655059, 2.568034205085515], [-72.96062411497238, 2.568034205085515], [-72.96062411497238, 2.5682145235072955], [-72.96071427418326, 2.5682145235072955], [-72.96071427418326, 2.568304682718186], [-72.96080443339416, 2.568304682718186], [-72.96080443339416, 2.5685751603508566], [-72.96098475181593, 2.5685751603508566], [-72.96098475181593, 2.5689357971944173], [-72.96116507023771, 2.5689357971944173], [-72.96116507023771, 2.569476752459759], [-72.9613453886595, 2.569476752459759], [-72.9613453886595, 2.569566911670649], [-72.96143554787038, 2.569566911670649], [-72.96143554787038, 2.5696570708815396], [-72.96170602550306, 2.5696570708815396]]]}}, {"id": "150", "type": "Feature", "properties": {"time_step": null}, "geometry": {"type": "Polygon", "coordinates": [[[-72.942862750427, 2.569476752459759], [-72.942862750427, 2.569386593248869], [-72.94304306884878, 2.569386593248869], [-72.94304306884878, 2.5692964340379785], [-72.94322338727055, 2.5692964340379785], [-72.94322338727055, 2.5689357971944173], [-72.94358402411412, 2.5689357971944173], [-72.94358402411412, 2.568755478772637], [-72.94502657148836, 2.568755478772637], [-72.94502657148836, 2.5688456379835274], [-72.94511673069925, 2.5688456379835274], [-72.94511673069925, 2.5689357971944173], [-72.9455675267537, 2.5689357971944173], [-72.9455675267537, 2.569116115616198], [-72.94592816359726, 2.569116115616198], [-72.94592816359726, 2.568304682718186], [-72.94601832280816, 2.568304682718186], [-72.94601832280816, 2.5682145235072955], [-72.94592816359726, 2.5682145235072955], [-72.94592816359726, 2.5678538866637344], [-72.9455675267537, 2.5678538866637344], [-72.9455675267537, 2.567312931398393], [-72.94547736754281, 2.567312931398393], [-72.94547736754281, 2.5672227721875025], [-72.94538720833192, 2.5672227721875025], [-72.94538720833192, 2.5667719761330514], [-72.94484625306657, 2.5667719761330514], [-72.94484625306657, 2.566591657711271], [-72.94430529780124, 2.566591657711271], [-72.94430529780124, 2.5664113392894903], [-72.94403482016857, 2.5664113392894903], [-72.94403482016857, 2.5665014985003807], [-72.94394466095768, 2.5665014985003807], [-72.94394466095768, 2.566591657711271], [-72.9437643425359, 2.566591657711271], [-72.9437643425359, 2.566681816922161], [-72.94358402411412, 2.566681816922161], [-72.94358402411412, 2.5667719761330514], [-72.94340370569233, 2.5667719761330514], [-72.94340370569233, 2.567312931398393], [-72.94331354648145, 2.567312931398393], [-72.94331354648145, 2.5674932498201732], [-72.94322338727055, 2.5674932498201732], [-72.94322338727055, 2.5675834090310636], [-72.94304306884878, 2.5675834090310636], [-72.94304306884878, 2.567673568241954], [-72.9427725912161, 2.567673568241954], [-72.9427725912161, 2.5678538866637344], [-72.94268243200521, 2.5678538866637344], [-72.94268243200521, 2.568034205085515], [-72.94241195437255, 2.568034205085515], [-72.94241195437255, 2.5678538866637344], [-72.94232179516165, 2.5678538866637344], [-72.94232179516165, 2.567763727452844], [-72.94241195437255, 2.567763727452844], [-72.94241195437255, 2.567673568241954], [-72.94232179516165, 2.567673568241954], [-72.94232179516165, 2.5674932498201732], [-72.9419611583181, 2.5674932498201732], [-72.9419611583181, 2.5685751603508566], [-72.94214147673988, 2.5685751603508566], [-72.94214147673988, 2.569116115616198], [-72.94232179516165, 2.569116115616198], [-72.94232179516165, 2.5692964340379785], [-72.94250211358343, 2.5692964340379785], [-72.94250211358343, 2.569476752459759], [-72.942862750427, 2.569476752459759]]]}}, {"id": "151", "type": "Feature", "properties": {"time_step": null}, "geometry": {"type": "Polygon", "coordinates": [[[-72.94069892936562, 2.5692964340379785], [-72.94069892936562, 2.569116115616198], [-72.94087924778741, 2.569116115616198], [-72.94087924778741, 2.568755478772637], [-72.94105956620919, 2.568755478772637], [-72.94105956620919, 2.568394841929076], [-72.94123988463097, 2.568394841929076], [-72.94123988463097, 2.568124364296405], [-72.94133004384186, 2.568124364296405], [-72.94133004384186, 2.568034205085515], [-72.94142020305274, 2.568034205085515], [-72.94142020305274, 2.5678538866637344], [-72.94160052147453, 2.5678538866637344], [-72.94160052147453, 2.567673568241954], [-72.94142020305274, 2.567673568241954], [-72.94142020305274, 2.5664113392894903], [-72.94105956620919, 2.5664113392894903], [-72.94105956620919, 2.56623102086771], [-72.94015797410029, 2.56623102086771], [-72.94015797410029, 2.5664113392894903], [-72.93961701883494, 2.5664113392894903], [-72.93961701883494, 2.566591657711271], [-72.93943670041317, 2.566591657711271], [-72.93943670041317, 2.5667719761330514], [-72.9390760635696, 2.5667719761330514], [-72.9390760635696, 2.5669522945548318], [-72.93889574514782, 2.5669522945548318], [-72.93889574514782, 2.5671326129766125], [-72.93880558593693, 2.5671326129766125], [-72.93880558593693, 2.567312931398393], [-72.93871542672605, 2.567312931398393], [-72.93871542672605, 2.5674932498201732], [-72.93853510830427, 2.5674932498201732], [-72.93853510830427, 2.5679440458746248], [-72.93844494909337, 2.5679440458746248], [-72.93844494909337, 2.5682145235072955], [-72.93853510830427, 2.5682145235072955], [-72.93853510830427, 2.568394841929076], [-72.93925638199138, 2.568394841929076], [-72.93925638199138, 2.568755478772637], [-72.93943670041317, 2.568755478772637], [-72.93943670041317, 2.5689357971944173], [-72.93961701883494, 2.5689357971944173], [-72.93961701883494, 2.569116115616198], [-72.9399776556785, 2.569116115616198], [-72.9399776556785, 2.5692964340379785], [-72.94069892936562, 2.5692964340379785]], [[-72.94042845173296, 2.567673568241954], [-72.94033829252207, 2.567673568241954], [-72.94033829252207, 2.567312931398393], [-72.94051861094384, 2.567312931398393], [-72.94051861094384, 2.5674932498201732], [-72.94042845173296, 2.5674932498201732], [-72.94042845173296, 2.567673568241954]]]}}, {"id": "152", "type": "Feature", "properties": {"time_step": null}, "geometry": {"type": "Polygon", "coordinates": [[[-72.99100776904238, 2.5674932498201732], [-72.99100776904238, 2.567312931398393], [-72.9909176098315, 2.567312931398393], [-72.9909176098315, 2.5672227721875025], [-72.99073729140972, 2.5672227721875025], [-72.99073729140972, 2.567042453765722], [-72.99100776904238, 2.567042453765722], [-72.99100776904238, 2.5672227721875025], [-72.99136840588595, 2.5672227721875025], [-72.99136840588595, 2.5665014985003807], [-72.99154872430773, 2.5665014985003807], [-72.99154872430773, 2.565960543235039], [-72.99136840588595, 2.565960543235039], [-72.99136840588595, 2.566050702445929], [-72.99118808746417, 2.566050702445929], [-72.99118808746417, 2.5661408616568195], [-72.99100776904238, 2.5661408616568195], [-72.99100776904238, 2.5663211800786003], [-72.99064713219883, 2.5663211800786003], [-72.99064713219883, 2.566591657711271], [-72.99055697298793, 2.566591657711271], [-72.99055697298793, 2.566681816922161], [-72.99046681377705, 2.566681816922161], [-72.99046681377705, 2.567042453765722], [-72.99064713219883, 2.567042453765722], [-72.99064713219883, 2.5674030906092833], [-72.99082745062061, 2.5674030906092833], [-72.99082745062061, 2.5674932498201732], [-72.99100776904238, 2.5674932498201732]]]}}, {"id": "153", "type": "Feature", "properties": {"time_step": null}, "geometry": {"type": "Polygon", "coordinates": [[[-72.9714432202792, 2.565870384024149], [-72.9714432202792, 2.5656900656023685], [-72.97180385712277, 2.5656900656023685], [-72.97180385712277, 2.5655097471805877], [-72.97189401633365, 2.5655097471805877], [-72.97189401633365, 2.565599906391478], [-72.97198417554455, 2.565599906391478], [-72.97198417554455, 2.5656900656023685], [-72.97216449396633, 2.5656900656023685], [-72.97216449396633, 2.565599906391478], [-72.9723448123881, 2.565599906391478], [-72.9723448123881, 2.5653294287588073], [-72.97225465317722, 2.5653294287588073], [-72.97225465317722, 2.565239269547917], [-72.97216449396633, 2.565239269547917], [-72.97216449396633, 2.564968791915246], [-72.9723448123881, 2.564968791915246], [-72.9723448123881, 2.564788473493466], [-72.972434971599, 2.564788473493466], [-72.972434971599, 2.5646983142825754], [-72.9723448123881, 2.5646983142825754], [-72.9723448123881, 2.5646081550716855], [-72.97216449396633, 2.5646081550716855], [-72.97216449396633, 2.564788473493466], [-72.97198417554455, 2.564788473493466], [-72.97198417554455, 2.5646081550716855], [-72.97180385712277, 2.5646081550716855], [-72.97180385712277, 2.564788473493466], [-72.97171369791188, 2.564788473493466], [-72.97171369791188, 2.5648786327043562], [-72.97180385712277, 2.5648786327043562], [-72.97180385712277, 2.564968791915246], [-72.97162353870098, 2.564968791915246], [-72.97162353870098, 2.565149110337027], [-72.97117274264653, 2.565149110337027], [-72.97117274264653, 2.5653294287588073], [-72.97108258343565, 2.5653294287588073], [-72.97108258343565, 2.5656900656023685], [-72.97126290185743, 2.5656900656023685], [-72.97126290185743, 2.565870384024149], [-72.9714432202792, 2.565870384024149]]]}}, {"id": "154", "type": "Feature", "properties": {"time_step": null}, "geometry": {"type": "Polygon", "coordinates": [[[-72.9669352597347, 2.568034205085515], [-72.9669352597347, 2.5678538866637344], [-72.9668451005238, 2.5678538866637344], [-72.9668451005238, 2.567763727452844], [-72.96675494131291, 2.567763727452844], [-72.96675494131291, 2.5674932498201732], [-72.9669352597347, 2.5674932498201732], [-72.9669352597347, 2.567673568241954], [-72.96702541894558, 2.567673568241954], [-72.96702541894558, 2.567763727452844], [-72.96711557815647, 2.567763727452844], [-72.96711557815647, 2.5678538866637344], [-72.96747621500003, 2.5678538866637344], [-72.96747621500003, 2.567673568241954], [-72.9678368518436, 2.567673568241954], [-72.9678368518436, 2.567312931398393], [-72.96801717026537, 2.567312931398393], [-72.96801717026537, 2.5667719761330514], [-72.9678368518436, 2.5667719761330514], [-72.9678368518436, 2.5664113392894903], [-72.96765653342182, 2.5664113392894903], [-72.96765653342182, 2.566050702445929], [-72.96747621500003, 2.566050702445929], [-72.96747621500003, 2.565960543235039], [-72.96756637421092, 2.565960543235039], [-72.96756637421092, 2.565870384024149], [-72.96747621500003, 2.565870384024149], [-72.96747621500003, 2.5655097471805877], [-72.96729589657825, 2.5655097471805877], [-72.96729589657825, 2.5653294287588073], [-72.96711557815647, 2.5653294287588073], [-72.96711557815647, 2.565239269547917], [-72.96720573736737, 2.565239269547917], [-72.96720573736737, 2.565149110337027], [-72.96711557815647, 2.565149110337027], [-72.96711557815647, 2.564968791915246], [-72.9669352597347, 2.564968791915246], [-72.9669352597347, 2.564788473493466], [-72.96675494131291, 2.564788473493466], [-72.96675494131291, 2.5642475182281244], [-72.96639430446935, 2.5642475182281244], [-72.96639430446935, 2.5640671998063436], [-72.96630414525846, 2.5640671998063436], [-72.96630414525846, 2.564157359017234], [-72.96621398604756, 2.564157359017234], [-72.96621398604756, 2.563886881384563], [-72.9660336676258, 2.563886881384563], [-72.9660336676258, 2.5640671998063436], [-72.96567303078223, 2.5640671998063436], [-72.96567303078223, 2.5644278366499047], [-72.96531239393866, 2.5644278366499047], [-72.96531239393866, 2.5646081550716855], [-72.96522223472778, 2.5646081550716855], [-72.96522223472778, 2.5646983142825754], [-72.96531239393866, 2.5646983142825754], [-72.96531239393866, 2.564788473493466], [-72.96540255314956, 2.564788473493466], [-72.96540255314956, 2.564968791915246], [-72.96531239393866, 2.564968791915246], [-72.96531239393866, 2.5653294287588073], [-72.96495175709511, 2.5653294287588073], [-72.96495175709511, 2.565149110337027], [-72.96486159788421, 2.565149110337027], [-72.96486159788421, 2.5653294287588073], [-72.96477143867332, 2.5653294287588073], [-72.96477143867332, 2.565149110337027], [-72.96450096104066, 2.565149110337027], [-72.96450096104066, 2.5653294287588073], [-72.96441080182976, 2.5653294287588073], [-72.96441080182976, 2.5655097471805877], [-72.96459112025154, 2.5655097471805877], [-72.96459112025154, 2.565960543235039], [-72.96468127946244, 2.565960543235039], [-72.96468127946244, 2.565870384024149], [-72.96477143867332, 2.565870384024149], [-72.96477143867332, 2.5667719761330514], [-72.96495175709511, 2.5667719761330514], [-72.96495175709511, 2.5669522945548318], [-72.96531239393866, 2.5669522945548318], [-72.96531239393866, 2.5671326129766125], [-72.96549271236044, 2.5671326129766125], [-72.96549271236044, 2.5672227721875025], [-72.96540255314956, 2.5672227721875025], [-72.96540255314956, 2.567312931398393], [-72.96567303078223, 2.567312931398393], [-72.96567303078223, 2.5672227721875025], [-72.96585334920401, 2.5672227721875025], [-72.96585334920401, 2.567312931398393], [-72.9660336676258, 2.567312931398393], [-72.9660336676258, 2.567673568241954], [-72.96585334920401, 2.567673568241954], [-72.96585334920401, 2.5678538866637344], [-72.96621398604756, 2.5678538866637344], [-72.96621398604756, 2.5679440458746248], [-72.96639430446935, 2.5679440458746248], [-72.96639430446935, 2.568034205085515], [-72.9669352597347, 2.568034205085515]], [[-72.96639430446935, 2.5671326129766125], [-72.96630414525846, 2.5671326129766125], [-72.96630414525846, 2.567042453765722], [-72.96639430446935, 2.567042453765722], [-72.96639430446935, 2.5671326129766125]], [[-72.96657462289113, 2.5669522945548318], [-72.96639430446935, 2.5669522945548318], [-72.96639430446935, 2.566591657711271], [-72.96657462289113, 2.566591657711271], [-72.96657462289113, 2.5669522945548318]], [[-72.9660336676258, 2.56623102086771], [-72.96585334920401, 2.56623102086771], [-72.96585334920401, 2.5661408616568195], [-72.96567303078223, 2.5661408616568195], [-72.96567303078223, 2.566050702445929], [-72.96576318999311, 2.566050702445929], [-72.96576318999311, 2.565960543235039], [-72.96585334920401, 2.565960543235039], [-72.96585334920401, 2.566050702445929], [-72.9660336676258, 2.566050702445929], [-72.9660336676258, 2.56623102086771]]]}}, {"id": "155", "type": "Feature", "properties": {"time_step": null}, "geometry": {"type": "Polygon", "coordinates": [[[-72.96206666234661, 2.5646983142825754], [-72.96206666234661, 2.5646081550716855], [-72.9622469807684, 2.5646081550716855], [-72.9622469807684, 2.5642475182281244], [-72.96215682155751, 2.5642475182281244], [-72.96215682155751, 2.564157359017234], [-72.96206666234661, 2.564157359017234], [-72.96206666234661, 2.5640671998063436], [-72.96188634392483, 2.5640671998063436], [-72.96188634392483, 2.563886881384563], [-72.96161586629216, 2.563886881384563], [-72.96161586629216, 2.563796722173673], [-72.96152570708128, 2.563796722173673], [-72.96152570708128, 2.563706562962783], [-72.96116507023771, 2.563706562962783], [-72.96116507023771, 2.563886881384563], [-72.9613453886595, 2.563886881384563], [-72.9613453886595, 2.5642475182281244], [-72.96152570708128, 2.5642475182281244], [-72.96152570708128, 2.5644278366499047], [-72.96161586629216, 2.5644278366499047], [-72.96161586629216, 2.564517995860795], [-72.96170602550306, 2.564517995860795], [-72.96170602550306, 2.5646081550716855], [-72.96188634392483, 2.5646081550716855], [-72.96188634392483, 2.5646983142825754], [-72.96206666234661, 2.5646983142825754]]]}}, {"id": "156", "type": "Feature", "properties": {"time_step": null}, "geometry": {"type": "Polygon", "coordinates": [[[-72.96026347812881, 2.5646081550716855], [-72.96026347812881, 2.5642475182281244], [-72.96053395576148, 2.5642475182281244], [-72.96053395576148, 2.564157359017234], [-72.96062411497238, 2.564157359017234], [-72.96062411497238, 2.5642475182281244], [-72.96098475181593, 2.5642475182281244], [-72.96098475181593, 2.5640671998063436], [-72.96080443339416, 2.5640671998063436], [-72.96080443339416, 2.5639770405954536], [-72.96071427418326, 2.5639770405954536], [-72.96071427418326, 2.563886881384563], [-72.96062411497238, 2.563886881384563], [-72.96062411497238, 2.563706562962783], [-72.96008315970703, 2.563706562962783], [-72.96008315970703, 2.563886881384563], [-72.95999300049614, 2.563886881384563], [-72.95999300049614, 2.5639770405954536], [-72.96008315970703, 2.5639770405954536], [-72.96008315970703, 2.5640671998063436], [-72.95990284128526, 2.5640671998063436], [-72.95990284128526, 2.5646081550716855], [-72.96026347812881, 2.5646081550716855]]]}}, {"id": "157", "type": "Feature", "properties": {"time_step": null}, "geometry": {"type": "Polygon", "coordinates": [[[-72.99172904272952, 2.565599906391478], [-72.99172904272952, 2.5653294287588073], [-72.9918192019404, 2.5653294287588073], [-72.9918192019404, 2.565239269547917], [-72.99190936115129, 2.565239269547917], [-72.99190936115129, 2.5648786327043562], [-72.99172904272952, 2.5648786327043562], [-72.99172904272952, 2.5639770405954536], [-72.99154872430773, 2.5639770405954536], [-72.99154872430773, 2.563796722173673], [-72.99118808746417, 2.563796722173673], [-72.99118808746417, 2.563706562962783], [-72.99109792825328, 2.563706562962783], [-72.99109792825328, 2.5636164037518925], [-72.99082745062061, 2.5636164037518925], [-72.99082745062061, 2.563526244541002], [-72.99073729140972, 2.563526244541002], [-72.99073729140972, 2.563436085330112], [-72.99046681377705, 2.563436085330112], [-72.99046681377705, 2.5636164037518925], [-72.99010617693348, 2.5636164037518925], [-72.99010617693348, 2.563796722173673], [-72.98974554008993, 2.563796722173673], [-72.98974554008993, 2.5639770405954536], [-72.98938490324636, 2.5639770405954536], [-72.98938490324636, 2.563796722173673], [-72.98920458482458, 2.563796722173673], [-72.98920458482458, 2.5636164037518925], [-72.98902426640281, 2.5636164037518925], [-72.98902426640281, 2.563436085330112], [-72.98884394798102, 2.563436085330112], [-72.98884394798102, 2.5632557669083313], [-72.98857347034836, 2.5632557669083313], [-72.98857347034836, 2.563436085330112], [-72.98839315192657, 2.563436085330112], [-72.98839315192657, 2.5636164037518925], [-72.98830299271569, 2.5636164037518925], [-72.98830299271569, 2.563706562962783], [-72.98821283350479, 2.563706562962783], [-72.98821283350479, 2.5639770405954536], [-72.988032515083, 2.5639770405954536], [-72.988032515083, 2.5643376774390143], [-72.98785219666124, 2.5643376774390143], [-72.98785219666124, 2.564517995860795], [-72.98767187823945, 2.564517995860795], [-72.98767187823945, 2.5648786327043562], [-72.98848331113746, 2.5648786327043562], [-72.98848331113746, 2.5646983142825754], [-72.98974554008993, 2.5646983142825754], [-72.98974554008993, 2.564788473493466], [-72.98983569930081, 2.564788473493466], [-72.98983569930081, 2.5648786327043562], [-72.98974554008993, 2.5648786327043562], [-72.98974554008993, 2.564968791915246], [-72.98965538087903, 2.564968791915246], [-72.98965538087903, 2.565239269547917], [-72.98992585851171, 2.565239269547917], [-72.98992585851171, 2.5648786327043562], [-72.99010617693348, 2.5648786327043562], [-72.99010617693348, 2.5646983142825754], [-72.99028649535526, 2.5646983142825754], [-72.99028649535526, 2.5648786327043562], [-72.99046681377705, 2.5648786327043562], [-72.99046681377705, 2.5650589511261366], [-72.99064713219883, 2.5650589511261366], [-72.99064713219883, 2.5654195879696977], [-72.99100776904238, 2.5654195879696977], [-72.99100776904238, 2.565599906391478], [-72.99172904272952, 2.565599906391478]]]}}, {"id": "158", "type": "Feature", "properties": {"time_step": null}, "geometry": {"type": "Polygon", "coordinates": [[[-72.96477143867332, 2.563706562962783], [-72.96477143867332, 2.5633459261192217], [-72.96486159788421, 2.5633459261192217], [-72.96486159788421, 2.5631656076974414], [-72.96522223472778, 2.5631656076974414], [-72.96522223472778, 2.5629852892756606], [-72.96567303078223, 2.5629852892756606], [-72.96567303078223, 2.562444334010319], [-72.96513207551689, 2.562444334010319], [-72.96513207551689, 2.5626246524320995], [-72.96495175709511, 2.5626246524320995], [-72.96495175709511, 2.5628049708538803], [-72.96477143867332, 2.5628049708538803], [-72.96477143867332, 2.5629852892756606], [-72.96441080182976, 2.5629852892756606], [-72.96441080182976, 2.563075448486551], [-72.96450096104066, 2.563075448486551], [-72.96450096104066, 2.5631656076974414], [-72.96441080182976, 2.5631656076974414], [-72.96441080182976, 2.563706562962783], [-72.96477143867332, 2.563706562962783]]]}}, {"id": "159", "type": "Feature", "properties": {"time_step": null}, "geometry": {"type": "Polygon", "coordinates": [[[-73.00363005856703, 2.5632557669083313], [-73.00363005856703, 2.563075448486551], [-73.00381037698881, 2.563075448486551], [-73.00381037698881, 2.56271481164299], [-73.00372021777791, 2.56271481164299], [-73.00372021777791, 2.5625344932212095], [-73.00363005856703, 2.5625344932212095], [-73.00363005856703, 2.5623541747994287], [-73.00308910330169, 2.5623541747994287], [-73.00308910330169, 2.5625344932212095], [-73.0029087848799, 2.5625344932212095], [-73.0029087848799, 2.563075448486551], [-73.00308910330169, 2.563075448486551], [-73.00308910330169, 2.5632557669083313], [-73.00363005856703, 2.5632557669083313]]]}}, {"id": "160", "type": "Feature", "properties": {"time_step": null}, "geometry": {"type": "Polygon", "coordinates": [[[-72.9373630385627, 2.563526244541002], [-72.9373630385627, 2.563436085330112], [-72.93745319777358, 2.563436085330112], [-72.93745319777358, 2.5628049708538803], [-72.93754335698446, 2.5628049708538803], [-72.93754335698446, 2.56271481164299], [-72.93745319777358, 2.56271481164299], [-72.93745319777358, 2.562264015588539], [-72.9372728793518, 2.562264015588539], [-72.9372728793518, 2.562083697166758], [-72.93691224250824, 2.562083697166758], [-72.93691224250824, 2.563526244541002], [-72.9373630385627, 2.563526244541002]]]}}, {"id": "161", "type": "Feature", "properties": {"time_step": null}, "geometry": {"type": "Polygon", "coordinates": [[[-73.002007192771, 2.56271481164299], [-73.002007192771, 2.5625344932212095], [-73.00218751119279, 2.5625344932212095], [-73.00218751119279, 2.561632901112307], [-73.002007192771, 2.561632901112307], [-73.002007192771, 2.5614525826905266], [-73.0011056006621, 2.5614525826905266], [-73.0011056006621, 2.5618132195340872], [-73.0010154414512, 2.5618132195340872], [-73.0010154414512, 2.5621738563776484], [-73.0011056006621, 2.5621738563776484], [-73.0011056006621, 2.5623541747994287], [-73.00128591908388, 2.5623541747994287], [-73.00128591908388, 2.5625344932212095], [-73.00146623750565, 2.5625344932212095], [-73.00146623750565, 2.56271481164299], [-73.002007192771, 2.56271481164299]]]}}, {"id": "162", "type": "Feature", "properties": {"time_step": null}, "geometry": {"type": "Polygon", "coordinates": [[[-72.95458344784272, 2.5628049708538803], [-72.95458344784272, 2.5626246524320995], [-72.9547637662645, 2.5626246524320995], [-72.9547637662645, 2.562264015588539], [-72.95494408468629, 2.562264015588539], [-72.95494408468629, 2.5615427419014165], [-72.9547637662645, 2.5615427419014165], [-72.9547637662645, 2.5614525826905266], [-72.95467360705362, 2.5614525826905266], [-72.95467360705362, 2.5615427419014165], [-72.95458344784272, 2.5615427419014165], [-72.95458344784272, 2.561362423479636], [-72.95422281099917, 2.561362423479636], [-72.95422281099917, 2.5615427419014165], [-72.95404249257739, 2.5615427419014165], [-72.95404249257739, 2.562444334010319], [-72.95422281099917, 2.562444334010319], [-72.95422281099917, 2.5626246524320995], [-72.95440312942094, 2.5626246524320995], [-72.95440312942094, 2.5628049708538803], [-72.95458344784272, 2.5628049708538803]]]}}, {"id": "163", "type": "Feature", "properties": {"time_step": null}, "geometry": {"type": "Polygon", "coordinates": [[[-73.01300661649961, 2.5625344932212095], [-73.01300661649961, 2.5621738563776484], [-73.01318693492139, 2.5621738563776484], [-73.01318693492139, 2.561993537955868], [-73.01300661649961, 2.561993537955868], [-73.01300661649961, 2.561632901112307], [-73.01282629807783, 2.561632901112307], [-73.01282629807783, 2.5614525826905266], [-73.01264597965606, 2.5614525826905266], [-73.01264597965606, 2.5612722642687458], [-73.01246566123427, 2.5612722642687458], [-73.01246566123427, 2.561362423479636], [-73.01237550202337, 2.561362423479636], [-73.01237550202337, 2.5614525826905266], [-73.01228534281249, 2.5614525826905266], [-73.01228534281249, 2.561632901112307], [-73.0121951836016, 2.561632901112307], [-73.0121951836016, 2.5618132195340872], [-73.0121050243907, 2.5618132195340872], [-73.0121050243907, 2.5621738563776484], [-73.0121951836016, 2.5621738563776484], [-73.0121951836016, 2.5623541747994287], [-73.01237550202337, 2.5623541747994287], [-73.01237550202337, 2.562444334010319], [-73.01246566123427, 2.562444334010319], [-73.01246566123427, 2.5625344932212095], [-73.01300661649961, 2.5625344932212095]]]}}, {"id": "164", "type": "Feature", "properties": {"time_step": null}, "geometry": {"type": "Polygon", "coordinates": [[[-72.958460293911, 2.5619033787449776], [-72.958460293911, 2.5615427419014165], [-72.95837013470012, 2.5615427419014165], [-72.95837013470012, 2.561362423479636], [-72.95782917943478, 2.561362423479636], [-72.95782917943478, 2.561182105057856], [-72.95746854259122, 2.561182105057856], [-72.95746854259122, 2.5615427419014165], [-72.957648861013, 2.5615427419014165], [-72.957648861013, 2.561632901112307], [-72.95782917943478, 2.561632901112307], [-72.95782917943478, 2.5617230603231973], [-72.95800949785655, 2.5617230603231973], [-72.95800949785655, 2.5619033787449776], [-72.958460293911, 2.5619033787449776]]]}}, {"id": "165", "type": "Feature", "properties": {"time_step": null}, "geometry": {"type": "Polygon", "coordinates": [[[-72.95566535837341, 2.5619033787449776], [-72.95566535837341, 2.5617230603231973], [-72.95593583600608, 2.5617230603231973], [-72.95593583600608, 2.561632901112307], [-72.95602599521698, 2.561632901112307], [-72.95602599521698, 2.561362423479636], [-72.95620631363875, 2.561362423479636], [-72.95620631363875, 2.561001786636075], [-72.95638663206053, 2.561001786636075], [-72.95638663206053, 2.5609116274251846], [-72.95647679127143, 2.5609116274251846], [-72.95647679127143, 2.561001786636075], [-72.9567472689041, 2.561001786636075], [-72.9567472689041, 2.5609116274251846], [-72.95683742811498, 2.5609116274251846], [-72.95683742811498, 2.5608214682142947], [-72.9567472689041, 2.5608214682142947], [-72.9567472689041, 2.560641149792514], [-72.95602599521698, 2.560641149792514], [-72.95602599521698, 2.5608214682142947], [-72.95566535837341, 2.5608214682142947], [-72.95566535837341, 2.5615427419014165], [-72.95548503995163, 2.5615427419014165], [-72.95548503995163, 2.5619033787449776], [-72.95566535837341, 2.5619033787449776]]]}}, {"id": "166", "type": "Feature", "properties": {"time_step": null}, "geometry": {"type": "Polygon", "coordinates": [[[-73.00074496381853, 2.5612722642687458], [-73.00074496381853, 2.5610919458469654], [-73.00092528224032, 2.5610919458469654], [-73.00092528224032, 2.5609116274251846], [-73.0010154414512, 2.5609116274251846], [-73.0010154414512, 2.5608214682142947], [-73.00092528224032, 2.5608214682142947], [-73.00092528224032, 2.5607313090034043], [-73.00074496381853, 2.5607313090034043], [-73.00074496381853, 2.560370672159843], [-73.00056464539675, 2.560370672159843], [-73.00056464539675, 2.560190353738063], [-73.00038432697498, 2.560190353738063], [-73.00038432697498, 2.5601001945271724], [-73.0002040085532, 2.5601001945271724], [-73.0002040085532, 2.560190353738063], [-73.00002369013141, 2.560190353738063], [-73.00002369013141, 2.5600100353162825], [-72.99966305328785, 2.5600100353162825], [-72.99966305328785, 2.5601001945271724], [-72.99948273486608, 2.5601001945271724], [-72.99948273486608, 2.560370672159843], [-72.99957289407696, 2.560370672159843], [-72.99957289407696, 2.5604608313707335], [-72.99966305328785, 2.5604608313707335], [-72.99966305328785, 2.5607313090034043], [-72.99984337170963, 2.5607313090034043], [-72.99984337170963, 2.560641149792514], [-72.99993353092053, 2.560641149792514], [-72.99993353092053, 2.5607313090034043], [-73.00002369013141, 2.5607313090034043], [-73.00002369013141, 2.5609116274251846], [-73.00047448618587, 2.5609116274251846], [-73.00047448618587, 2.561001786636075], [-73.00038432697498, 2.561001786636075], [-73.00038432697498, 2.5612722642687458], [-73.00074496381853, 2.5612722642687458]], [[-73.00074496381853, 2.5609116274251846], [-73.00065480460765, 2.5609116274251846], [-73.00065480460765, 2.5608214682142947], [-73.00074496381853, 2.5608214682142947], [-73.00074496381853, 2.5609116274251846]]]}}, {"id": "167", "type": "Feature", "properties": {"time_step": null}, "geometry": {"type": "Polygon", "coordinates": [[[-72.99966305328785, 2.567673568241954], [-72.99966305328785, 2.5675834090310636], [-73.00002369013141, 2.5675834090310636], [-73.00002369013141, 2.5674932498201732], [-73.0001138493423, 2.5674932498201732], [-73.0001138493423, 2.5674030906092833], [-73.0002040085532, 2.5674030906092833], [-73.0002040085532, 2.5672227721875025], [-73.00038432697498, 2.5672227721875025], [-73.00038432697498, 2.566681816922161], [-73.00047448618587, 2.566681816922161], [-73.00047448618587, 2.5664113392894903], [-73.00056464539675, 2.5664113392894903], [-73.00056464539675, 2.56623102086771], [-73.00047448618587, 2.56623102086771], [-73.00047448618587, 2.5661408616568195], [-73.00038432697498, 2.5661408616568195], [-73.00038432697498, 2.565239269547917], [-73.0002040085532, 2.565239269547917], [-73.0002040085532, 2.5650589511261366], [-72.9993024164443, 2.5650589511261366], [-72.9993024164443, 2.5648786327043562], [-72.99858114275717, 2.5648786327043562], [-72.99858114275717, 2.564517995860795], [-72.99840082433539, 2.564517995860795], [-72.99840082433539, 2.5644278366499047], [-72.99822050591361, 2.5644278366499047], [-72.99822050591361, 2.5643376774390143], [-72.99785986907006, 2.5643376774390143], [-72.99785986907006, 2.564157359017234], [-72.99749923222649, 2.564157359017234], [-72.99749923222649, 2.563796722173673], [-72.99767955064827, 2.563796722173673], [-72.99767955064827, 2.5636164037518925], [-72.99785986907006, 2.5636164037518925], [-72.99785986907006, 2.563436085330112], [-72.99822050591361, 2.563436085330112], [-72.99822050591361, 2.5632557669083313], [-72.99840082433539, 2.5632557669083313], [-72.99840082433539, 2.563075448486551], [-72.99867130196806, 2.563075448486551], [-72.99867130196806, 2.5629852892756606], [-72.99876146117896, 2.5629852892756606], [-72.99876146117896, 2.563075448486551], [-72.99894177960073, 2.563075448486551], [-72.99894177960073, 2.5632557669083313], [-72.9993024164443, 2.5632557669083313], [-72.9993024164443, 2.563436085330112], [-72.99948273486608, 2.563436085330112], [-72.99948273486608, 2.5636164037518925], [-72.99984337170963, 2.5636164037518925], [-72.99984337170963, 2.563796722173673], [-73.0001138493423, 2.563796722173673], [-73.0001138493423, 2.563886881384563], [-73.0002040085532, 2.563886881384563], [-73.0002040085532, 2.5639770405954536], [-73.00038432697498, 2.5639770405954536], [-73.00038432697498, 2.563075448486551], [-73.00002369013141, 2.563075448486551], [-73.00002369013141, 2.5628951300647707], [-72.99984337170963, 2.5628951300647707], [-72.99984337170963, 2.56271481164299], [-72.99948273486608, 2.56271481164299], [-72.99948273486608, 2.5625344932212095], [-72.9993024164443, 2.5625344932212095], [-72.9993024164443, 2.561993537955868], [-72.99939257565518, 2.561993537955868], [-72.99939257565518, 2.5619033787449776], [-72.99948273486608, 2.5619033787449776], [-72.99948273486608, 2.561632901112307], [-72.99966305328785, 2.561632901112307], [-72.99966305328785, 2.5612722642687458], [-72.9993024164443, 2.5612722642687458], [-72.9993024164443, 2.5610919458469654], [-72.99912209802251, 2.5610919458469654], [-72.99912209802251, 2.5607313090034043], [-72.99894177960073, 2.5607313090034043], [-72.99894177960073, 2.560550990581624], [-72.99876146117896, 2.560550990581624], [-72.99876146117896, 2.5600100353162825], [-72.99867130196806, 2.5600100353162825], [-72.99867130196806, 2.559919876105392], [-72.99858114275717, 2.559919876105392], [-72.99858114275717, 2.5598297168945017], [-72.99795002828094, 2.5598297168945017], [-72.99795002828094, 2.5600100353162825], [-72.99785986907006, 2.5600100353162825], [-72.99785986907006, 2.560190353738063], [-72.99804018749182, 2.560190353738063], [-72.99804018749182, 2.560370672159843], [-72.99822050591361, 2.560370672159843], [-72.99822050591361, 2.5604608313707335], [-72.99813034670272, 2.5604608313707335], [-72.99813034670272, 2.560550990581624], [-72.99822050591361, 2.560550990581624], [-72.99822050591361, 2.5607313090034043], [-72.9973189138047, 2.5607313090034043], [-72.9973189138047, 2.5609116274251846], [-72.99713859538292, 2.5609116274251846], [-72.99713859538292, 2.561182105057856], [-72.99704843617204, 2.561182105057856], [-72.99704843617204, 2.5612722642687458], [-72.99695827696115, 2.5612722642687458], [-72.99695827696115, 2.561632901112307], [-72.99659764011759, 2.561632901112307], [-72.99659764011759, 2.5615427419014165], [-72.9964173216958, 2.5615427419014165], [-72.9964173216958, 2.5614525826905266], [-72.99632716248492, 2.5614525826905266], [-72.99632716248492, 2.561362423479636], [-72.99605668485225, 2.561362423479636], [-72.99605668485225, 2.5618132195340872], [-72.99587636643047, 2.5618132195340872], [-72.99587636643047, 2.561993537955868], [-72.99569604800868, 2.561993537955868], [-72.99569604800868, 2.5621738563776484], [-72.99533541116512, 2.5621738563776484], [-72.99533541116512, 2.5618132195340872], [-72.99497477432156, 2.5618132195340872], [-72.99497477432156, 2.561993537955868], [-72.994614137478, 2.561993537955868], [-72.994614137478, 2.5618132195340872], [-72.99443381905621, 2.5618132195340872], [-72.99443381905621, 2.5621738563776484], [-72.994614137478, 2.5621738563776484], [-72.994614137478, 2.5623541747994287], [-72.99407318221266, 2.5623541747994287], [-72.99407318221266, 2.562264015588539], [-72.99389286379088, 2.562264015588539], [-72.99389286379088, 2.5623541747994287], [-72.99281095326019, 2.5623541747994287], [-72.99281095326019, 2.562444334010319], [-72.9927207940493, 2.562444334010319], [-72.9927207940493, 2.5625344932212095], [-72.99226999799485, 2.5625344932212095], [-72.99226999799485, 2.5632557669083313], [-72.99208967957307, 2.5632557669083313], [-72.99208967957307, 2.5639770405954536], [-72.99217983878397, 2.5639770405954536], [-72.99217983878397, 2.563886881384563], [-72.99226999799485, 2.563886881384563], [-72.99226999799485, 2.5639770405954536], [-72.99245031641664, 2.5639770405954536], [-72.99245031641664, 2.564157359017234], [-72.99263063483842, 2.564157359017234], [-72.99263063483842, 2.5642475182281244], [-72.99254047562752, 2.5642475182281244], [-72.99254047562752, 2.564517995860795], [-72.99245031641664, 2.564517995860795], [-72.99245031641664, 2.5646983142825754], [-72.99254047562752, 2.5646983142825754], [-72.99254047562752, 2.564968791915246], [-72.99263063483842, 2.564968791915246], [-72.99263063483842, 2.5654195879696977], [-72.99281095326019, 2.5654195879696977], [-72.99281095326019, 2.565599906391478], [-72.99317159010376, 2.565599906391478], [-72.99317159010376, 2.5654195879696977], [-72.99344206773642, 2.5654195879696977], [-72.99344206773642, 2.5655097471805877], [-72.99353222694732, 2.5655097471805877], [-72.99353222694732, 2.565599906391478], [-72.99389286379088, 2.565599906391478], [-72.99389286379088, 2.5646983142825754], [-72.99380270457999, 2.5646983142825754], [-72.99380270457999, 2.564517995860795], [-72.99371254536909, 2.564517995860795], [-72.99371254536909, 2.564157359017234], [-72.99362238615821, 2.564157359017234], [-72.99362238615821, 2.5639770405954536], [-72.99353222694732, 2.5639770405954536], [-72.99353222694732, 2.563436085330112], [-72.99335190852554, 2.563436085330112], [-72.99335190852554, 2.563075448486551], [-72.99416334142354, 2.563075448486551], [-72.99416334142354, 2.5631656076974414], [-72.99425350063444, 2.5631656076974414], [-72.99425350063444, 2.5632557669083313], [-72.994614137478, 2.5632557669083313], [-72.994614137478, 2.5631656076974414], [-72.99497477432156, 2.5631656076974414], [-72.99497477432156, 2.5632557669083313], [-72.99515509274335, 2.5632557669083313], [-72.99515509274335, 2.5636164037518925], [-72.99533541116512, 2.5636164037518925], [-72.99533541116512, 2.563706562962783], [-72.9955157295869, 2.563706562962783], [-72.9955157295869, 2.5639770405954536], [-72.99524525195423, 2.5639770405954536], [-72.99524525195423, 2.5640671998063436], [-72.99515509274335, 2.5640671998063436], [-72.99515509274335, 2.5644278366499047], [-72.99506493353245, 2.5644278366499047], [-72.99506493353245, 2.564517995860795], [-72.99497477432156, 2.564517995860795], [-72.99497477432156, 2.5648786327043562], [-72.99506493353245, 2.5648786327043562], [-72.99506493353245, 2.5650589511261366], [-72.99533541116512, 2.5650589511261366], [-72.99533541116512, 2.5648786327043562], [-72.9955157295869, 2.5648786327043562], [-72.9955157295869, 2.5646983142825754], [-72.99587636643047, 2.5646983142825754], [-72.99587636643047, 2.565239269547917], [-72.99605668485225, 2.565239269547917], [-72.99605668485225, 2.5654195879696977], [-72.99623700327402, 2.5654195879696977], [-72.99623700327402, 2.5657802248132584], [-72.9964173216958, 2.5657802248132584], [-72.9964173216958, 2.565960543235039], [-72.99659764011759, 2.565960543235039], [-72.99659764011759, 2.5661408616568195], [-72.99677795853937, 2.5661408616568195], [-72.99677795853937, 2.5663211800786003], [-72.99695827696115, 2.5663211800786003], [-72.99695827696115, 2.5665014985003807], [-72.99713859538292, 2.5665014985003807], [-72.99713859538292, 2.566681816922161], [-72.99749923222649, 2.566681816922161], [-72.99749923222649, 2.5665014985003807], [-72.99785986907006, 2.5665014985003807], [-72.99785986907006, 2.566681816922161], [-72.99767955064827, 2.566681816922161], [-72.99767955064827, 2.5672227721875025], [-72.99785986907006, 2.5672227721875025], [-72.99785986907006, 2.5674030906092833], [-72.99804018749182, 2.5674030906092833], [-72.99804018749182, 2.5675834090310636], [-72.9993024164443, 2.5675834090310636], [-72.9993024164443, 2.567673568241954], [-72.99966305328785, 2.567673568241954]], [[-72.99804018749182, 2.5663211800786003], [-72.99795002828094, 2.5663211800786003], [-72.99795002828094, 2.5661408616568195], [-72.99804018749182, 2.5661408616568195], [-72.99804018749182, 2.565960543235039], [-72.99822050591361, 2.565960543235039], [-72.99822050591361, 2.5661408616568195], [-72.99813034670272, 2.5661408616568195], [-72.99813034670272, 2.56623102086771], [-72.99804018749182, 2.56623102086771], [-72.99804018749182, 2.5663211800786003]], [[-72.99524525195423, 2.564788473493466], [-72.99515509274335, 2.564788473493466], [-72.99515509274335, 2.5646983142825754], [-72.99524525195423, 2.5646983142825754], [-72.99524525195423, 2.564788473493466]], [[-72.99569604800868, 2.5636164037518925], [-72.9955157295869, 2.5636164037518925], [-72.9955157295869, 2.5632557669083313], [-72.9956058887978, 2.5632557669083313], [-72.9956058887978, 2.563526244541002], [-72.99569604800868, 2.563526244541002], [-72.99569604800868, 2.5636164037518925]], [[-72.99317159010376, 2.563075448486551], [-72.99281095326019, 2.563075448486551], [-72.99281095326019, 2.5629852892756606], [-72.9927207940493, 2.5629852892756606], [-72.9927207940493, 2.5628951300647707], [-72.99299127168197, 2.5628951300647707], [-72.99299127168197, 2.5629852892756606], [-72.99317159010376, 2.5629852892756606], [-72.99317159010376, 2.563075448486551]], [[-72.99867130196806, 2.5612722642687458], [-72.99858114275717, 2.5612722642687458], [-72.99858114275717, 2.5610919458469654], [-72.99876146117896, 2.5610919458469654], [-72.99876146117896, 2.561182105057856], [-72.99867130196806, 2.561182105057856], [-72.99867130196806, 2.5612722642687458]], [[-72.9983106651245, 2.5609116274251846], [-72.99822050591361, 2.5609116274251846], [-72.99822050591361, 2.5607313090034043], [-72.9983106651245, 2.5607313090034043], [-72.9983106651245, 2.5609116274251846]]]}}, {"id": "168", "type": "Feature", "properties": {"time_step": null}, "geometry": {"type": "Polygon", "coordinates": [[[-73.01102311386002, 2.5610919458469654], [-73.01102311386002, 2.5609116274251846], [-73.0112935914927, 2.5609116274251846], [-73.0112935914927, 2.5607313090034043], [-73.01156406912537, 2.5607313090034043], [-73.01156406912537, 2.560550990581624], [-73.01192470596892, 2.560550990581624], [-73.01192470596892, 2.560370672159843], [-73.0121050243907, 2.560370672159843], [-73.0121050243907, 2.5600100353162825], [-73.01192470596892, 2.5600100353162825], [-73.01192470596892, 2.5598297168945017], [-73.01165422833625, 2.5598297168945017], [-73.01165422833625, 2.5597395576836117], [-73.01156406912537, 2.5597395576836117], [-73.01156406912537, 2.5596493984727213], [-73.01138375070359, 2.5596493984727213], [-73.01138375070359, 2.5598297168945017], [-73.0112034322818, 2.5598297168945017], [-73.0112034322818, 2.5600100353162825], [-73.01102311386002, 2.5600100353162825], [-73.01102311386002, 2.560190353738063], [-73.01075263622735, 2.560190353738063], [-73.01075263622735, 2.560280512948953], [-73.01066247701647, 2.560280512948953], [-73.01066247701647, 2.560370672159843], [-73.01048215859468, 2.560370672159843], [-73.01048215859468, 2.560550990581624], [-73.0103018401729, 2.560550990581624], [-73.0103018401729, 2.5609116274251846], [-73.01048215859468, 2.5609116274251846], [-73.01048215859468, 2.5610919458469654], [-73.01102311386002, 2.5610919458469654]]]}}, {"id": "169", "type": "Feature", "properties": {"time_step": null}, "geometry": {"type": "Polygon", "coordinates": [[[-72.93330587407263, 2.5629852892756606], [-72.93330587407263, 2.5628951300647707], [-72.93348619249441, 2.5628951300647707], [-72.93348619249441, 2.5626246524320995], [-72.93366651091618, 2.5626246524320995], [-72.93366651091618, 2.562444334010319], [-72.93375667012708, 2.562444334010319], [-72.93375667012708, 2.5623541747994287], [-72.93384682933797, 2.5623541747994287], [-72.93384682933797, 2.562264015588539], [-72.93402714775975, 2.562264015588539], [-72.93402714775975, 2.562083697166758], [-72.93411730697063, 2.562083697166758], [-72.93411730697063, 2.561993537955868], [-72.93420746618153, 2.561993537955868], [-72.93420746618153, 2.5618132195340872], [-72.93429762539242, 2.5618132195340872], [-72.93429762539242, 2.5617230603231973], [-72.9343877846033, 2.5617230603231973], [-72.9343877846033, 2.5615427419014165], [-72.93429762539242, 2.5615427419014165], [-72.93429762539242, 2.561362423479636], [-72.93420746618153, 2.561362423479636], [-72.93420746618153, 2.5609116274251846], [-72.93429762539242, 2.5609116274251846], [-72.93429762539242, 2.5608214682142947], [-72.93420746618153, 2.5608214682142947], [-72.93420746618153, 2.560641149792514], [-72.93393698854887, 2.560641149792514], [-72.93393698854887, 2.5607313090034043], [-72.93384682933797, 2.5607313090034043], [-72.93384682933797, 2.561001786636075], [-72.93348619249441, 2.561001786636075], [-72.93348619249441, 2.5608214682142947], [-72.9335763517053, 2.5608214682142947], [-72.9335763517053, 2.5604608313707335], [-72.93348619249441, 2.5604608313707335], [-72.93348619249441, 2.560280512948953], [-72.93339603328351, 2.560280512948953], [-72.93339603328351, 2.5600100353162825], [-72.93312555565085, 2.5600100353162825], [-72.93312555565085, 2.5596493984727213], [-72.93294523722906, 2.5596493984727213], [-72.93294523722906, 2.559469080050941], [-72.93186332669838, 2.559469080050941], [-72.93186332669838, 2.5596493984727213], [-72.93258460038551, 2.5596493984727213], [-72.93258460038551, 2.5597395576836117], [-72.93276491880728, 2.5597395576836117], [-72.93276491880728, 2.5598297168945017], [-72.93159284906571, 2.5598297168945017], [-72.93159284906571, 2.5596493984727213], [-72.93150268985482, 2.5596493984727213], [-72.93150268985482, 2.55910844320738], [-72.93141253064393, 2.55910844320738], [-72.93141253064393, 2.562444334010319], [-72.93258460038551, 2.562444334010319], [-72.93258460038551, 2.5626246524320995], [-72.93294523722906, 2.5626246524320995], [-72.93294523722906, 2.5628049708538803], [-72.93312555565085, 2.5628049708538803], [-72.93312555565085, 2.5629852892756606], [-72.93330587407263, 2.5629852892756606]], [[-72.93303539643996, 2.5598297168945017], [-72.93294523722906, 2.5598297168945017], [-72.93294523722906, 2.5597395576836117], [-72.93303539643996, 2.5597395576836117], [-72.93303539643996, 2.5598297168945017]]]}}, {"id": "170", "type": "Feature", "properties": {"time_step": null}, "geometry": {"type": "Polygon", "coordinates": [[[-72.96982035448318, 2.559919876105392], [-72.96982035448318, 2.5597395576836117], [-72.97000067290496, 2.5597395576836117], [-72.97000067290496, 2.559559239261831], [-72.97018099132674, 2.559559239261831], [-72.97018099132674, 2.5593789208400506], [-72.9705416281703, 2.5593789208400506], [-72.9705416281703, 2.55919860241827], [-72.97072194659208, 2.55919860241827], [-72.97072194659208, 2.5590182839964895], [-72.97081210580298, 2.5590182839964895], [-72.97081210580298, 2.558928124785599], [-72.97072194659208, 2.558928124785599], [-72.97072194659208, 2.558837965574709], [-72.97081210580298, 2.558837965574709], [-72.97081210580298, 2.5587478063638187], [-72.97072194659208, 2.5587478063638187], [-72.97072194659208, 2.558477328731148], [-72.9705416281703, 2.558477328731148], [-72.9705416281703, 2.5582970103093676], [-72.97036130974853, 2.5582970103093676], [-72.97036130974853, 2.558837965574709], [-72.97000067290496, 2.558837965574709], [-72.97000067290496, 2.5587478063638187], [-72.97009083211584, 2.5587478063638187], [-72.97009083211584, 2.5586576471529283], [-72.96982035448318, 2.5586576471529283], [-72.96982035448318, 2.558837965574709], [-72.96973019527229, 2.558837965574709], [-72.96973019527229, 2.5587478063638187], [-72.96964003606139, 2.5587478063638187], [-72.96964003606139, 2.5590182839964895], [-72.96945971763962, 2.5590182839964895], [-72.96945971763962, 2.5597395576836117], [-72.96964003606139, 2.5597395576836117], [-72.96964003606139, 2.559919876105392], [-72.96982035448318, 2.559919876105392]]]}}, {"id": "171", "type": "Feature", "properties": {"time_step": null}, "geometry": {"type": "Polygon", "coordinates": [[[-72.96639430446935, 2.559559239261831], [-72.96639430446935, 2.5593789208400506], [-72.96657462289113, 2.5593789208400506], [-72.96657462289113, 2.55919860241827], [-72.96675494131291, 2.55919860241827], [-72.96675494131291, 2.5590182839964895], [-72.9668451005238, 2.5590182839964895], [-72.9668451005238, 2.558837965574709], [-72.9669352597347, 2.558837965574709], [-72.9669352597347, 2.5586576471529283], [-72.96711557815647, 2.5586576471529283], [-72.96711557815647, 2.558116691887587], [-72.9669352597347, 2.558116691887587], [-72.9669352597347, 2.557846214254916], [-72.96675494131291, 2.557846214254916], [-72.96675494131291, 2.557395418200465], [-72.96657462289113, 2.557395418200465], [-72.96657462289113, 2.557215099778684], [-72.9660336676258, 2.557215099778684], [-72.9660336676258, 2.557395418200465], [-72.96585334920401, 2.557395418200465], [-72.96585334920401, 2.557756055044026], [-72.96567303078223, 2.557756055044026], [-72.96567303078223, 2.558116691887587], [-72.96549271236044, 2.558116691887587], [-72.96549271236044, 2.5582970103093676], [-72.96540255314956, 2.5582970103093676], [-72.96540255314956, 2.5583871695202576], [-72.96531239393866, 2.5583871695202576], [-72.96531239393866, 2.5590182839964895], [-72.96540255314956, 2.5590182839964895], [-72.96540255314956, 2.55919860241827], [-72.96549271236044, 2.55919860241827], [-72.96549271236044, 2.5593789208400506], [-72.96585334920401, 2.5593789208400506], [-72.96585334920401, 2.559469080050941], [-72.9660336676258, 2.559469080050941], [-72.9660336676258, 2.559559239261831], [-72.96621398604756, 2.559559239261831], [-72.96621398604756, 2.559469080050941], [-72.96630414525846, 2.559469080050941], [-72.96630414525846, 2.559559239261831], [-72.96639430446935, 2.559559239261831]]]}}, {"id": "172", "type": "Feature", "properties": {"time_step": null}, "geometry": {"type": "Polygon", "coordinates": [[[-72.9640501649862, 2.5579363734658065], [-72.9640501649862, 2.557846214254916], [-72.96396000577532, 2.557846214254916], [-72.96396000577532, 2.557756055044026], [-72.96423048340799, 2.557756055044026], [-72.96423048340799, 2.557395418200465], [-72.9640501649862, 2.557395418200465], [-72.9640501649862, 2.557215099778684], [-72.96368952814264, 2.557215099778684], [-72.96368952814264, 2.557395418200465], [-72.96350920972087, 2.557395418200465], [-72.96350920972087, 2.5579363734658065], [-72.9640501649862, 2.5579363734658065]]]}}, {"id": "173", "type": "Feature", "properties": {"time_step": null}, "geometry": {"type": "Polygon", "coordinates": [[[-72.97270544923167, 2.5590182839964895], [-72.97270544923167, 2.558837965574709], [-72.973246404497, 2.558837965574709], [-72.973246404497, 2.5582970103093676], [-72.97306608607524, 2.5582970103093676], [-72.97306608607524, 2.558116691887587], [-72.97288576765345, 2.558116691887587], [-72.97288576765345, 2.5579363734658065], [-72.97270544923167, 2.5579363734658065], [-72.97270544923167, 2.557485577411355], [-72.97261529002078, 2.557485577411355], [-72.97261529002078, 2.557395418200465], [-72.97252513080988, 2.557395418200465], [-72.97252513080988, 2.557215099778684], [-72.9723448123881, 2.557215099778684], [-72.9723448123881, 2.5571249405677943], [-72.97225465317722, 2.5571249405677943], [-72.97225465317722, 2.557215099778684], [-72.97216449396633, 2.557215099778684], [-72.97216449396633, 2.557395418200465], [-72.97198417554455, 2.557395418200465], [-72.97198417554455, 2.557485577411355], [-72.97180385712277, 2.557485577411355], [-72.97180385712277, 2.5575757366222454], [-72.97108258343565, 2.5575757366222454], [-72.97108258343565, 2.558477328731148], [-72.97126290185743, 2.558477328731148], [-72.97126290185743, 2.5586576471529283], [-72.9715333794901, 2.5586576471529283], [-72.9715333794901, 2.5587478063638187], [-72.97162353870098, 2.5587478063638187], [-72.97162353870098, 2.558837965574709], [-72.97171369791188, 2.558837965574709], [-72.97171369791188, 2.5586576471529283], [-72.97180385712277, 2.5586576471529283], [-72.97180385712277, 2.558837965574709], [-72.97189401633365, 2.558837965574709], [-72.97189401633365, 2.5587478063638187], [-72.97198417554455, 2.5587478063638187], [-72.97198417554455, 2.5586576471529283], [-72.9723448123881, 2.5586576471529283], [-72.9723448123881, 2.5590182839964895], [-72.97270544923167, 2.5590182839964895]]]}}, {"id": "174", "type": "Feature", "properties": {"time_step": null}, "geometry": {"type": "Polygon", "coordinates": [[[-72.98604901244343, 2.557756055044026], [-72.98604901244343, 2.5575757366222454], [-72.9862293308652, 2.5575757366222454], [-72.9862293308652, 2.557395418200465], [-72.98640964928698, 2.557395418200465], [-72.98640964928698, 2.557034781356904], [-72.98550805717808, 2.557034781356904], [-72.98550805717808, 2.5575757366222454], [-72.98568837559986, 2.5575757366222454], [-72.98568837559986, 2.557756055044026], [-72.98604901244343, 2.557756055044026]]]}}, {"id": "175", "type": "Feature", "properties": {"time_step": null}, "geometry": {"type": "Polygon", "coordinates": [[[-73.00236782961456, 2.5582068510984772], [-73.00236782961456, 2.558116691887587], [-73.00245798882546, 2.558116691887587], [-73.00245798882546, 2.558026532676697], [-73.00344974014524, 2.558026532676697], [-73.00344974014524, 2.557846214254916], [-73.00363005856703, 2.557846214254916], [-73.00363005856703, 2.557485577411355], [-73.00344974014524, 2.557485577411355], [-73.00344974014524, 2.5573052589895746], [-73.00326942172346, 2.5573052589895746], [-73.00326942172346, 2.5571249405677943], [-73.00308910330169, 2.5571249405677943], [-73.00308910330169, 2.557034781356904], [-73.00299894409079, 2.557034781356904], [-73.00299894409079, 2.5569446221460135], [-73.0029087848799, 2.5569446221460135], [-73.0029087848799, 2.5571249405677943], [-73.00272846645812, 2.5571249405677943], [-73.00272846645812, 2.557034781356904], [-73.00254814803634, 2.557034781356904], [-73.00254814803634, 2.5569446221460135], [-73.00218751119279, 2.5569446221460135], [-73.00218751119279, 2.556764303724233], [-73.002007192771, 2.556764303724233], [-73.002007192771, 2.5566741445133427], [-73.0019170335601, 2.5566741445133427], [-73.0019170335601, 2.556583985302453], [-73.00128591908388, 2.556583985302453], [-73.00128591908388, 2.556764303724233], [-73.00092528224032, 2.556764303724233], [-73.00092528224032, 2.5569446221460135], [-73.00056464539675, 2.5569446221460135], [-73.00056464539675, 2.557395418200465], [-73.00065480460765, 2.557395418200465], [-73.00065480460765, 2.557485577411355], [-73.00074496381853, 2.557485577411355], [-73.00074496381853, 2.558116691887587], [-73.0010154414512, 2.558116691887587], [-73.0010154414512, 2.558026532676697], [-73.002007192771, 2.558026532676697], [-73.002007192771, 2.558116691887587], [-73.00218751119279, 2.558116691887587], [-73.00218751119279, 2.5582068510984772], [-73.00236782961456, 2.5582068510984772]]]}}, {"id": "176", "type": "Feature", "properties": {"time_step": null}, "geometry": {"type": "Polygon", "coordinates": [[[-72.95566535837341, 2.5607313090034043], [-72.95566535837341, 2.560641149792514], [-72.95584567679519, 2.560641149792514], [-72.95584567679519, 2.5604608313707335], [-72.95602599521698, 2.5604608313707335], [-72.95602599521698, 2.560190353738063], [-72.95620631363875, 2.560190353738063], [-72.95620631363875, 2.5601001945271724], [-72.95656695048231, 2.5601001945271724], [-72.95656695048231, 2.560280512948953], [-72.95692758732588, 2.560280512948953], [-72.95692758732588, 2.5604608313707335], [-72.95710790574765, 2.5604608313707335], [-72.95710790574765, 2.5601001945271724], [-72.95692758732588, 2.5601001945271724], [-72.95692758732588, 2.5597395576836117], [-72.95683742811498, 2.5597395576836117], [-72.95683742811498, 2.559919876105392], [-72.9567472689041, 2.559919876105392], [-72.9567472689041, 2.5596493984727213], [-72.9566571096932, 2.5596493984727213], [-72.9566571096932, 2.559559239261831], [-72.9567472689041, 2.559559239261831], [-72.9567472689041, 2.5593789208400506], [-72.9566571096932, 2.5593789208400506], [-72.9566571096932, 2.5587478063638187], [-72.95656695048231, 2.5587478063638187], [-72.95656695048231, 2.5586576471529283], [-72.95692758732588, 2.5586576471529283], [-72.95692758732588, 2.558477328731148], [-72.95701774653676, 2.558477328731148], [-72.95701774653676, 2.5585674879420384], [-72.95710790574765, 2.5585674879420384], [-72.95710790574765, 2.5582970103093676], [-72.95782917943478, 2.5582970103093676], [-72.95782917943478, 2.5582068510984772], [-72.95800949785655, 2.5582068510984772], [-72.95800949785655, 2.557756055044026], [-72.95818981627833, 2.557756055044026], [-72.95818981627833, 2.5575757366222454], [-72.95809965706745, 2.5575757366222454], [-72.95809965706745, 2.557485577411355], [-72.95800949785655, 2.557485577411355], [-72.95800949785655, 2.5568544629351235], [-72.95782917943478, 2.5568544629351235], [-72.95782917943478, 2.5566741445133427], [-72.95773902022388, 2.5566741445133427], [-72.95773902022388, 2.5564938260915624], [-72.957648861013, 2.5564938260915624], [-72.957648861013, 2.555952870826221], [-72.95746854259122, 2.555952870826221], [-72.95746854259122, 2.55577255240444], [-72.95710790574765, 2.55577255240444], [-72.95710790574765, 2.5558627116153305], [-72.95701774653676, 2.5558627116153305], [-72.95701774653676, 2.555952870826221], [-72.95629647284964, 2.555952870826221], [-72.95629647284964, 2.5560430300371113], [-72.95620631363875, 2.5560430300371113], [-72.95620631363875, 2.5561331892480013], [-72.95584567679519, 2.5561331892480013], [-72.95584567679519, 2.5562233484588917], [-72.95566535837341, 2.5562233484588917], [-72.95566535837341, 2.556313507669782], [-72.95548503995163, 2.556313507669782], [-72.95548503995163, 2.5564938260915624], [-72.95530472152984, 2.5564938260915624], [-72.95530472152984, 2.5568544629351235], [-72.95512440310807, 2.5568544629351235], [-72.95512440310807, 2.556764303724233], [-72.95521456231896, 2.556764303724233], [-72.95521456231896, 2.5564938260915624], [-72.95512440310807, 2.5564938260915624], [-72.95512440310807, 2.556313507669782], [-72.95494408468629, 2.556313507669782], [-72.95494408468629, 2.556403666880672], [-72.9547637662645, 2.556403666880672], [-72.9547637662645, 2.5564938260915624], [-72.95440312942094, 2.5564938260915624], [-72.95440312942094, 2.5566741445133427], [-72.95422281099917, 2.5566741445133427], [-72.95422281099917, 2.557215099778684], [-72.95440312942094, 2.557215099778684], [-72.95440312942094, 2.5573052589895746], [-72.95449328863184, 2.5573052589895746], [-72.95449328863184, 2.557395418200465], [-72.9547637662645, 2.557395418200465], [-72.9547637662645, 2.557485577411355], [-72.95494408468629, 2.557485577411355], [-72.95494408468629, 2.557395418200465], [-72.95530472152984, 2.557395418200465], [-72.95530472152984, 2.5575757366222454], [-72.95485392547539, 2.5575757366222454], [-72.95485392547539, 2.5576658958331357], [-72.9547637662645, 2.5576658958331357], [-72.9547637662645, 2.558116691887587], [-72.95494408468629, 2.558116691887587], [-72.95494408468629, 2.5582970103093676], [-72.95485392547539, 2.5582970103093676], [-72.95485392547539, 2.558477328731148], [-72.9547637662645, 2.558477328731148], [-72.9547637662645, 2.5586576471529283], [-72.95485392547539, 2.5586576471529283], [-72.95485392547539, 2.5587478063638187], [-72.95494408468629, 2.5587478063638187], [-72.95494408468629, 2.558928124785599], [-72.95503424389717, 2.558928124785599], [-72.95503424389717, 2.5590182839964895], [-72.95512440310807, 2.5590182839964895], [-72.95512440310807, 2.559919876105392], [-72.95521456231896, 2.559919876105392], [-72.95521456231896, 2.5601001945271724], [-72.95530472152984, 2.5601001945271724], [-72.95530472152984, 2.5604608313707335], [-72.95548503995163, 2.5604608313707335], [-72.95548503995163, 2.5607313090034043], [-72.95566535837341, 2.5607313090034043]], [[-72.95647679127143, 2.5586576471529283], [-72.95638663206053, 2.5586576471529283], [-72.95638663206053, 2.558477328731148], [-72.95647679127143, 2.558477328731148], [-72.95647679127143, 2.5586576471529283]]]}}, {"id": "177", "type": "Feature", "properties": {"time_step": null}, "geometry": {"type": "Polygon", "coordinates": [[[-72.96621398604756, 2.5564938260915624], [-72.96621398604756, 2.555952870826221], [-72.96612382683668, 2.555952870826221], [-72.96612382683668, 2.55577255240444], [-72.96549271236044, 2.55577255240444], [-72.96549271236044, 2.5561331892480013], [-72.96567303078223, 2.5561331892480013], [-72.96567303078223, 2.556313507669782], [-72.96585334920401, 2.556313507669782], [-72.96585334920401, 2.5564938260915624], [-72.96621398604756, 2.5564938260915624]]]}}, {"id": "178", "type": "Feature", "properties": {"time_step": null}, "geometry": {"type": "Polygon", "coordinates": [[[-72.96819748868715, 2.5566741445133427], [-72.96819748868715, 2.5564938260915624], [-72.96837780710894, 2.5564938260915624], [-72.96837780710894, 2.556313507669782], [-72.9687384439525, 2.556313507669782], [-72.9687384439525, 2.5561331892480013], [-72.96891876237427, 2.5561331892480013], [-72.96891876237427, 2.55577255240444], [-72.96819748868715, 2.55577255240444], [-72.96819748868715, 2.555952870826221], [-72.96810732947627, 2.555952870826221], [-72.96810732947627, 2.5562233484588917], [-72.96819748868715, 2.5562233484588917], [-72.96819748868715, 2.556313507669782], [-72.96801717026537, 2.556313507669782], [-72.96801717026537, 2.5564938260915624], [-72.96810732947627, 2.5564938260915624], [-72.96810732947627, 2.5566741445133427], [-72.96819748868715, 2.5566741445133427]]]}}, {"id": "179", "type": "Feature", "properties": {"time_step": null}, "geometry": {"type": "Polygon", "coordinates": [[[-72.97541022555838, 2.5564938260915624], [-72.97541022555838, 2.556313507669782], [-72.97559054398016, 2.556313507669782], [-72.97559054398016, 2.5561331892480013], [-72.97541022555838, 2.5561331892480013], [-72.97541022555838, 2.555952870826221], [-72.97504958871481, 2.555952870826221], [-72.97504958871481, 2.55568239319355], [-72.97486927029303, 2.55568239319355], [-72.97486927029303, 2.5555922339826598], [-72.97477911108214, 2.5555922339826598], [-72.97477911108214, 2.55568239319355], [-72.97468895187126, 2.55568239319355], [-72.97468895187126, 2.55577255240444], [-72.97450863344947, 2.55577255240444], [-72.97450863344947, 2.555952870826221], [-72.97441847423858, 2.555952870826221], [-72.97441847423858, 2.5561331892480013], [-72.97450863344947, 2.5561331892480013], [-72.97450863344947, 2.5564938260915624], [-72.97468895187126, 2.5564938260915624], [-72.97468895187126, 2.556313507669782], [-72.9752299071366, 2.556313507669782], [-72.9752299071366, 2.5564938260915624], [-72.97541022555838, 2.5564938260915624]]]}}, {"id": "180", "type": "Feature", "properties": {"time_step": null}, "geometry": {"type": "Polygon", "coordinates": [[[-72.96242729919018, 2.5568544629351235], [-72.96242729919018, 2.5566741445133427], [-72.96359936893175, 2.5566741445133427], [-72.96359936893175, 2.5564938260915624], [-72.96368952814264, 2.5564938260915624], [-72.96368952814264, 2.556313507669782], [-72.96377968735354, 2.556313507669782], [-72.96377968735354, 2.5561331892480013], [-72.96368952814264, 2.5561331892480013], [-72.96368952814264, 2.5555922339826598], [-72.9631485728773, 2.5555922339826598], [-72.9631485728773, 2.55577255240444], [-72.96260761761197, 2.55577255240444], [-72.96260761761197, 2.5558627116153305], [-72.96251745840107, 2.5558627116153305], [-72.96251745840107, 2.555952870826221], [-72.9622469807684, 2.555952870826221], [-72.9622469807684, 2.5561331892480013], [-72.96206666234661, 2.5561331892480013], [-72.96206666234661, 2.5564938260915624], [-72.96188634392483, 2.5564938260915624], [-72.96188634392483, 2.5568544629351235], [-72.96242729919018, 2.5568544629351235]]]}}, {"id": "181", "type": "Feature", "properties": {"time_step": null}, "geometry": {"type": "Polygon", "coordinates": [[[-73.01661298493522, 2.5585674879420384], [-73.01661298493522, 2.5583871695202576], [-73.016793303357, 2.5583871695202576], [-73.016793303357, 2.5582068510984772], [-73.01715394020056, 2.5582068510984772], [-73.01715394020056, 2.558026532676697], [-73.01733425862234, 2.558026532676697], [-73.01733425862234, 2.557846214254916], [-73.01751457704412, 2.557846214254916], [-73.01751457704412, 2.5576658958331357], [-73.01769489546591, 2.5576658958331357], [-73.01769489546591, 2.5573052589895746], [-73.01787521388769, 2.5573052589895746], [-73.01787521388769, 2.5569446221460135], [-73.01760473625501, 2.5569446221460135], [-73.01760473625501, 2.5568544629351235], [-73.01751457704412, 2.5568544629351235], [-73.01751457704412, 2.5569446221460135], [-73.01697362177879, 2.5569446221460135], [-73.01697362177879, 2.556403666880672], [-73.01715394020056, 2.556403666880672], [-73.01715394020056, 2.556583985302453], [-73.01760473625501, 2.556583985302453], [-73.01760473625501, 2.556403666880672], [-73.01769489546591, 2.556403666880672], [-73.01769489546591, 2.5562233484588917], [-73.01787521388769, 2.5562233484588917], [-73.01787521388769, 2.5558627116153305], [-73.01769489546591, 2.5558627116153305], [-73.01769489546591, 2.55568239319355], [-73.01751457704412, 2.55568239319355], [-73.01751457704412, 2.5555020747717694], [-73.01697362177879, 2.5555020747717694], [-73.01697362177879, 2.55568239319355], [-73.016793303357, 2.55568239319355], [-73.016793303357, 2.55577255240444], [-73.0167031441461, 2.55577255240444], [-73.0167031441461, 2.55568239319355], [-73.01661298493522, 2.55568239319355], [-73.01661298493522, 2.5555922339826598], [-73.01652282572434, 2.5555922339826598], [-73.01652282572434, 2.5555020747717694], [-73.01643266651344, 2.5555020747717694], [-73.01643266651344, 2.5555922339826598], [-73.01634250730255, 2.5555922339826598], [-73.01634250730255, 2.55568239319355], [-73.01625234809165, 2.55568239319355], [-73.01625234809165, 2.55577255240444], [-73.01616218888077, 2.55577255240444], [-73.01616218888077, 2.5558627116153305], [-73.01607202966989, 2.5558627116153305], [-73.01607202966989, 2.556313507669782], [-73.01598187045899, 2.556313507669782], [-73.01598187045899, 2.556403666880672], [-73.01607202966989, 2.556403666880672], [-73.01607202966989, 2.556764303724233], [-73.01625234809165, 2.556764303724233], [-73.01625234809165, 2.5569446221460135], [-73.01661298493522, 2.5569446221460135], [-73.01661298493522, 2.5571249405677943], [-73.01625234809165, 2.5571249405677943], [-73.01625234809165, 2.5573052589895746], [-73.01607202966989, 2.5573052589895746], [-73.01607202966989, 2.557846214254916], [-73.01598187045899, 2.557846214254916], [-73.01598187045899, 2.558026532676697], [-73.01607202966989, 2.558026532676697], [-73.01607202966989, 2.5583871695202576], [-73.01625234809165, 2.5583871695202576], [-73.01625234809165, 2.5585674879420384], [-73.01661298493522, 2.5585674879420384]], [[-73.01688346256789, 2.5560430300371113], [-73.016793303357, 2.5560430300371113], [-73.016793303357, 2.555952870826221], [-73.01688346256789, 2.555952870826221], [-73.01688346256789, 2.5560430300371113]]]}}, {"id": "182", "type": "Feature", "properties": {"time_step": null}, "geometry": {"type": "Polygon", "coordinates": [[[-72.96702541894558, 2.557034781356904], [-72.96702541894558, 2.5568544629351235], [-72.96711557815647, 2.5568544629351235], [-72.96711557815647, 2.5555922339826598], [-72.9669352597347, 2.5555922339826598], [-72.9669352597347, 2.5554119155608794], [-72.96657462289113, 2.5554119155608794], [-72.96657462289113, 2.5561331892480013], [-72.96675494131291, 2.5561331892480013], [-72.96675494131291, 2.5566741445133427], [-72.9668451005238, 2.5566741445133427], [-72.9668451005238, 2.5568544629351235], [-72.9669352597347, 2.5568544629351235], [-72.9669352597347, 2.557034781356904], [-72.96702541894558, 2.557034781356904]]]}}, {"id": "183", "type": "Feature", "properties": {"time_step": null}, "geometry": {"type": "Polygon", "coordinates": [[[-73.0029087848799, 2.5560430300371113], [-73.0029087848799, 2.5558627116153305], [-73.00308910330169, 2.5558627116153305], [-73.00308910330169, 2.5555020747717694], [-73.00272846645812, 2.5555020747717694], [-73.00272846645812, 2.555321756349989], [-73.00317926251257, 2.555321756349989], [-73.00317926251257, 2.5551414379282087], [-73.00326942172346, 2.5551414379282087], [-73.00326942172346, 2.5550512787173183], [-73.00317926251257, 2.5550512787173183], [-73.00317926251257, 2.554961119506428], [-73.0029087848799, 2.554961119506428], [-73.0029087848799, 2.5547808010846476], [-73.00254814803634, 2.5547808010846476], [-73.00254814803634, 2.554961119506428], [-73.00236782961456, 2.554961119506428], [-73.00236782961456, 2.5550512787173183], [-73.00227767040367, 2.5550512787173183], [-73.00227767040367, 2.5551414379282087], [-73.00218751119279, 2.5551414379282087], [-73.00218751119279, 2.5554119155608794], [-73.00236782961456, 2.5554119155608794], [-73.00236782961456, 2.5558627116153305], [-73.00254814803634, 2.5558627116153305], [-73.00254814803634, 2.5560430300371113], [-73.0029087848799, 2.5560430300371113]]]}}, {"id": "184", "type": "Feature", "properties": {"time_step": null}, "geometry": {"type": "Polygon", "coordinates": [[[-73.01336725334318, 2.5560430300371113], [-73.01336725334318, 2.555952870826221], [-73.01345741255406, 2.555952870826221], [-73.01345741255406, 2.5558627116153305], [-73.01390820860851, 2.5558627116153305], [-73.01390820860851, 2.5555922339826598], [-73.0139983678194, 2.5555922339826598], [-73.0139983678194, 2.55568239319355], [-73.0140885270303, 2.55568239319355], [-73.0140885270303, 2.5555020747717694], [-73.01426884545208, 2.5555020747717694], [-73.01426884545208, 2.555321756349989], [-73.01471964150653, 2.555321756349989], [-73.01471964150653, 2.5552315971390986], [-73.01480980071742, 2.5552315971390986], [-73.01480980071742, 2.554870960295538], [-73.01471964150653, 2.554870960295538], [-73.01471964150653, 2.5547808010846476], [-73.01462948229563, 2.5547808010846476], [-73.01462948229563, 2.554600482662867], [-73.01444916387385, 2.554600482662867], [-73.01444916387385, 2.5544201642410864], [-73.01417868624118, 2.5544201642410864], [-73.01417868624118, 2.554239845819306], [-73.0140885270303, 2.554239845819306], [-73.0140885270303, 2.553879208975745], [-73.0139983678194, 2.553879208975745], [-73.0139983678194, 2.5537890497648545], [-73.01390820860851, 2.5537890497648545], [-73.01390820860851, 2.5536988905539646], [-73.01345741255406, 2.5536988905539646], [-73.01345741255406, 2.5537890497648545], [-73.01336725334318, 2.5537890497648545], [-73.01336725334318, 2.5540595273975253], [-73.01318693492139, 2.5540595273975253], [-73.01318693492139, 2.554239845819306], [-73.01300661649961, 2.554239845819306], [-73.01300661649961, 2.5543300050301965], [-73.01291645728872, 2.5543300050301965], [-73.01291645728872, 2.5544201642410864], [-73.01282629807783, 2.5544201642410864], [-73.01282629807783, 2.554600482662867], [-73.01264597965606, 2.554600482662867], [-73.01264597965606, 2.5551414379282087], [-73.01246566123427, 2.5551414379282087], [-73.01246566123427, 2.555321756349989], [-73.01237550202337, 2.555321756349989], [-73.01237550202337, 2.5555020747717694], [-73.01246566123427, 2.5555020747717694], [-73.01246566123427, 2.5558627116153305], [-73.01255582044516, 2.5558627116153305], [-73.01255582044516, 2.5560430300371113], [-73.01336725334318, 2.5560430300371113]]]}}, {"id": "185", "type": "Feature", "properties": {"time_step": null}, "geometry": {"type": "Polygon", "coordinates": [[[-72.96332889129908, 2.5543300050301965], [-72.96332889129908, 2.553608731343074], [-72.96296825445552, 2.553608731343074], [-72.96296825445552, 2.5536988905539646], [-72.96278793603373, 2.5536988905539646], [-72.96278793603373, 2.5537890497648545], [-72.96269777682285, 2.5537890497648545], [-72.96269777682285, 2.5536988905539646], [-72.96260761761197, 2.5536988905539646], [-72.96260761761197, 2.5537890497648545], [-72.96251745840107, 2.5537890497648545], [-72.96251745840107, 2.5539693681866353], [-72.96233713997928, 2.5539693681866353], [-72.96233713997928, 2.5541496866084157], [-72.96242729919018, 2.5541496866084157], [-72.96242729919018, 2.5543300050301965], [-72.96332889129908, 2.5543300050301965]]]}}, {"id": "186", "type": "Feature", "properties": {"time_step": null}, "geometry": {"type": "Polygon", "coordinates": [[[-73.01787521388769, 2.5547808010846476], [-73.01787521388769, 2.554690641873757], [-73.01796537309858, 2.554690641873757], [-73.01796537309858, 2.554600482662867], [-73.01823585073124, 2.554600482662867], [-73.01823585073124, 2.5543300050301965], [-73.01832600994214, 2.5543300050301965], [-73.01832600994214, 2.554239845819306], [-73.01841616915303, 2.554239845819306], [-73.01841616915303, 2.553879208975745], [-73.01832600994214, 2.553879208975745], [-73.01832600994214, 2.5537890497648545], [-73.01823585073124, 2.5537890497648545], [-73.01823585073124, 2.5536988905539646], [-73.01805553230946, 2.5536988905539646], [-73.01805553230946, 2.553518572132184], [-73.01733425862234, 2.553518572132184], [-73.01733425862234, 2.5540595273975253], [-73.01724409941146, 2.5540595273975253], [-73.01724409941146, 2.554239845819306], [-73.01715394020056, 2.554239845819306], [-73.01715394020056, 2.5544201642410864], [-73.01733425862234, 2.5544201642410864], [-73.01733425862234, 2.554600482662867], [-73.01751457704412, 2.554600482662867], [-73.01751457704412, 2.5547808010846476], [-73.01787521388769, 2.5547808010846476]]]}}, {"id": "187", "type": "Feature", "properties": {"time_step": null}, "geometry": {"type": "Polygon", "coordinates": [[[-73.00435133225415, 2.5558627116153305], [-73.00435133225415, 2.55568239319355], [-73.00453165067593, 2.55568239319355], [-73.00453165067593, 2.5555020747717694], [-73.00471196909771, 2.5555020747717694], [-73.00471196909771, 2.5551414379282087], [-73.00489228751948, 2.5551414379282087], [-73.00489228751948, 2.5547808010846476], [-73.00507260594127, 2.5547808010846476], [-73.00507260594127, 2.554239845819306], [-73.00543324278483, 2.554239845819306], [-73.00543324278483, 2.5540595273975253], [-73.00561356120662, 2.5540595273975253], [-73.00561356120662, 2.5536988905539646], [-73.00579387962838, 2.5536988905539646], [-73.00579387962838, 2.553518572132184], [-73.00597419805017, 2.553518572132184], [-73.00597419805017, 2.5533382537104035], [-73.00606435726107, 2.5533382537104035], [-73.00606435726107, 2.553157935288623], [-73.00597419805017, 2.553157935288623], [-73.00597419805017, 2.5529776168668423], [-73.00579387962838, 2.5529776168668423], [-73.00579387962838, 2.552797298445062], [-73.00561356120662, 2.552797298445062], [-73.00561356120662, 2.5526169800232816], [-73.00525292436305, 2.5526169800232816], [-73.00525292436305, 2.552797298445062], [-73.00507260594127, 2.552797298445062], [-73.00507260594127, 2.5529776168668423], [-73.00489228751948, 2.5529776168668423], [-73.00489228751948, 2.553157935288623], [-73.00471196909771, 2.553157935288623], [-73.00471196909771, 2.553248094499513], [-73.00462180988681, 2.553248094499513], [-73.00462180988681, 2.5533382537104035], [-73.00435133225415, 2.5533382537104035], [-73.00435133225415, 2.553157935288623], [-73.00399069541058, 2.553157935288623], [-73.00399069541058, 2.5533382537104035], [-73.0039005361997, 2.5533382537104035], [-73.0039005361997, 2.553428412921294], [-73.00381037698881, 2.553428412921294], [-73.00381037698881, 2.5536988905539646], [-73.00363005856703, 2.5536988905539646], [-73.00363005856703, 2.5540595273975253], [-73.00344974014524, 2.5540595273975253], [-73.00344974014524, 2.554239845819306], [-73.00353989935614, 2.554239845819306], [-73.00353989935614, 2.5544201642410864], [-73.00363005856703, 2.5544201642410864], [-73.00363005856703, 2.554600482662867], [-73.00372021777791, 2.554600482662867], [-73.00372021777791, 2.554690641873757], [-73.00381037698881, 2.554690641873757], [-73.00381037698881, 2.554961119506428], [-73.00363005856703, 2.554961119506428], [-73.00363005856703, 2.5551414379282087], [-73.00344974014524, 2.5551414379282087], [-73.00344974014524, 2.5555020747717694], [-73.00363005856703, 2.5555020747717694], [-73.00363005856703, 2.55577255240444], [-73.00372021777791, 2.55577255240444], [-73.00372021777791, 2.5558627116153305], [-73.00435133225415, 2.5558627116153305]], [[-73.0048021283086, 2.554239845819306], [-73.00471196909771, 2.554239845819306], [-73.00471196909771, 2.5540595273975253], [-73.00453165067593, 2.5540595273975253], [-73.00453165067593, 2.5536988905539646], [-73.00471196909771, 2.5536988905539646], [-73.00471196909771, 2.553879208975745], [-73.0048021283086, 2.553879208975745], [-73.0048021283086, 2.5539693681866353], [-73.00489228751948, 2.5539693681866353], [-73.00489228751948, 2.5541496866084157], [-73.0048021283086, 2.5541496866084157], [-73.0048021283086, 2.554239845819306]], [[-73.00453165067593, 2.553608731343074], [-73.00444149146503, 2.553608731343074], [-73.00444149146503, 2.553428412921294], [-73.00453165067593, 2.553428412921294], [-73.00453165067593, 2.553608731343074]]]}}, {"id": "188", "type": "Feature", "properties": {"time_step": null}, "geometry": {"type": "Polygon", "coordinates": [[[-72.94592816359726, 2.5540595273975253], [-72.94592816359726, 2.553428412921294], [-72.94601832280816, 2.553428412921294], [-72.94601832280816, 2.5533382537104035], [-72.94610848201904, 2.5533382537104035], [-72.94610848201904, 2.5526169800232816], [-72.94619864122993, 2.5526169800232816], [-72.94619864122993, 2.5527071392341716], [-72.94628880044083, 2.5527071392341716], [-72.94628880044083, 2.5519858655470498], [-72.94619864122993, 2.5519858655470498], [-72.94619864122993, 2.5518957063361594], [-72.94610848201904, 2.5518957063361594], [-72.94610848201904, 2.5520760247579397], [-72.94574784517548, 2.5520760247579397], [-72.94574784517548, 2.5522563431797205], [-72.94565768596459, 2.5522563431797205], [-72.94565768596459, 2.5523465023906104], [-72.9455675267537, 2.5523465023906104], [-72.9455675267537, 2.5526169800232816], [-72.94538720833192, 2.5526169800232816], [-72.94538720833192, 2.5527071392341716], [-72.94520688991014, 2.5527071392341716], [-72.94520688991014, 2.553157935288623], [-72.94529704912102, 2.553157935288623], [-72.94529704912102, 2.5533382537104035], [-72.94538720833192, 2.5533382537104035], [-72.94538720833192, 2.553248094499513], [-72.94547736754281, 2.553248094499513], [-72.94547736754281, 2.553428412921294], [-72.9455675267537, 2.553428412921294], [-72.9455675267537, 2.553518572132184], [-72.94565768596459, 2.553518572132184], [-72.94565768596459, 2.553608731343074], [-72.94574784517548, 2.553608731343074], [-72.94574784517548, 2.5540595273975253], [-72.94592816359726, 2.5540595273975253]], [[-72.94574784517548, 2.553248094499513], [-72.94565768596459, 2.553248094499513], [-72.94565768596459, 2.553157935288623], [-72.9455675267537, 2.553157935288623], [-72.9455675267537, 2.5526169800232816], [-72.94574784517548, 2.5526169800232816], [-72.94574784517548, 2.5527071392341716], [-72.94592816359726, 2.5527071392341716], [-72.94592816359726, 2.552797298445062], [-72.94574784517548, 2.552797298445062], [-72.94574784517548, 2.553248094499513]]]}}, {"id": "189", "type": "Feature", "properties": {"time_step": null}, "geometry": {"type": "Polygon", "coordinates": [[[-73.0213914231124, 2.554510323451977], [-73.0213914231124, 2.5522563431797205], [-73.02130126390152, 2.5522563431797205], [-73.02130126390152, 2.5520760247579397], [-73.02112094547974, 2.5520760247579397], [-73.02112094547974, 2.5518957063361594], [-73.02076030863617, 2.5518957063361594], [-73.02076030863617, 2.551805547125269], [-73.02057999021439, 2.551805547125269], [-73.02057999021439, 2.551715387914379], [-73.02039967179262, 2.551715387914379], [-73.02039967179262, 2.5518957063361594], [-73.02003903494905, 2.5518957063361594], [-73.02003903494905, 2.5520760247579397], [-73.01985871652727, 2.5520760247579397], [-73.01985871652727, 2.5522563431797205], [-73.01967839810548, 2.5522563431797205], [-73.01967839810548, 2.552436661601501], [-73.01949807968371, 2.552436661601501], [-73.01949807968371, 2.5529776168668423], [-73.01967839810548, 2.5529776168668423], [-73.01967839810548, 2.5533382537104035], [-73.01976855731638, 2.5533382537104035], [-73.01976855731638, 2.553518572132184], [-73.01985871652727, 2.553518572132184], [-73.01985871652727, 2.5537890497648545], [-73.02003903494905, 2.5537890497648545], [-73.02003903494905, 2.553879208975745], [-73.02021935337083, 2.553879208975745], [-73.02021935337083, 2.5539693681866353], [-73.02039967179262, 2.5539693681866353], [-73.02039967179262, 2.5540595273975253], [-73.02076030863617, 2.5540595273975253], [-73.02076030863617, 2.554239845819306], [-73.02103078626884, 2.554239845819306], [-73.02103078626884, 2.5543300050301965], [-73.02112094547974, 2.5543300050301965], [-73.02112094547974, 2.5544201642410864], [-73.02130126390152, 2.5544201642410864], [-73.02130126390152, 2.554510323451977], [-73.0213914231124, 2.554510323451977]]]}}, {"id": "190", "type": "Feature", "properties": {"time_step": null}, "geometry": {"type": "Polygon", "coordinates": [[[-72.97414799660591, 2.554510323451977], [-72.97414799660591, 2.5543300050301965], [-72.97432831502769, 2.5543300050301965], [-72.97432831502769, 2.5537890497648545], [-72.97450863344947, 2.5537890497648545], [-72.97450863344947, 2.553428412921294], [-72.97486927029303, 2.553428412921294], [-72.97486927029303, 2.553248094499513], [-72.97504958871481, 2.553248094499513], [-72.97504958871481, 2.5530677760777327], [-72.9752299071366, 2.5530677760777327], [-72.9752299071366, 2.5527071392341716], [-72.97532006634748, 2.5527071392341716], [-72.97532006634748, 2.5525268208123912], [-72.97541022555838, 2.5525268208123912], [-72.97541022555838, 2.55216618396883], [-72.97550038476926, 2.55216618396883], [-72.97550038476926, 2.5520760247579397], [-72.97559054398016, 2.5520760247579397], [-72.97559054398016, 2.5519858655470498], [-72.97577086240193, 2.5519858655470498], [-72.97577086240193, 2.5514449102817083], [-72.97513974792571, 2.5514449102817083], [-72.97513974792571, 2.5515350694925982], [-72.97504958871481, 2.5515350694925982], [-72.97504958871481, 2.5516252287034886], [-72.97486927029303, 2.5516252287034886], [-72.97486927029303, 2.551805547125269], [-72.97468895187126, 2.551805547125269], [-72.97468895187126, 2.5525268208123912], [-72.97450863344947, 2.5525268208123912], [-72.97450863344947, 2.5523465023906104], [-72.97432831502769, 2.5523465023906104], [-72.97432831502769, 2.553248094499513], [-72.97396767818414, 2.553248094499513], [-72.97396767818414, 2.553428412921294], [-72.97378735976235, 2.553428412921294], [-72.97378735976235, 2.553518572132184], [-72.97369720055146, 2.553518572132184], [-72.97369720055146, 2.553608731343074], [-72.97342672291879, 2.553608731343074], [-72.97342672291879, 2.5537890497648545], [-72.973246404497, 2.5537890497648545], [-72.973246404497, 2.554510323451977], [-72.97414799660591, 2.554510323451977]]]}}, {"id": "191", "type": "Feature", "properties": {"time_step": null}, "geometry": {"type": "Polygon", "coordinates": [[[-72.94538720833192, 2.552436661601501], [-72.94538720833192, 2.5520760247579397], [-72.9455675267537, 2.5520760247579397], [-72.9455675267537, 2.5518957063361594], [-72.94574784517548, 2.5518957063361594], [-72.94574784517548, 2.551715387914379], [-72.9455675267537, 2.551715387914379], [-72.9455675267537, 2.5515350694925982], [-72.94538720833192, 2.5515350694925982], [-72.94538720833192, 2.551715387914379], [-72.94520688991014, 2.551715387914379], [-72.94520688991014, 2.551354751070818], [-72.94538720833192, 2.551354751070818], [-72.94538720833192, 2.5512645918599275], [-72.94547736754281, 2.5512645918599275], [-72.94547736754281, 2.5511744326490375], [-72.94538720833192, 2.5511744326490375], [-72.94538720833192, 2.5509941142272567], [-72.94520688991014, 2.5509941142272567], [-72.94520688991014, 2.5508137958054764], [-72.94493641227747, 2.5508137958054764], [-72.94493641227747, 2.550903955016367], [-72.94484625306657, 2.550903955016367], [-72.94484625306657, 2.5508137958054764], [-72.94448561622302, 2.5508137958054764], [-72.94448561622302, 2.550903955016367], [-72.94430529780124, 2.550903955016367], [-72.94430529780124, 2.5509941142272567], [-72.94412497937945, 2.5509941142272567], [-72.94412497937945, 2.5511744326490375], [-72.94358402411412, 2.5511744326490375], [-72.94358402411412, 2.551354751070818], [-72.9437643425359, 2.551354751070818], [-72.9437643425359, 2.5515350694925982], [-72.94394466095768, 2.5515350694925982], [-72.94394466095768, 2.5516252287034886], [-72.94385450174678, 2.5516252287034886], [-72.94385450174678, 2.551715387914379], [-72.94421513859035, 2.551715387914379], [-72.94421513859035, 2.551805547125269], [-72.94430529780124, 2.551805547125269], [-72.94430529780124, 2.5520760247579397], [-72.94448561622302, 2.5520760247579397], [-72.94448561622302, 2.5519858655470498], [-72.9446659346448, 2.5519858655470498], [-72.9446659346448, 2.5518957063361594], [-72.94484625306657, 2.5518957063361594], [-72.94484625306657, 2.5520760247579397], [-72.94502657148836, 2.5520760247579397], [-72.94502657148836, 2.5522563431797205], [-72.94520688991014, 2.5522563431797205], [-72.94520688991014, 2.552436661601501], [-72.94538720833192, 2.552436661601501]]]}}, {"id": "192", "type": "Feature", "properties": {"time_step": null}, "geometry": {"type": "Polygon", "coordinates": [[[-72.99326174931464, 2.551805547125269], [-72.99326174931464, 2.5516252287034886], [-72.99344206773642, 2.5516252287034886], [-72.99344206773642, 2.5512645918599275], [-72.99362238615821, 2.5512645918599275], [-72.99362238615821, 2.550903955016367], [-72.99344206773642, 2.550903955016367], [-72.99344206773642, 2.5505433181728057], [-72.9927207940493, 2.5505433181728057], [-72.9927207940493, 2.550723636594586], [-72.99236015720574, 2.550723636594586], [-72.99236015720574, 2.550903955016367], [-72.99217983878397, 2.550903955016367], [-72.99217983878397, 2.5514449102817083], [-72.99236015720574, 2.5514449102817083], [-72.99236015720574, 2.5516252287034886], [-72.99254047562752, 2.5516252287034886], [-72.99254047562752, 2.551805547125269], [-72.99326174931464, 2.551805547125269]]]}}, {"id": "193", "type": "Feature", "properties": {"time_step": null}, "geometry": {"type": "Polygon", "coordinates": [[[-72.97432831502769, 2.5633459261192217], [-72.97432831502769, 2.5629852892756606], [-72.97450863344947, 2.5629852892756606], [-72.97450863344947, 2.562444334010319], [-72.97459879266036, 2.562444334010319], [-72.97459879266036, 2.562083697166758], [-72.97468895187126, 2.562083697166758], [-72.97468895187126, 2.5617230603231973], [-72.9752299071366, 2.5617230603231973], [-72.9752299071366, 2.5615427419014165], [-72.97559054398016, 2.5615427419014165], [-72.97559054398016, 2.5617230603231973], [-72.97577086240193, 2.5617230603231973], [-72.97577086240193, 2.5619033787449776], [-72.97595118082371, 2.5619033787449776], [-72.97595118082371, 2.562083697166758], [-72.9761314992455, 2.562083697166758], [-72.9761314992455, 2.5619033787449776], [-72.97631181766728, 2.5619033787449776], [-72.97631181766728, 2.5617230603231973], [-72.97667245451083, 2.5617230603231973], [-72.97667245451083, 2.5615427419014165], [-72.97685277293262, 2.5615427419014165], [-72.97685277293262, 2.561362423479636], [-72.9770330913544, 2.561362423479636], [-72.9770330913544, 2.561182105057856], [-72.97721340977618, 2.561182105057856], [-72.97721340977618, 2.561001786636075], [-72.97757404661974, 2.561001786636075], [-72.97757404661974, 2.560641149792514], [-72.97811500188509, 2.560641149792514], [-72.97811500188509, 2.5604608313707335], [-72.97829532030687, 2.5604608313707335], [-72.97829532030687, 2.560280512948953], [-72.97847563872864, 2.560280512948953], [-72.97847563872864, 2.5601001945271724], [-72.97865595715042, 2.5601001945271724], [-72.97865595715042, 2.559919876105392], [-72.9788362755722, 2.559919876105392], [-72.9788362755722, 2.5597395576836117], [-72.97901659399399, 2.5597395576836117], [-72.97901659399399, 2.559559239261831], [-72.97919691241576, 2.559559239261831], [-72.97919691241576, 2.5593789208400506], [-72.97937723083754, 2.5593789208400506], [-72.97937723083754, 2.55919860241827], [-72.97955754925933, 2.55919860241827], [-72.97955754925933, 2.5590182839964895], [-72.98009850452466, 2.5590182839964895], [-72.98009850452466, 2.558837965574709], [-72.98018866373556, 2.558837965574709], [-72.98018866373556, 2.5587478063638187], [-72.98009850452466, 2.5587478063638187], [-72.98009850452466, 2.5586576471529283], [-72.97991818610289, 2.5586576471529283], [-72.97991818610289, 2.5585674879420384], [-72.98009850452466, 2.5585674879420384], [-72.98009850452466, 2.5582970103093676], [-72.98027882294645, 2.5582970103093676], [-72.98027882294645, 2.558116691887587], [-72.98045914136823, 2.558116691887587], [-72.98045914136823, 2.5579363734658065], [-72.98054930057911, 2.5579363734658065], [-72.98054930057911, 2.557846214254916], [-72.98063945979001, 2.557846214254916], [-72.98063945979001, 2.557756055044026], [-72.9808197782118, 2.557756055044026], [-72.9808197782118, 2.5579363734658065], [-72.98118041505535, 2.5579363734658065], [-72.98118041505535, 2.557756055044026], [-72.98145089268802, 2.557756055044026], [-72.98145089268802, 2.5576658958331357], [-72.98154105189892, 2.5576658958331357], [-72.98154105189892, 2.5575757366222454], [-72.9817213703207, 2.5575757366222454], [-72.9817213703207, 2.5573052589895746], [-72.98181152953158, 2.5573052589895746], [-72.98181152953158, 2.557215099778684], [-72.98190168874247, 2.557215099778684], [-72.98190168874247, 2.5568544629351235], [-72.9817213703207, 2.5568544629351235], [-72.9817213703207, 2.556313507669782], [-72.98181152953158, 2.556313507669782], [-72.98181152953158, 2.5561331892480013], [-72.98190168874247, 2.5561331892480013], [-72.98190168874247, 2.555952870826221], [-72.98208200716425, 2.555952870826221], [-72.98208200716425, 2.5555922339826598], [-72.98217216637515, 2.5555922339826598], [-72.98217216637515, 2.5552315971390986], [-72.98226232558603, 2.5552315971390986], [-72.98226232558603, 2.554690641873757], [-72.98235248479692, 2.554690641873757], [-72.98235248479692, 2.554600482662867], [-72.98244264400782, 2.554600482662867], [-72.98244264400782, 2.5541496866084157], [-72.98226232558603, 2.5541496866084157], [-72.98226232558603, 2.5540595273975253], [-72.98244264400782, 2.5540595273975253], [-72.98244264400782, 2.5539693681866353], [-72.98226232558603, 2.5539693681866353], [-72.98226232558603, 2.553518572132184], [-72.98235248479692, 2.553518572132184], [-72.98235248479692, 2.553428412921294], [-72.98244264400782, 2.553428412921294], [-72.98244264400782, 2.553248094499513], [-72.9826229624296, 2.553248094499513], [-72.9826229624296, 2.5530677760777327], [-72.98280328085137, 2.5530677760777327], [-72.98280328085137, 2.5528874576559524], [-72.98298359927315, 2.5528874576559524], [-72.98298359927315, 2.5527071392341716], [-72.98280328085137, 2.5527071392341716], [-72.98280328085137, 2.5525268208123912], [-72.9826229624296, 2.5525268208123912], [-72.9826229624296, 2.5523465023906104], [-72.98244264400782, 2.5523465023906104], [-72.98244264400782, 2.55216618396883], [-72.98226232558603, 2.55216618396883], [-72.98226232558603, 2.551805547125269], [-72.98217216637515, 2.551805547125269], [-72.98217216637515, 2.5516252287034886], [-72.98190168874247, 2.5516252287034886], [-72.98190168874247, 2.5514449102817083], [-72.98100009663357, 2.5514449102817083], [-72.98100009663357, 2.551354751070818], [-72.98090993742268, 2.551354751070818], [-72.98090993742268, 2.5512645918599275], [-72.98063945979001, 2.5512645918599275], [-72.98063945979001, 2.551084273438147], [-72.98045914136823, 2.551084273438147], [-72.98045914136823, 2.5501826813292445], [-72.97991818610289, 2.5501826813292445], [-72.97991818610289, 2.550272840540135], [-72.979828026892, 2.550272840540135], [-72.979828026892, 2.5501826813292445], [-72.97928707162666, 2.5501826813292445], [-72.97928707162666, 2.550272840540135], [-72.97919691241576, 2.550272840540135], [-72.97919691241576, 2.550362999751025], [-72.97901659399399, 2.550362999751025], [-72.97901659399399, 2.550903955016367], [-72.9788362755722, 2.550903955016367], [-72.9788362755722, 2.551354751070818], [-72.97874611636132, 2.551354751070818], [-72.97874611636132, 2.551805547125269], [-72.9788362755722, 2.551805547125269], [-72.9788362755722, 2.5519858655470498], [-72.97901659399399, 2.5519858655470498], [-72.97901659399399, 2.5523465023906104], [-72.97919691241576, 2.5523465023906104], [-72.97919691241576, 2.5525268208123912], [-72.97937723083754, 2.5525268208123912], [-72.97937723083754, 2.5527071392341716], [-72.98027882294645, 2.5527071392341716], [-72.98027882294645, 2.5528874576559524], [-72.98045914136823, 2.5528874576559524], [-72.98045914136823, 2.552797298445062], [-72.98054930057911, 2.552797298445062], [-72.98054930057911, 2.5528874576559524], [-72.98100009663357, 2.5528874576559524], [-72.98100009663357, 2.5530677760777327], [-72.98118041505535, 2.5530677760777327], [-72.98118041505535, 2.553248094499513], [-72.98109025584446, 2.553248094499513], [-72.98109025584446, 2.5533382537104035], [-72.98100009663357, 2.5533382537104035], [-72.98100009663357, 2.553608731343074], [-72.98136073347713, 2.553608731343074], [-72.98136073347713, 2.553428412921294], [-72.98145089268802, 2.553428412921294], [-72.98145089268802, 2.5533382537104035], [-72.98154105189892, 2.5533382537104035], [-72.98154105189892, 2.553248094499513], [-72.98190168874247, 2.553248094499513], [-72.98190168874247, 2.553428412921294], [-72.9817213703207, 2.553428412921294], [-72.9817213703207, 2.553608731343074], [-72.98154105189892, 2.553608731343074], [-72.98154105189892, 2.5539693681866353], [-72.98136073347713, 2.5539693681866353], [-72.98136073347713, 2.554870960295538], [-72.98127057426625, 2.554870960295538], [-72.98127057426625, 2.554961119506428], [-72.98118041505535, 2.554961119506428], [-72.98118041505535, 2.5554119155608794], [-72.98100009663357, 2.5554119155608794], [-72.98100009663357, 2.55577255240444], [-72.98045914136823, 2.55577255240444], [-72.98045914136823, 2.5555922339826598], [-72.98009850452466, 2.5555922339826598], [-72.98009850452466, 2.5555020747717694], [-72.98000834531378, 2.5555020747717694], [-72.98000834531378, 2.5554119155608794], [-72.97955754925933, 2.5554119155608794], [-72.97955754925933, 2.5552315971390986], [-72.97919691241576, 2.5552315971390986], [-72.97919691241576, 2.5551414379282087], [-72.97910675320487, 2.5551414379282087], [-72.97910675320487, 2.5550512787173183], [-72.9788362755722, 2.5550512787173183], [-72.9788362755722, 2.5552315971390986], [-72.97847563872864, 2.5552315971390986], [-72.97847563872864, 2.555321756349989], [-72.97829532030687, 2.555321756349989], [-72.97829532030687, 2.5554119155608794], [-72.97811500188509, 2.5554119155608794], [-72.97811500188509, 2.5555020747717694], [-72.97802484267419, 2.5555020747717694], [-72.97802484267419, 2.5555922339826598], [-72.97775436504152, 2.5555922339826598], [-72.97775436504152, 2.55577255240444], [-72.97757404661974, 2.55577255240444], [-72.97757404661974, 2.555952870826221], [-72.97739372819797, 2.555952870826221], [-72.97739372819797, 2.5561331892480013], [-72.9770330913544, 2.5561331892480013], [-72.9770330913544, 2.556313507669782], [-72.97667245451083, 2.556313507669782], [-72.97667245451083, 2.5564938260915624], [-72.97631181766728, 2.5564938260915624], [-72.97631181766728, 2.556764303724233], [-72.97622165845638, 2.556764303724233], [-72.97622165845638, 2.5568544629351235], [-72.9761314992455, 2.5568544629351235], [-72.9761314992455, 2.5566741445133427], [-72.97559054398016, 2.5566741445133427], [-72.97559054398016, 2.556583985302453], [-72.97550038476926, 2.556583985302453], [-72.97550038476926, 2.5564938260915624], [-72.97541022555838, 2.5564938260915624], [-72.97541022555838, 2.557034781356904], [-72.9752299071366, 2.557034781356904], [-72.9752299071366, 2.557395418200465], [-72.97559054398016, 2.557395418200465], [-72.97559054398016, 2.557215099778684], [-72.97595118082371, 2.557215099778684], [-72.97595118082371, 2.557034781356904], [-72.9761314992455, 2.557034781356904], [-72.9761314992455, 2.557485577411355], [-72.97604134003461, 2.557485577411355], [-72.97604134003461, 2.5575757366222454], [-72.97595118082371, 2.5575757366222454], [-72.97595118082371, 2.5582068510984772], [-72.97586102161283, 2.5582068510984772], [-72.97586102161283, 2.5582970103093676], [-72.97577086240193, 2.5582970103093676], [-72.97577086240193, 2.558477328731148], [-72.97559054398016, 2.558477328731148], [-72.97559054398016, 2.5586576471529283], [-72.97541022555838, 2.5586576471529283], [-72.97541022555838, 2.559559239261831], [-72.97559054398016, 2.559559239261831], [-72.97559054398016, 2.560280512948953], [-72.97504958871481, 2.560280512948953], [-72.97504958871481, 2.5604608313707335], [-72.97450863344947, 2.5604608313707335], [-72.97450863344947, 2.560641149792514], [-72.9742381558168, 2.560641149792514], [-72.9742381558168, 2.5607313090034043], [-72.97414799660591, 2.5607313090034043], [-72.97414799660591, 2.5608214682142947], [-72.97396767818414, 2.5608214682142947], [-72.97396767818414, 2.561182105057856], [-72.97378735976235, 2.561182105057856], [-72.97378735976235, 2.561362423479636], [-72.97360704134057, 2.561362423479636], [-72.97360704134057, 2.5617230603231973], [-72.97369720055146, 2.5617230603231973], [-72.97369720055146, 2.5618132195340872], [-72.97378735976235, 2.5618132195340872], [-72.97378735976235, 2.5628049708538803], [-72.97360704134057, 2.5628049708538803], [-72.97360704134057, 2.5631656076974414], [-72.97378735976235, 2.5631656076974414], [-72.97378735976235, 2.5633459261192217], [-72.97432831502769, 2.5633459261192217]]]}}, {"id": "194", "type": "Feature", "properties": {"time_step": null}, "geometry": {"type": "Polygon", "coordinates": [[[-73.01390820860851, 2.551354751070818], [-73.01390820860851, 2.5511744326490375], [-73.0140885270303, 2.5511744326490375], [-73.0140885270303, 2.5508137958054764], [-73.01372789018673, 2.5508137958054764], [-73.01372789018673, 2.5506334773836956], [-73.01354757176496, 2.5506334773836956], [-73.01354757176496, 2.5504531589619153], [-73.01336725334318, 2.5504531589619153], [-73.01336725334318, 2.550272840540135], [-73.01318693492139, 2.550272840540135], [-73.01318693492139, 2.550092522118354], [-73.01300661649961, 2.550092522118354], [-73.01300661649961, 2.549912203696574], [-73.01264597965606, 2.549912203696574], [-73.01264597965606, 2.5497318852747934], [-73.01246566123427, 2.5497318852747934], [-73.01246566123427, 2.550092522118354], [-73.01264597965606, 2.550092522118354], [-73.01264597965606, 2.550272840540135], [-73.01282629807783, 2.550272840540135], [-73.01282629807783, 2.5508137958054764], [-73.01300661649961, 2.5508137958054764], [-73.01300661649961, 2.5509941142272567], [-73.01318693492139, 2.5509941142272567], [-73.01318693492139, 2.5512645918599275], [-73.01336725334318, 2.5512645918599275], [-73.01336725334318, 2.551354751070818], [-73.01390820860851, 2.551354751070818]]]}}, {"id": "195", "type": "Feature", "properties": {"time_step": null}, "geometry": {"type": "Polygon", "coordinates": [[[-72.9964173216958, 2.553428412921294], [-72.9964173216958, 2.5533382537104035], [-72.9965074809067, 2.5533382537104035], [-72.9965074809067, 2.553248094499513], [-72.99659764011759, 2.553248094499513], [-72.99659764011759, 2.552797298445062], [-72.99668779932847, 2.552797298445062], [-72.99668779932847, 2.5527071392341716], [-72.99695827696115, 2.5527071392341716], [-72.99695827696115, 2.5523465023906104], [-72.99713859538292, 2.5523465023906104], [-72.99713859538292, 2.55216618396883], [-72.99722875459382, 2.55216618396883], [-72.99722875459382, 2.5523465023906104], [-72.9973189138047, 2.5523465023906104], [-72.9973189138047, 2.5516252287034886], [-72.99677795853937, 2.5516252287034886], [-72.99677795853937, 2.5512645918599275], [-72.99695827696115, 2.5512645918599275], [-72.99695827696115, 2.551084273438147], [-72.99713859538292, 2.551084273438147], [-72.99713859538292, 2.5512645918599275], [-72.99767955064827, 2.5512645918599275], [-72.99767955064827, 2.550903955016367], [-72.99758939143737, 2.550903955016367], [-72.99758939143737, 2.550723636594586], [-72.99749923222649, 2.550723636594586], [-72.99749923222649, 2.5505433181728057], [-72.99713859538292, 2.5505433181728057], [-72.99713859538292, 2.550723636594586], [-72.99695827696115, 2.550723636594586], [-72.99695827696115, 2.550903955016367], [-72.99677795853937, 2.550903955016367], [-72.99677795853937, 2.5505433181728057], [-72.99668779932847, 2.5505433181728057], [-72.99668779932847, 2.5504531589619153], [-72.99659764011759, 2.5504531589619153], [-72.99659764011759, 2.5501826813292445], [-72.99623700327402, 2.5501826813292445], [-72.99623700327402, 2.550002362907464], [-72.99605668485225, 2.550002362907464], [-72.99605668485225, 2.5498220444856834], [-72.99596652564135, 2.5498220444856834], [-72.99596652564135, 2.549641726063903], [-72.99578620721957, 2.549641726063903], [-72.99578620721957, 2.5494614076421227], [-72.99542557037601, 2.5494614076421227], [-72.99542557037601, 2.5495515668530127], [-72.99533541116512, 2.5495515668530127], [-72.99533541116512, 2.549641726063903], [-72.99506493353245, 2.549641726063903], [-72.99506493353245, 2.5498220444856834], [-72.99488461511066, 2.5498220444856834], [-72.99488461511066, 2.550362999751025], [-72.99506493353245, 2.550362999751025], [-72.99506493353245, 2.5505433181728057], [-72.99515509274335, 2.5505433181728057], [-72.99515509274335, 2.550723636594586], [-72.99524525195423, 2.550723636594586], [-72.99524525195423, 2.550903955016367], [-72.9955157295869, 2.550903955016367], [-72.9955157295869, 2.551084273438147], [-72.99569604800868, 2.551084273438147], [-72.99569604800868, 2.5514449102817083], [-72.99578620721957, 2.5514449102817083], [-72.99578620721957, 2.5519858655470498], [-72.99587636643047, 2.5519858655470498], [-72.99587636643047, 2.5523465023906104], [-72.99596652564135, 2.5523465023906104], [-72.99596652564135, 2.5525268208123912], [-72.99623700327402, 2.5525268208123912], [-72.99623700327402, 2.5527071392341716], [-72.99605668485225, 2.5527071392341716], [-72.99605668485225, 2.5528874576559524], [-72.99587636643047, 2.5528874576559524], [-72.99587636643047, 2.553248094499513], [-72.99605668485225, 2.553248094499513], [-72.99605668485225, 2.553428412921294], [-72.9964173216958, 2.553428412921294]], [[-72.99668779932847, 2.551805547125269], [-72.99659764011759, 2.551805547125269], [-72.99659764011759, 2.5516252287034886], [-72.99677795853937, 2.5516252287034886], [-72.99677795853937, 2.551715387914379], [-72.99668779932847, 2.551715387914379], [-72.99668779932847, 2.551805547125269]], [[-72.99686811775025, 2.551084273438147], [-72.99677795853937, 2.551084273438147], [-72.99677795853937, 2.5509941142272567], [-72.99686811775025, 2.5509941142272567], [-72.99686811775025, 2.551084273438147]]]}}, {"id": "196", "type": "Feature", "properties": {"time_step": null}, "geometry": {"type": "Polygon", "coordinates": [[[-72.9419611583181, 2.550092522118354], [-72.9419611583181, 2.550002362907464], [-72.94205131752898, 2.550002362907464], [-72.94205131752898, 2.549912203696574], [-72.94214147673988, 2.549912203696574], [-72.94214147673988, 2.5497318852747934], [-72.94232179516165, 2.5497318852747934], [-72.94232179516165, 2.549190930009452], [-72.94214147673988, 2.549190930009452], [-72.94214147673988, 2.549010611587671], [-72.94178083989631, 2.549010611587671], [-72.94178083989631, 2.5491007707985616], [-72.94160052147453, 2.5491007707985616], [-72.94160052147453, 2.549190930009452], [-72.94123988463097, 2.549190930009452], [-72.94123988463097, 2.549912203696574], [-72.94142020305274, 2.549912203696574], [-72.94142020305274, 2.550092522118354], [-72.9419611583181, 2.550092522118354]]]}}, {"id": "197", "type": "Feature", "properties": {"time_step": null}, "geometry": {"type": "Polygon", "coordinates": [[[-72.99308143089287, 2.549641726063903], [-72.99308143089287, 2.5494614076421227], [-72.99344206773642, 2.5494614076421227], [-72.99344206773642, 2.548920452376781], [-72.99335190852554, 2.548920452376781], [-72.99335190852554, 2.548830293165891], [-72.99326174931464, 2.548830293165891], [-72.99326174931464, 2.5487401339550004], [-72.99317159010376, 2.5487401339550004], [-72.99317159010376, 2.54864997474411], [-72.99308143089287, 2.54864997474411], [-72.99308143089287, 2.54855981553322], [-72.99236015720574, 2.54855981553322], [-72.99236015720574, 2.5487401339550004], [-72.99217983878397, 2.5487401339550004], [-72.99217983878397, 2.548920452376781], [-72.99208967957307, 2.548920452376781], [-72.99208967957307, 2.549190930009452], [-72.99217983878397, 2.549190930009452], [-72.99217983878397, 2.549281089220342], [-72.99226999799485, 2.549281089220342], [-72.99226999799485, 2.5493712484312323], [-72.99236015720574, 2.5493712484312323], [-72.99236015720574, 2.549641726063903], [-72.99308143089287, 2.549641726063903]]]}}, {"id": "198", "type": "Feature", "properties": {"time_step": null}, "geometry": {"type": "Polygon", "coordinates": [[[-72.99984337170963, 2.551805547125269], [-72.99984337170963, 2.5514449102817083], [-73.00002369013141, 2.5514449102817083], [-73.00002369013141, 2.550362999751025], [-73.0002040085532, 2.550362999751025], [-73.0002040085532, 2.550002362907464], [-73.00038432697498, 2.550002362907464], [-73.00038432697498, 2.549912203696574], [-73.00047448618587, 2.549912203696574], [-73.00047448618587, 2.5498220444856834], [-73.00056464539675, 2.5498220444856834], [-73.00056464539675, 2.549641726063903], [-73.00074496381853, 2.549641726063903], [-73.00074496381853, 2.548920452376781], [-73.00065480460765, 2.548920452376781], [-73.00065480460765, 2.5487401339550004], [-73.00056464539675, 2.5487401339550004], [-73.00056464539675, 2.5484696563223297], [-73.00047448618587, 2.5484696563223297], [-73.00047448618587, 2.5483794971114393], [-73.00038432697498, 2.5483794971114393], [-73.00038432697498, 2.54855981553322], [-73.00002369013141, 2.54855981553322], [-73.00002369013141, 2.54864997474411], [-72.99993353092053, 2.54864997474411], [-72.99993353092053, 2.5487401339550004], [-72.99948273486608, 2.5487401339550004], [-72.99948273486608, 2.549010611587671], [-72.99939257565518, 2.549010611587671], [-72.99939257565518, 2.5491007707985616], [-72.9993024164443, 2.5491007707985616], [-72.9993024164443, 2.549281089220342], [-72.99912209802251, 2.549281089220342], [-72.99912209802251, 2.5494614076421227], [-72.99894177960073, 2.5494614076421227], [-72.99894177960073, 2.5498220444856834], [-72.99876146117896, 2.5498220444856834], [-72.99876146117896, 2.5501826813292445], [-72.99867130196806, 2.5501826813292445], [-72.99867130196806, 2.550272840540135], [-72.99858114275717, 2.550272840540135], [-72.99858114275717, 2.550723636594586], [-72.99867130196806, 2.550723636594586], [-72.99867130196806, 2.5506334773836956], [-72.99885162038984, 2.5506334773836956], [-72.99885162038984, 2.550723636594586], [-72.99894177960073, 2.550723636594586], [-72.99894177960073, 2.5514449102817083], [-72.9993024164443, 2.5514449102817083], [-72.9993024164443, 2.5516252287034886], [-72.99966305328785, 2.5516252287034886], [-72.99966305328785, 2.551805547125269], [-72.99984337170963, 2.551805547125269]]]}}, {"id": "199", "type": "Feature", "properties": {"time_step": null}, "geometry": {"type": "Polygon", "coordinates": [[[-72.94610848201904, 2.5504531589619153], [-72.94610848201904, 2.550092522118354], [-72.94646911886261, 2.550092522118354], [-72.94646911886261, 2.5497318852747934], [-72.94628880044083, 2.5497318852747934], [-72.94628880044083, 2.549190930009452], [-72.94610848201904, 2.549190930009452], [-72.94610848201904, 2.548830293165891], [-72.94592816359726, 2.548830293165891], [-72.94592816359726, 2.54864997474411], [-72.94574784517548, 2.54864997474411], [-72.94574784517548, 2.5484696563223297], [-72.94520688991014, 2.5484696563223297], [-72.94520688991014, 2.5482893379005493], [-72.9446659346448, 2.5482893379005493], [-72.9446659346448, 2.5493712484312323], [-72.94448561622302, 2.5493712484312323], [-72.94448561622302, 2.549912203696574], [-72.9446659346448, 2.549912203696574], [-72.9446659346448, 2.550002362907464], [-72.94484625306657, 2.550002362907464], [-72.94484625306657, 2.550092522118354], [-72.94574784517548, 2.550092522118354], [-72.94574784517548, 2.550272840540135], [-72.94592816359726, 2.550272840540135], [-72.94592816359726, 2.5504531589619153], [-72.94610848201904, 2.5504531589619153]]]}}, {"id": "200", "type": "Feature", "properties": {"time_step": null}, "geometry": {"type": "Polygon", "coordinates": [[[-72.96468127946244, 2.549281089220342], [-72.96468127946244, 2.5491007707985616], [-72.96459112025154, 2.5491007707985616], [-72.96459112025154, 2.5487401339550004], [-72.96450096104066, 2.5487401339550004], [-72.96450096104066, 2.5482893379005493], [-72.96441080182976, 2.5482893379005493], [-72.96441080182976, 2.5481090194787686], [-72.96432064261887, 2.5481090194787686], [-72.96432064261887, 2.548199178689659], [-72.96414032419709, 2.548199178689659], [-72.96414032419709, 2.5483794971114393], [-72.9640501649862, 2.5483794971114393], [-72.9640501649862, 2.54855981553322], [-72.96396000577532, 2.54855981553322], [-72.96396000577532, 2.5487401339550004], [-72.96414032419709, 2.5487401339550004], [-72.96414032419709, 2.5491007707985616], [-72.96432064261887, 2.5491007707985616], [-72.96432064261887, 2.549281089220342], [-72.96468127946244, 2.549281089220342]]]}}, {"id": "201", "type": "Feature", "properties": {"time_step": null}, "geometry": {"type": "Polygon", "coordinates": [[[-73.00994120332935, 2.5509941142272567], [-73.00994120332935, 2.5508137958054764], [-73.0103018401729, 2.5508137958054764], [-73.0103018401729, 2.550272840540135], [-73.01012152175112, 2.550272840540135], [-73.01012152175112, 2.550092522118354], [-73.00958056648578, 2.550092522118354], [-73.00958056648578, 2.549912203696574], [-73.01012152175112, 2.549912203696574], [-73.01012152175112, 2.5495515668530127], [-73.00994120332935, 2.5495515668530127], [-73.00994120332935, 2.5493712484312323], [-73.00985104411845, 2.5493712484312323], [-73.00985104411845, 2.549281089220342], [-73.00958056648578, 2.549281089220342], [-73.00958056648578, 2.549190930009452], [-73.0094904072749, 2.549190930009452], [-73.0094904072749, 2.549010611587671], [-73.00976088490756, 2.549010611587671], [-73.00976088490756, 2.5491007707985616], [-73.00994120332935, 2.5491007707985616], [-73.00994120332935, 2.548920452376781], [-73.00976088490756, 2.548920452376781], [-73.00976088490756, 2.5487401339550004], [-73.00967072569667, 2.5487401339550004], [-73.00967072569667, 2.54855981553322], [-73.00958056648578, 2.54855981553322], [-73.00958056648578, 2.5483794971114393], [-73.009400248064, 2.5483794971114393], [-73.009400248064, 2.548199178689659], [-73.00885929279866, 2.548199178689659], [-73.00885929279866, 2.5482893379005493], [-73.00867897437688, 2.5482893379005493], [-73.00867897437688, 2.548199178689659], [-73.00831833753332, 2.548199178689659], [-73.00831833753332, 2.5480188602678786], [-73.00777738226797, 2.5480188602678786], [-73.00777738226797, 2.548199178689659], [-73.00759706384619, 2.548199178689659], [-73.00759706384619, 2.5484696563223297], [-73.0075069046353, 2.5484696563223297], [-73.0075069046353, 2.54855981553322], [-73.00759706384619, 2.54855981553322], [-73.00759706384619, 2.5487401339550004], [-73.00768722305709, 2.5487401339550004], [-73.00768722305709, 2.54864997474411], [-73.00777738226797, 2.54864997474411], [-73.00777738226797, 2.54855981553322], [-73.00795770068976, 2.54855981553322], [-73.00795770068976, 2.548920452376781], [-73.00777738226797, 2.548920452376781], [-73.00777738226797, 2.5491007707985616], [-73.00768722305709, 2.5491007707985616], [-73.00768722305709, 2.549190930009452], [-73.00759706384619, 2.549190930009452], [-73.00759706384619, 2.549281089220342], [-73.00813801911154, 2.549281089220342], [-73.00813801911154, 2.5494614076421227], [-73.00795770068976, 2.5494614076421227], [-73.00795770068976, 2.549641726063903], [-73.00786754147887, 2.549641726063903], [-73.00786754147887, 2.5498220444856834], [-73.00723642700264, 2.5498220444856834], [-73.00723642700264, 2.550002362907464], [-73.00705610858085, 2.550002362907464], [-73.00705610858085, 2.550362999751025], [-73.00786754147887, 2.550362999751025], [-73.00786754147887, 2.5504531589619153], [-73.00795770068976, 2.5504531589619153], [-73.00795770068976, 2.5505433181728057], [-73.00813801911154, 2.5505433181728057], [-73.00813801911154, 2.5506334773836956], [-73.00867897437688, 2.5506334773836956], [-73.00867897437688, 2.5508137958054764], [-73.00876913358778, 2.5508137958054764], [-73.00876913358778, 2.550723636594586], [-73.00885929279866, 2.550723636594586], [-73.00885929279866, 2.5508137958054764], [-73.00976088490756, 2.5508137958054764], [-73.00976088490756, 2.5509941142272567], [-73.00994120332935, 2.5509941142272567]], [[-73.00840849674421, 2.550272840540135], [-73.00813801911154, 2.550272840540135], [-73.00813801911154, 2.550002362907464], [-73.00804785990064, 2.550002362907464], [-73.00804785990064, 2.5498220444856834], [-73.00813801911154, 2.5498220444856834], [-73.00813801911154, 2.5497318852747934], [-73.00804785990064, 2.5497318852747934], [-73.00804785990064, 2.549641726063903], [-73.0084986559551, 2.549641726063903], [-73.0084986559551, 2.549281089220342], [-73.00867897437688, 2.549281089220342], [-73.00867897437688, 2.549190930009452], [-73.00876913358778, 2.549190930009452], [-73.00876913358778, 2.5491007707985616], [-73.00903961122044, 2.5491007707985616], [-73.00903961122044, 2.549281089220342], [-73.00885929279866, 2.549281089220342], [-73.00885929279866, 2.5498220444856834], [-73.0084986559551, 2.5498220444856834], [-73.0084986559551, 2.5501826813292445], [-73.00840849674421, 2.5501826813292445], [-73.00840849674421, 2.550272840540135]], [[-73.00903961122044, 2.550092522118354], [-73.00885929279866, 2.550092522118354], [-73.00885929279866, 2.549912203696574], [-73.00903961122044, 2.549912203696574], [-73.00903961122044, 2.550092522118354]]]}}, {"id": "202", "type": "Feature", "properties": {"time_step": null}, "geometry": {"type": "Polygon", "coordinates": [[[-73.0140885270303, 2.548920452376781], [-73.0140885270303, 2.5481090194787686], [-73.01390820860851, 2.5481090194787686], [-73.01390820860851, 2.547928701056988], [-73.01372789018673, 2.547928701056988], [-73.01372789018673, 2.5480188602678786], [-73.01381804939763, 2.5480188602678786], [-73.01381804939763, 2.5481090194787686], [-73.01318693492139, 2.5481090194787686], [-73.01318693492139, 2.5482893379005493], [-73.01300661649961, 2.5482893379005493], [-73.01300661649961, 2.54864997474411], [-73.01354757176496, 2.54864997474411], [-73.01354757176496, 2.5487401339550004], [-73.01372789018673, 2.5487401339550004], [-73.01372789018673, 2.548830293165891], [-73.0139983678194, 2.548830293165891], [-73.0139983678194, 2.548920452376781], [-73.0140885270303, 2.548920452376781]]]}}, {"id": "203", "type": "Feature", "properties": {"time_step": null}, "geometry": {"type": "Polygon", "coordinates": [[[-72.99037665456616, 2.550002362907464], [-72.99037665456616, 2.5498220444856834], [-72.99073729140972, 2.5498220444856834], [-72.99073729140972, 2.549641726063903], [-72.9909176098315, 2.549641726063903], [-72.9909176098315, 2.5494614076421227], [-72.99109792825328, 2.5494614076421227], [-72.99109792825328, 2.549281089220342], [-72.99145856509683, 2.549281089220342], [-72.99145856509683, 2.5491007707985616], [-72.99163888351862, 2.5491007707985616], [-72.99163888351862, 2.548920452376781], [-72.9918192019404, 2.548920452376781], [-72.9918192019404, 2.5487401339550004], [-72.99199952036219, 2.5487401339550004], [-72.99199952036219, 2.54864997474411], [-72.99208967957307, 2.54864997474411], [-72.99208967957307, 2.54855981553322], [-72.99217983878397, 2.54855981553322], [-72.99217983878397, 2.5483794971114393], [-72.99236015720574, 2.5483794971114393], [-72.99236015720574, 2.548199178689659], [-72.99254047562752, 2.548199178689659], [-72.99254047562752, 2.5481090194787686], [-72.99263063483842, 2.5481090194787686], [-72.99263063483842, 2.5480188602678786], [-72.99290111247109, 2.5480188602678786], [-72.99290111247109, 2.547838541846098], [-72.99308143089287, 2.547838541846098], [-72.99308143089287, 2.5476582234243175], [-72.99353222694732, 2.5476582234243175], [-72.99353222694732, 2.547477905002537], [-72.99344206773642, 2.547477905002537], [-72.99344206773642, 2.5472975865807563], [-72.99326174931464, 2.5472975865807563], [-72.99326174931464, 2.547117268158976], [-72.99308143089287, 2.547117268158976], [-72.99308143089287, 2.546936949737195], [-72.9927207940493, 2.546936949737195], [-72.9927207940493, 2.546756631315415], [-72.99254047562752, 2.546756631315415], [-72.99254047562752, 2.5466664721045245], [-72.99245031641664, 2.5466664721045245], [-72.99245031641664, 2.5465763128936345], [-72.99236015720574, 2.5465763128936345], [-72.99236015720574, 2.5463959944718537], [-72.99226999799485, 2.5463959944718537], [-72.99226999799485, 2.546125516839183], [-72.99217983878397, 2.546125516839183], [-72.99217983878397, 2.546035357628293], [-72.99208967957307, 2.546035357628293], [-72.99208967957307, 2.5462156760500734], [-72.99199952036219, 2.5462156760500734], [-72.99199952036219, 2.546756631315415], [-72.99190936115129, 2.546756631315415], [-72.99190936115129, 2.5465763128936345], [-72.9918192019404, 2.5465763128936345], [-72.9918192019404, 2.546936949737195], [-72.99163888351862, 2.546936949737195], [-72.99163888351862, 2.547117268158976], [-72.99145856509683, 2.547117268158976], [-72.99145856509683, 2.547477905002537], [-72.99127824667507, 2.547477905002537], [-72.99127824667507, 2.5476582234243175], [-72.99037665456616, 2.5476582234243175], [-72.99037665456616, 2.547838541846098], [-72.99019633614438, 2.547838541846098], [-72.99019633614438, 2.5480188602678786], [-72.9900160177226, 2.5480188602678786], [-72.9900160177226, 2.5483794971114393], [-72.99019633614438, 2.5483794971114393], [-72.99019633614438, 2.548830293165891], [-72.99010617693348, 2.548830293165891], [-72.99010617693348, 2.548920452376781], [-72.9900160177226, 2.548920452376781], [-72.9900160177226, 2.549010611587671], [-72.98983569930081, 2.549010611587671], [-72.98983569930081, 2.5491007707985616], [-72.98947506245726, 2.5491007707985616], [-72.98947506245726, 2.549281089220342], [-72.98938490324636, 2.549281089220342], [-72.98938490324636, 2.549641726063903], [-72.98947506245726, 2.549641726063903], [-72.98947506245726, 2.550002362907464], [-72.99037665456616, 2.550002362907464]]]}}, {"id": "204", "type": "Feature", "properties": {"time_step": null}, "geometry": {"type": "Polygon", "coordinates": [[[-72.97486927029303, 2.5465763128936345], [-72.97486927029303, 2.5463959944718537], [-72.97504958871481, 2.5463959944718537], [-72.97504958871481, 2.546125516839183], [-72.97495942950393, 2.546125516839183], [-72.97495942950393, 2.546035357628293], [-72.97486927029303, 2.546035357628293], [-72.97486927029303, 2.5459451984174026], [-72.97477911108214, 2.5459451984174026], [-72.97477911108214, 2.5458550392065122], [-72.97414799660591, 2.5458550392065122], [-72.97414799660591, 2.546125516839183], [-72.9742381558168, 2.546125516839183], [-72.9742381558168, 2.5462156760500734], [-72.97432831502769, 2.5462156760500734], [-72.97432831502769, 2.5463959944718537], [-72.97450863344947, 2.5463959944718537], [-72.97450863344947, 2.546486153682744], [-72.97459879266036, 2.546486153682744], [-72.97459879266036, 2.5465763128936345], [-72.97486927029303, 2.5465763128936345]]]}}, {"id": "205", "type": "Feature", "properties": {"time_step": null}, "geometry": {"type": "Polygon", "coordinates": [[[-72.95061644256356, 2.549281089220342], [-72.95061644256356, 2.549190930009452], [-72.95070660177444, 2.549190930009452], [-72.95070660177444, 2.5491007707985616], [-72.95079676098534, 2.5491007707985616], [-72.95079676098534, 2.549010611587671], [-72.95160819388335, 2.549010611587671], [-72.95160819388335, 2.548920452376781], [-72.95151803467246, 2.548920452376781], [-72.95151803467246, 2.548830293165891], [-72.95169835309424, 2.548830293165891], [-72.95169835309424, 2.54864997474411], [-72.95178851230513, 2.54864997474411], [-72.95178851230513, 2.5487401339550004], [-72.95187867151601, 2.5487401339550004], [-72.95187867151601, 2.54864997474411], [-72.9520589899378, 2.54864997474411], [-72.9520589899378, 2.5483794971114393], [-72.95223930835958, 2.5483794971114393], [-72.95223930835958, 2.5484696563223297], [-72.95259994520315, 2.5484696563223297], [-72.95259994520315, 2.548199178689659], [-72.95250978599225, 2.548199178689659], [-72.95250978599225, 2.5482893379005493], [-72.95241962678136, 2.5482893379005493], [-72.95241962678136, 2.5480188602678786], [-72.95278026362492, 2.5480188602678786], [-72.95278026362492, 2.547748382635208], [-72.95269010441403, 2.547748382635208], [-72.95269010441403, 2.5476582234243175], [-72.95259994520315, 2.5476582234243175], [-72.95259994520315, 2.5473877457916467], [-72.95278026362492, 2.5473877457916467], [-72.95278026362492, 2.5472975865807563], [-72.9529605820467, 2.5472975865807563], [-72.9529605820467, 2.5472074273698664], [-72.95314090046848, 2.5472074273698664], [-72.95314090046848, 2.547117268158976], [-72.95323105967937, 2.547117268158976], [-72.95323105967937, 2.5470271089480856], [-72.95332121889027, 2.5470271089480856], [-72.95332121889027, 2.546486153682744], [-72.95314090046848, 2.546486153682744], [-72.95314090046848, 2.5463959944718537], [-72.9529605820467, 2.5463959944718537], [-72.9529605820467, 2.5463058352609638], [-72.95278026362492, 2.5463058352609638], [-72.95278026362492, 2.5462156760500734], [-72.95250978599225, 2.5462156760500734], [-72.95250978599225, 2.546125516839183], [-72.95223930835958, 2.546125516839183], [-72.95223930835958, 2.546035357628293], [-72.9521491491487, 2.546035357628293], [-72.9521491491487, 2.546125516839183], [-72.95196883072691, 2.546125516839183], [-72.95196883072691, 2.546035357628293], [-72.95187867151601, 2.546035357628293], [-72.95187867151601, 2.5459451984174026], [-72.95169835309424, 2.5459451984174026], [-72.95169835309424, 2.5458550392065122], [-72.95160819388335, 2.5458550392065122], [-72.95160819388335, 2.5457648799956223], [-72.95133771625068, 2.5457648799956223], [-72.95133771625068, 2.5459451984174026], [-72.95124755703979, 2.5459451984174026], [-72.95124755703979, 2.546035357628293], [-72.9511573978289, 2.546035357628293], [-72.9511573978289, 2.546125516839183], [-72.95079676098534, 2.546125516839183], [-72.95079676098534, 2.5462156760500734], [-72.95070660177444, 2.5462156760500734], [-72.95070660177444, 2.5463058352609638], [-72.95043612414177, 2.5463058352609638], [-72.95043612414177, 2.546486153682744], [-72.95034596493089, 2.546486153682744], [-72.95034596493089, 2.5466664721045245], [-72.95025580571999, 2.5466664721045245], [-72.95025580571999, 2.546756631315415], [-72.95034596493089, 2.546756631315415], [-72.95034596493089, 2.5468467905263052], [-72.95043612414177, 2.5468467905263052], [-72.95043612414177, 2.546756631315415], [-72.95052628335266, 2.546756631315415], [-72.95052628335266, 2.5466664721045245], [-72.95061644256356, 2.5466664721045245], [-72.95061644256356, 2.5465763128936345], [-72.95079676098534, 2.5465763128936345], [-72.95079676098534, 2.5466664721045245], [-72.95088692019623, 2.5466664721045245], [-72.95088692019623, 2.546756631315415], [-72.95079676098534, 2.546756631315415], [-72.95079676098534, 2.5468467905263052], [-72.95070660177444, 2.5468467905263052], [-72.95070660177444, 2.546936949737195], [-72.95079676098534, 2.546936949737195], [-72.95079676098534, 2.5470271089480856], [-72.95097707940711, 2.5470271089480856], [-72.95097707940711, 2.547117268158976], [-72.95133771625068, 2.547117268158976], [-72.95133771625068, 2.5472074273698664], [-72.95142787546156, 2.5472074273698664], [-72.95142787546156, 2.5472975865807563], [-72.95151803467246, 2.5472975865807563], [-72.95151803467246, 2.5473877457916467], [-72.95169835309424, 2.5473877457916467], [-72.95169835309424, 2.5481090194787686], [-72.95160819388335, 2.5481090194787686], [-72.95160819388335, 2.5482893379005493], [-72.95151803467246, 2.5482893379005493], [-72.95151803467246, 2.5484696563223297], [-72.95097707940711, 2.5484696563223297], [-72.95097707940711, 2.54855981553322], [-72.95079676098534, 2.54855981553322], [-72.95079676098534, 2.54864997474411], [-72.95007548729821, 2.54864997474411], [-72.95007548729821, 2.54855981553322], [-72.94998532808732, 2.54855981553322], [-72.94998532808732, 2.5484696563223297], [-72.94980500966554, 2.5484696563223297], [-72.94980500966554, 2.5483794971114393], [-72.94971485045465, 2.5483794971114393], [-72.94971485045465, 2.5482893379005493], [-72.94962469124376, 2.5482893379005493], [-72.94962469124376, 2.548199178689659], [-72.94953453203287, 2.548199178689659], [-72.94953453203287, 2.5482893379005493], [-72.94917389518932, 2.5482893379005493], [-72.94917389518932, 2.5484696563223297], [-72.9492640544002, 2.5484696563223297], [-72.9492640544002, 2.54855981553322], [-72.94935421361109, 2.54855981553322], [-72.94935421361109, 2.54864997474411], [-72.94953453203287, 2.54864997474411], [-72.94953453203287, 2.548830293165891], [-72.95025580571999, 2.548830293165891], [-72.95025580571999, 2.549190930009452], [-72.95043612414177, 2.549190930009452], [-72.95043612414177, 2.549281089220342], [-72.95061644256356, 2.549281089220342]], [[-72.95223930835958, 2.5468467905263052], [-72.95169835309424, 2.5468467905263052], [-72.95169835309424, 2.546756631315415], [-72.95124755703979, 2.546756631315415], [-72.95124755703979, 2.5466664721045245], [-72.9511573978289, 2.5466664721045245], [-72.9511573978289, 2.546486153682744], [-72.95133771625068, 2.546486153682744], [-72.95133771625068, 2.5463058352609638], [-72.95151803467246, 2.5463058352609638], [-72.95151803467246, 2.546125516839183], [-72.95178851230513, 2.546125516839183], [-72.95178851230513, 2.5462156760500734], [-72.95187867151601, 2.5462156760500734], [-72.95187867151601, 2.5463058352609638], [-72.95241962678136, 2.5463058352609638], [-72.95241962678136, 2.546486153682744], [-72.95259994520315, 2.546486153682744], [-72.95259994520315, 2.5466664721045245], [-72.95250978599225, 2.5466664721045245], [-72.95250978599225, 2.546756631315415], [-72.95223930835958, 2.546756631315415], [-72.95223930835958, 2.5468467905263052]], [[-72.95106723861801, 2.5466664721045245], [-72.95097707940711, 2.5466664721045245], [-72.95097707940711, 2.5465763128936345], [-72.95106723861801, 2.5465763128936345], [-72.95106723861801, 2.5466664721045245]]]}}, {"id": "206", "type": "Feature", "properties": {"time_step": null}, "geometry": {"type": "Polygon", "coordinates": [[[-72.96846796631982, 2.546756631315415], [-72.96846796631982, 2.5466664721045245], [-72.96855812553072, 2.5466664721045245], [-72.96855812553072, 2.5463959944718537], [-72.9687384439525, 2.5463959944718537], [-72.9687384439525, 2.5462156760500734], [-72.96891876237427, 2.5462156760500734], [-72.96891876237427, 2.5454944023629515], [-72.96837780710894, 2.5454944023629515], [-72.96837780710894, 2.545674720784732], [-72.96819748868715, 2.545674720784732], [-72.96819748868715, 2.5458550392065122], [-72.96801717026537, 2.5458550392065122], [-72.96801717026537, 2.5463959944718537], [-72.96810732947627, 2.5463959944718537], [-72.96810732947627, 2.5465763128936345], [-72.96819748868715, 2.5465763128936345], [-72.96819748868715, 2.5466664721045245], [-72.96837780710894, 2.5466664721045245], [-72.96837780710894, 2.546756631315415], [-72.96846796631982, 2.546756631315415]]]}}, {"id": "207", "type": "Feature", "properties": {"time_step": null}, "geometry": {"type": "Polygon", "coordinates": [[[-72.98370487296027, 2.5451337655193904], [-72.98370487296027, 2.5449534470976096], [-72.98388519138206, 2.5449534470976096], [-72.98388519138206, 2.5447731286758293], [-72.98406550980384, 2.5447731286758293], [-72.98406550980384, 2.544412491832268], [-72.98388519138206, 2.544412491832268], [-72.98388519138206, 2.544232173410488], [-72.98370487296027, 2.544232173410488], [-72.98370487296027, 2.5440518549887075], [-72.98316391769494, 2.5440518549887075], [-72.98316391769494, 2.544232173410488], [-72.98298359927315, 2.544232173410488], [-72.98298359927315, 2.544412491832268], [-72.98280328085137, 2.544412491832268], [-72.98280328085137, 2.5447731286758293], [-72.98289344006227, 2.5447731286758293], [-72.98289344006227, 2.5448632878867197], [-72.98298359927315, 2.5448632878867197], [-72.98298359927315, 2.5450436063085], [-72.98307375848405, 2.5450436063085], [-72.98307375848405, 2.5451337655193904], [-72.98370487296027, 2.5451337655193904]]]}}, {"id": "208", "type": "Feature", "properties": {"time_step": null}, "geometry": {"type": "Polygon", "coordinates": [[[-72.99506493353245, 2.544592810254049], [-72.99506493353245, 2.544412491832268], [-72.99524525195423, 2.544412491832268], [-72.99524525195423, 2.544232173410488], [-72.99542557037601, 2.544232173410488], [-72.99542557037601, 2.5436912181451463], [-72.99524525195423, 2.5436912181451463], [-72.99524525195423, 2.5435108997233655], [-72.9947042966889, 2.5435108997233655], [-72.9947042966889, 2.5436912181451463], [-72.99452397826711, 2.5436912181451463], [-72.99452397826711, 2.544412491832268], [-72.99479445589978, 2.544412491832268], [-72.99479445589978, 2.5445026510431585], [-72.99488461511066, 2.5445026510431585], [-72.99488461511066, 2.544592810254049], [-72.99506493353245, 2.544592810254049]]]}}, {"id": "209", "type": "Feature", "properties": {"time_step": null}, "geometry": {"type": "Polygon", "coordinates": [[[-73.00723642700264, 2.5453140839411708], [-73.00723642700264, 2.5451337655193904], [-73.00741674542442, 2.5451337655193904], [-73.00741674542442, 2.5440518549887075], [-73.00759706384619, 2.5440518549887075], [-73.00759706384619, 2.5436912181451463], [-73.00741674542442, 2.5436912181451463], [-73.00741674542442, 2.5435108997233655], [-73.00669547173729, 2.5435108997233655], [-73.00669547173729, 2.5440518549887075], [-73.00687579015907, 2.5440518549887075], [-73.00687579015907, 2.5449534470976096], [-73.00705610858085, 2.5449534470976096], [-73.00705610858085, 2.5453140839411708], [-73.00723642700264, 2.5453140839411708]]]}}, {"id": "210", "type": "Feature", "properties": {"time_step": null}, "geometry": {"type": "Polygon", "coordinates": [[[-73.0103018401729, 2.548199178689659], [-73.0103018401729, 2.547838541846098], [-73.01048215859468, 2.547838541846098], [-73.01048215859468, 2.546936949737195], [-73.01066247701647, 2.546936949737195], [-73.01066247701647, 2.5465763128936345], [-73.01048215859468, 2.5465763128936345], [-73.01048215859468, 2.546035357628293], [-73.01066247701647, 2.546035357628293], [-73.01066247701647, 2.5458550392065122], [-73.01102311386002, 2.5458550392065122], [-73.01102311386002, 2.545674720784732], [-73.0112034322818, 2.545674720784732], [-73.0112034322818, 2.5454944023629515], [-73.01138375070359, 2.5454944023629515], [-73.01138375070359, 2.5453140839411708], [-73.01156406912537, 2.5453140839411708], [-73.01156406912537, 2.5449534470976096], [-73.01174438754715, 2.5449534470976096], [-73.01174438754715, 2.544682969464939], [-73.01183454675804, 2.544682969464939], [-73.01183454675804, 2.544592810254049], [-73.01192470596892, 2.544592810254049], [-73.01192470596892, 2.5447731286758293], [-73.01228534281249, 2.5447731286758293], [-73.01228534281249, 2.5449534470976096], [-73.01291645728872, 2.5449534470976096], [-73.01291645728872, 2.5447731286758293], [-73.01282629807783, 2.5447731286758293], [-73.01282629807783, 2.544412491832268], [-73.01264597965606, 2.544412491832268], [-73.01264597965606, 2.544232173410488], [-73.01255582044516, 2.544232173410488], [-73.01255582044516, 2.544322332621378], [-73.01246566123427, 2.544322332621378], [-73.01246566123427, 2.544412491832268], [-73.01228534281249, 2.544412491832268], [-73.01228534281249, 2.544592810254049], [-73.0121951836016, 2.544592810254049], [-73.0121951836016, 2.544322332621378], [-73.01228534281249, 2.544322332621378], [-73.01228534281249, 2.544232173410488], [-73.0121050243907, 2.544232173410488], [-73.0121050243907, 2.543961695777817], [-73.0121951836016, 2.543961695777817], [-73.0121951836016, 2.5438715365669267], [-73.0121050243907, 2.5438715365669267], [-73.0121050243907, 2.543601058934256], [-73.01201486517982, 2.543601058934256], [-73.01201486517982, 2.5435108997233655], [-73.01102311386002, 2.5435108997233655], [-73.01102311386002, 2.5436912181451463], [-73.01084279543825, 2.5436912181451463], [-73.01084279543825, 2.543961695777817], [-73.01075263622735, 2.543961695777817], [-73.01075263622735, 2.5440518549887075], [-73.01066247701647, 2.5440518549887075], [-73.01066247701647, 2.544232173410488], [-73.01057231780557, 2.544232173410488], [-73.01057231780557, 2.544412491832268], [-73.01048215859468, 2.544412491832268], [-73.01048215859468, 2.544592810254049], [-73.0103018401729, 2.544592810254049], [-73.0103018401729, 2.5447731286758293], [-73.01012152175112, 2.5447731286758293], [-73.01012152175112, 2.5451337655193904], [-73.01003136254023, 2.5451337655193904], [-73.01003136254023, 2.5452239247302804], [-73.00994120332935, 2.5452239247302804], [-73.00994120332935, 2.545674720784732], [-73.00976088490756, 2.545674720784732], [-73.00976088490756, 2.5462156760500734], [-73.00958056648578, 2.5462156760500734], [-73.00958056648578, 2.5468467905263052], [-73.0094904072749, 2.5468467905263052], [-73.0094904072749, 2.5472975865807563], [-73.00958056648578, 2.5472975865807563], [-73.00958056648578, 2.547477905002537], [-73.00967072569667, 2.547477905002537], [-73.00967072569667, 2.547568064213427], [-73.00976088490756, 2.547568064213427], [-73.00976088490756, 2.547748382635208], [-73.00985104411845, 2.547748382635208], [-73.00985104411845, 2.547838541846098], [-73.00994120332935, 2.547838541846098], [-73.00994120332935, 2.5480188602678786], [-73.01012152175112, 2.5480188602678786], [-73.01012152175112, 2.548199178689659], [-73.0103018401729, 2.548199178689659]], [[-73.01057231780557, 2.5468467905263052], [-73.01048215859468, 2.5468467905263052], [-73.01048215859468, 2.546756631315415], [-73.01057231780557, 2.546756631315415], [-73.01057231780557, 2.5468467905263052]], [[-73.0121951836016, 2.544682969464939], [-73.0121050243907, 2.544682969464939], [-73.0121050243907, 2.544592810254049], [-73.0121951836016, 2.544592810254049], [-73.0121951836016, 2.544682969464939]]]}}, {"id": "211", "type": "Feature", "properties": {"time_step": null}, "geometry": {"type": "Polygon", "coordinates": [[[-73.00958056648578, 2.5447731286758293], [-73.00958056648578, 2.544232173410488], [-73.00967072569667, 2.544232173410488], [-73.00967072569667, 2.543961695777817], [-73.00976088490756, 2.543961695777817], [-73.00976088490756, 2.5438715365669267], [-73.00958056648578, 2.5438715365669267], [-73.00958056648578, 2.5437813773560367], [-73.009400248064, 2.5437813773560367], [-73.009400248064, 2.5435108997233655], [-73.00903961122044, 2.5435108997233655], [-73.00903961122044, 2.543961695777817], [-73.00912977043133, 2.543961695777817], [-73.00912977043133, 2.5440518549887075], [-73.00903961122044, 2.5440518549887075], [-73.00903961122044, 2.544232173410488], [-73.00885929279866, 2.544232173410488], [-73.00885929279866, 2.544592810254049], [-73.00903961122044, 2.544592810254049], [-73.00903961122044, 2.5447731286758293], [-73.00958056648578, 2.5447731286758293]]]}}, {"id": "212", "type": "Feature", "properties": {"time_step": null}, "geometry": {"type": "Polygon", "coordinates": [[[-72.98677028613055, 2.547568064213427], [-72.98677028613055, 2.547477905002537], [-72.98695060455233, 2.547477905002537], [-72.98695060455233, 2.5472975865807563], [-72.98704076376322, 2.5472975865807563], [-72.98704076376322, 2.5472074273698664], [-72.9871309229741, 2.5472074273698664], [-72.9871309229741, 2.5466664721045245], [-72.98704076376322, 2.5466664721045245], [-72.98704076376322, 2.5465763128936345], [-72.98695060455233, 2.5465763128936345], [-72.98695060455233, 2.543601058934256], [-72.98686044534143, 2.543601058934256], [-72.98686044534143, 2.5435108997233655], [-72.98677028613055, 2.5435108997233655], [-72.98677028613055, 2.543150262879805], [-72.98658996770877, 2.543150262879805], [-72.98658996770877, 2.543330581301585], [-72.9862293308652, 2.543330581301585], [-72.9862293308652, 2.5435108997233655], [-72.98604901244343, 2.5435108997233655], [-72.98604901244343, 2.5440518549887075], [-72.9862293308652, 2.5440518549887075], [-72.9862293308652, 2.5449534470976096], [-72.9863194900761, 2.5449534470976096], [-72.9863194900761, 2.5450436063085], [-72.9862293308652, 2.5450436063085], [-72.9862293308652, 2.545674720784732], [-72.98604901244343, 2.545674720784732], [-72.98604901244343, 2.546936949737195], [-72.9862293308652, 2.546936949737195], [-72.9862293308652, 2.547117268158976], [-72.98640964928698, 2.547117268158976], [-72.98640964928698, 2.547477905002537], [-72.98668012691965, 2.547477905002537], [-72.98668012691965, 2.547568064213427], [-72.98677028613055, 2.547568064213427]]]}}, {"id": "213", "type": "Feature", "properties": {"time_step": null}, "geometry": {"type": "Polygon", "coordinates": [[[-72.97198417554455, 2.5447731286758293], [-72.97198417554455, 2.544682969464939], [-72.97216449396633, 2.544682969464939], [-72.97216449396633, 2.544592810254049], [-72.97225465317722, 2.544592810254049], [-72.97225465317722, 2.5445026510431585], [-72.9723448123881, 2.5445026510431585], [-72.9723448123881, 2.5438715365669267], [-72.97216449396633, 2.5438715365669267], [-72.97216449396633, 2.5436912181451463], [-72.97198417554455, 2.5436912181451463], [-72.97198417554455, 2.543601058934256], [-72.97180385712277, 2.543601058934256], [-72.97180385712277, 2.5435108997233655], [-72.97216449396633, 2.5435108997233655], [-72.97216449396633, 2.543330581301585], [-72.9723448123881, 2.543330581301585], [-72.9723448123881, 2.543150262879805], [-72.972434971599, 2.543150262879805], [-72.972434971599, 2.542969944458024], [-72.97180385712277, 2.542969944458024], [-72.97180385712277, 2.543150262879805], [-72.97162353870098, 2.543150262879805], [-72.97162353870098, 2.543240422090695], [-72.9715333794901, 2.543240422090695], [-72.9715333794901, 2.5434207405124756], [-72.97162353870098, 2.5434207405124756], [-72.97162353870098, 2.5435108997233655], [-72.97126290185743, 2.5435108997233655], [-72.97126290185743, 2.5436912181451463], [-72.97108258343565, 2.5436912181451463], [-72.97108258343565, 2.544412491832268], [-72.97126290185743, 2.544412491832268], [-72.97126290185743, 2.544592810254049], [-72.97171369791188, 2.544592810254049], [-72.97171369791188, 2.544682969464939], [-72.97180385712277, 2.544682969464939], [-72.97180385712277, 2.5447731286758293], [-72.97198417554455, 2.5447731286758293]]]}}, {"id": "214", "type": "Feature", "properties": {"time_step": null}, "geometry": {"type": "Polygon", "coordinates": [[[-73.01859648757481, 2.5436912181451463], [-73.01859648757481, 2.5435108997233655], [-73.0187768059966, 2.5435108997233655], [-73.0187768059966, 2.5426093076144634], [-73.01841616915303, 2.5426093076144634], [-73.01841616915303, 2.5427896260362437], [-73.01823585073124, 2.5427896260362437], [-73.01823585073124, 2.542969944458024], [-73.01796537309858, 2.542969944458024], [-73.01796537309858, 2.5430601036689144], [-73.01787521388769, 2.5430601036689144], [-73.01787521388769, 2.543330581301585], [-73.01796537309858, 2.543330581301585], [-73.01796537309858, 2.5434207405124756], [-73.01805553230946, 2.5434207405124756], [-73.01805553230946, 2.5435108997233655], [-73.01841616915303, 2.5435108997233655], [-73.01841616915303, 2.5436912181451463], [-73.01859648757481, 2.5436912181451463]]]}}, {"id": "215", "type": "Feature", "properties": {"time_step": null}, "geometry": {"type": "Polygon", "coordinates": [[[-72.98595885323253, 2.5436912181451463], [-72.98595885323253, 2.543601058934256], [-72.98586869402165, 2.543601058934256], [-72.98586869402165, 2.5427896260362437], [-72.98604901244343, 2.5427896260362437], [-72.98604901244343, 2.5426093076144634], [-72.9862293308652, 2.5426093076144634], [-72.9862293308652, 2.5424289891926826], [-72.98613917165432, 2.5424289891926826], [-72.98613917165432, 2.542248670770902], [-72.98586869402165, 2.542248670770902], [-72.98586869402165, 2.542068352349122], [-72.98550805717808, 2.542068352349122], [-72.98550805717808, 2.542519148403573], [-72.9854178979672, 2.542519148403573], [-72.9854178979672, 2.542969944458024], [-72.98550805717808, 2.542969944458024], [-72.98550805717808, 2.5435108997233655], [-72.98568837559986, 2.5435108997233655], [-72.98568837559986, 2.5436912181451463], [-72.98595885323253, 2.5436912181451463]]]}}, {"id": "216", "type": "Feature", "properties": {"time_step": null}, "geometry": {"type": "Polygon", "coordinates": [[[-72.97559054398016, 2.542519148403573], [-72.97559054398016, 2.5424289891926826], [-72.9761314992455, 2.5424289891926826], [-72.9761314992455, 2.542248670770902], [-72.97604134003461, 2.542248670770902], [-72.97604134003461, 2.542068352349122], [-72.97595118082371, 2.542068352349122], [-72.97595118082371, 2.541888033927341], [-72.97577086240193, 2.541888033927341], [-72.97577086240193, 2.5417077155055607], [-72.97559054398016, 2.5417077155055607], [-72.97559054398016, 2.541888033927341], [-72.9752299071366, 2.541888033927341], [-72.9752299071366, 2.5424289891926826], [-72.97541022555838, 2.5424289891926826], [-72.97541022555838, 2.542519148403573], [-72.97559054398016, 2.542519148403573]]]}}, {"id": "217", "type": "Feature", "properties": {"time_step": null}, "geometry": {"type": "Polygon", "coordinates": [[[-73.00561356120662, 2.5427896260362437], [-73.00561356120662, 2.5426093076144634], [-73.00615451647195, 2.5426093076144634], [-73.00615451647195, 2.541888033927341], [-73.00597419805017, 2.541888033927341], [-73.00597419805017, 2.5417077155055607], [-73.00579387962838, 2.5417077155055607], [-73.00579387962838, 2.5416175562946703], [-73.0057037204175, 2.5416175562946703], [-73.0057037204175, 2.54152739708378], [-73.00525292436305, 2.54152739708378], [-73.00525292436305, 2.5417077155055607], [-73.00507260594127, 2.5417077155055607], [-73.00507260594127, 2.5417978747164507], [-73.00498244673038, 2.5417978747164507], [-73.00498244673038, 2.541888033927341], [-73.00489228751948, 2.541888033927341], [-73.00489228751948, 2.542068352349122], [-73.0048021283086, 2.542068352349122], [-73.0048021283086, 2.542158511560012], [-73.00471196909771, 2.542158511560012], [-73.00471196909771, 2.5426994668253533], [-73.00489228751948, 2.5426994668253533], [-73.00489228751948, 2.5427896260362437], [-73.00561356120662, 2.5427896260362437]]]}}, {"id": "218", "type": "Feature", "properties": {"time_step": null}, "geometry": {"type": "Polygon", "coordinates": [[[-72.9547637662645, 2.5424289891926826], [-72.9547637662645, 2.5423388299817926], [-72.95494408468629, 2.5423388299817926], [-72.95494408468629, 2.542158511560012], [-72.95503424389717, 2.542158511560012], [-72.95503424389717, 2.5417978747164507], [-72.95494408468629, 2.5417978747164507], [-72.95494408468629, 2.5416175562946703], [-72.9547637662645, 2.5416175562946703], [-72.9547637662645, 2.54143723787289], [-72.95458344784272, 2.54143723787289], [-72.95458344784272, 2.541076601029329], [-72.95449328863184, 2.541076601029329], [-72.95449328863184, 2.5411667602402193], [-72.95440312942094, 2.5411667602402193], [-72.95440312942094, 2.541256919451109], [-72.95422281099917, 2.541256919451109], [-72.95422281099917, 2.54143723787289], [-72.95440312942094, 2.54143723787289], [-72.95440312942094, 2.5417978747164507], [-72.95431297021005, 2.5417978747164507], [-72.95431297021005, 2.5419781931382315], [-72.95440312942094, 2.5419781931382315], [-72.95440312942094, 2.5423388299817926], [-72.95458344784272, 2.5423388299817926], [-72.95458344784272, 2.5424289891926826], [-72.9547637662645, 2.5424289891926826]]]}}, {"id": "219", "type": "Feature", "properties": {"time_step": null}, "geometry": {"type": "Polygon", "coordinates": [[[-73.01787521388769, 2.5419781931382315], [-73.01787521388769, 2.541888033927341], [-73.01805553230946, 2.541888033927341], [-73.01805553230946, 2.5409864418184385], [-73.01787521388769, 2.5409864418184385], [-73.01787521388769, 2.540806123396658], [-73.01751457704412, 2.540806123396658], [-73.01751457704412, 2.5413470786619996], [-73.01733425862234, 2.5413470786619996], [-73.01733425862234, 2.54152739708378], [-73.01715394020056, 2.54152739708378], [-73.01715394020056, 2.541888033927341], [-73.01778505467679, 2.541888033927341], [-73.01778505467679, 2.5419781931382315], [-73.01787521388769, 2.5419781931382315]]]}}, {"id": "220", "type": "Feature", "properties": {"time_step": null}, "geometry": {"type": "Polygon", "coordinates": [[[-72.98388519138206, 2.5424289891926826], [-72.98388519138206, 2.542248670770902], [-72.98424582822562, 2.542248670770902], [-72.98424582822562, 2.542068352349122], [-72.98460646506918, 2.542068352349122], [-72.98460646506918, 2.541888033927341], [-72.98478678349096, 2.541888033927341], [-72.98478678349096, 2.5417978747164507], [-72.98487694270185, 2.5417978747164507], [-72.98487694270185, 2.5417077155055607], [-72.98496710191274, 2.5417077155055607], [-72.98496710191274, 2.5411667602402193], [-72.98478678349096, 2.5411667602402193], [-72.98478678349096, 2.5409864418184385], [-72.98460646506918, 2.5409864418184385], [-72.98460646506918, 2.540806123396658], [-72.9844261466474, 2.540806123396658], [-72.9844261466474, 2.5406258049748778], [-72.98406550980384, 2.5406258049748778], [-72.98406550980384, 2.540806123396658], [-72.98388519138206, 2.540806123396658], [-72.98388519138206, 2.5408962826075485], [-72.98379503217117, 2.5408962826075485], [-72.98379503217117, 2.5409864418184385], [-72.98370487296027, 2.5409864418184385], [-72.98370487296027, 2.5411667602402193], [-72.9835245545385, 2.5411667602402193], [-72.9835245545385, 2.5413470786619996], [-72.98334423611672, 2.5413470786619996], [-72.98334423611672, 2.54152739708378], [-72.98316391769494, 2.54152739708378], [-72.98316391769494, 2.541888033927341], [-72.98307375848405, 2.541888033927341], [-72.98307375848405, 2.5419781931382315], [-72.98316391769494, 2.5419781931382315], [-72.98316391769494, 2.542248670770902], [-72.9835245545385, 2.542248670770902], [-72.9835245545385, 2.5424289891926826], [-72.98388519138206, 2.5424289891926826]]]}}, {"id": "221", "type": "Feature", "properties": {"time_step": null}, "geometry": {"type": "Polygon", "coordinates": [[[-72.96846796631982, 2.5413470786619996], [-72.96846796631982, 2.5411667602402193], [-72.96882860316339, 2.5411667602402193], [-72.96882860316339, 2.5409864418184385], [-72.96900892158517, 2.5409864418184385], [-72.96900892158517, 2.5406258049748778], [-72.96882860316339, 2.5406258049748778], [-72.96882860316339, 2.540445486553097], [-72.96846796631982, 2.540445486553097], [-72.96846796631982, 2.5405356457639874], [-72.96837780710894, 2.5405356457639874], [-72.96837780710894, 2.5406258049748778], [-72.96828764789805, 2.5406258049748778], [-72.96828764789805, 2.5405356457639874], [-72.96819748868715, 2.5405356457639874], [-72.96819748868715, 2.540355327342207], [-72.96792701105448, 2.540355327342207], [-72.96792701105448, 2.5405356457639874], [-72.9677466926327, 2.5405356457639874], [-72.9677466926327, 2.540806123396658], [-72.96765653342182, 2.540806123396658], [-72.96765653342182, 2.5408962826075485], [-72.96756637421092, 2.5408962826075485], [-72.96756637421092, 2.5409864418184385], [-72.96765653342182, 2.5409864418184385], [-72.96765653342182, 2.541076601029329], [-72.96756637421092, 2.541076601029329], [-72.96756637421092, 2.5411667602402193], [-72.9677466926327, 2.5411667602402193], [-72.9677466926327, 2.5413470786619996], [-72.96846796631982, 2.5413470786619996]]]}}, {"id": "222", "type": "Feature", "properties": {"time_step": null}, "geometry": {"type": "Polygon", "coordinates": [[[-73.01084279543825, 2.5427896260362437], [-73.01084279543825, 2.5426093076144634], [-73.01102311386002, 2.5426093076144634], [-73.01102311386002, 2.5424289891926826], [-73.0112034322818, 2.5424289891926826], [-73.0112034322818, 2.542068352349122], [-73.01138375070359, 2.542068352349122], [-73.01138375070359, 2.5417978747164507], [-73.01147390991447, 2.5417978747164507], [-73.01147390991447, 2.5417077155055607], [-73.01138375070359, 2.5417077155055607], [-73.01138375070359, 2.5416175562946703], [-73.0112034322818, 2.5416175562946703], [-73.0112034322818, 2.54152739708378], [-73.01102311386002, 2.54152739708378], [-73.01102311386002, 2.5402651681313166], [-73.01084279543825, 2.5402651681313166], [-73.01084279543825, 2.540084849709536], [-73.0103018401729, 2.540084849709536], [-73.0103018401729, 2.5402651681313166], [-73.01012152175112, 2.5402651681313166], [-73.01012152175112, 2.540445486553097], [-73.00994120332935, 2.540445486553097], [-73.00994120332935, 2.540806123396658], [-73.01003136254023, 2.540806123396658], [-73.01003136254023, 2.5409864418184385], [-73.00994120332935, 2.5409864418184385], [-73.00994120332935, 2.5411667602402193], [-73.00976088490756, 2.5411667602402193], [-73.00976088490756, 2.542068352349122], [-73.00994120332935, 2.542068352349122], [-73.00994120332935, 2.542248670770902], [-73.01012152175112, 2.542248670770902], [-73.01012152175112, 2.5424289891926826], [-73.0103018401729, 2.5424289891926826], [-73.0103018401729, 2.5426093076144634], [-73.01048215859468, 2.5426093076144634], [-73.01048215859468, 2.5427896260362437], [-73.01084279543825, 2.5427896260362437]]]}}, {"id": "223", "type": "Feature", "properties": {"time_step": null}, "geometry": {"type": "Polygon", "coordinates": [[[-72.99217983878397, 2.542248670770902], [-72.99217983878397, 2.542068352349122], [-72.99236015720574, 2.542068352349122], [-72.99236015720574, 2.5416175562946703], [-72.99226999799485, 2.5416175562946703], [-72.99226999799485, 2.54152739708378], [-72.99236015720574, 2.54152739708378], [-72.99236015720574, 2.5413470786619996], [-72.99254047562752, 2.5413470786619996], [-72.99254047562752, 2.541076601029329], [-72.99263063483842, 2.541076601029329], [-72.99263063483842, 2.5409864418184385], [-72.9927207940493, 2.5409864418184385], [-72.9927207940493, 2.5406258049748778], [-72.99254047562752, 2.5406258049748778], [-72.99254047562752, 2.540445486553097], [-72.99290111247109, 2.540445486553097], [-72.99290111247109, 2.540084849709536], [-72.9927207940493, 2.540084849709536], [-72.9927207940493, 2.5399045312877555], [-72.99254047562752, 2.5399045312877555], [-72.99254047562752, 2.539814372076865], [-72.99226999799485, 2.539814372076865], [-72.99226999799485, 2.539724212865975], [-72.99163888351862, 2.539724212865975], [-72.99163888351862, 2.5399045312877555], [-72.99127824667507, 2.5399045312877555], [-72.99127824667507, 2.540084849709536], [-72.99109792825328, 2.540084849709536], [-72.99109792825328, 2.5402651681313166], [-72.99073729140972, 2.5402651681313166], [-72.99073729140972, 2.540084849709536], [-72.99037665456616, 2.540084849709536], [-72.99037665456616, 2.5402651681313166], [-72.9900160177226, 2.5402651681313166], [-72.9900160177226, 2.540355327342207], [-72.98992585851171, 2.540355327342207], [-72.98992585851171, 2.540445486553097], [-72.98983569930081, 2.540445486553097], [-72.98983569930081, 2.540806123396658], [-72.99037665456616, 2.540806123396658], [-72.99037665456616, 2.5406258049748778], [-72.99055697298793, 2.5406258049748778], [-72.99055697298793, 2.540445486553097], [-72.99109792825328, 2.540445486553097], [-72.99109792825328, 2.5406258049748778], [-72.99127824667507, 2.5406258049748778], [-72.99127824667507, 2.5407159641857677], [-72.99118808746417, 2.5407159641857677], [-72.99118808746417, 2.540806123396658], [-72.99127824667507, 2.540806123396658], [-72.99127824667507, 2.5409864418184385], [-72.99145856509683, 2.5409864418184385], [-72.99145856509683, 2.5411667602402193], [-72.9918192019404, 2.5411667602402193], [-72.9918192019404, 2.54152739708378], [-72.99190936115129, 2.54152739708378], [-72.99190936115129, 2.5417978747164507], [-72.9918192019404, 2.5417978747164507], [-72.9918192019404, 2.542068352349122], [-72.99190936115129, 2.542068352349122], [-72.99190936115129, 2.542248670770902], [-72.99217983878397, 2.542248670770902]], [[-72.99226999799485, 2.540806123396658], [-72.99217983878397, 2.540806123396658], [-72.99217983878397, 2.5406258049748778], [-72.99226999799485, 2.5406258049748778], [-72.99226999799485, 2.540806123396658]]]}}, {"id": "224", "type": "Feature", "properties": {"time_step": null}, "geometry": {"type": "Polygon", "coordinates": [[[-72.96197650313573, 2.5402651681313166], [-72.96197650313573, 2.5401750089204262], [-72.96233713997928, 2.5401750089204262], [-72.96233713997928, 2.539994690498646], [-72.96251745840107, 2.539994690498646], [-72.96251745840107, 2.539814372076865], [-72.96242729919018, 2.539814372076865], [-72.96242729919018, 2.539724212865975], [-72.9622469807684, 2.539724212865975], [-72.9622469807684, 2.539814372076865], [-72.96197650313573, 2.539814372076865], [-72.96197650313573, 2.5396340536550848], [-72.96161586629216, 2.5396340536550848], [-72.96161586629216, 2.539814372076865], [-72.96143554787038, 2.539814372076865], [-72.96143554787038, 2.539994690498646], [-72.96125522944861, 2.539994690498646], [-72.96125522944861, 2.5401750089204262], [-72.96179618471395, 2.5401750089204262], [-72.96179618471395, 2.5402651681313166], [-72.96197650313573, 2.5402651681313166]]]}}, {"id": "225", "type": "Feature", "properties": {"time_step": null}, "geometry": {"type": "Polygon", "coordinates": [[[-73.00561356120662, 2.5406258049748778], [-73.00561356120662, 2.540445486553097], [-73.00579387962838, 2.540445486553097], [-73.00579387962838, 2.5399045312877555], [-73.00561356120662, 2.5399045312877555], [-73.00561356120662, 2.539724212865975], [-73.00543324278483, 2.539724212865975], [-73.00543324278483, 2.5395438944441944], [-73.00471196909771, 2.5395438944441944], [-73.00471196909771, 2.539724212865975], [-73.00453165067593, 2.539724212865975], [-73.00453165067593, 2.5402651681313166], [-73.00462180988681, 2.5402651681313166], [-73.00462180988681, 2.540355327342207], [-73.00471196909771, 2.540355327342207], [-73.00471196909771, 2.540445486553097], [-73.00525292436305, 2.540445486553097], [-73.00525292436305, 2.5406258049748778], [-73.00561356120662, 2.5406258049748778]]]}}, {"id": "226", "type": "Feature", "properties": {"time_step": null}, "geometry": {"type": "Polygon", "coordinates": [[[-72.98406550980384, 2.5406258049748778], [-72.98406550980384, 2.540445486553097], [-72.98424582822562, 2.540445486553097], [-72.98424582822562, 2.5402651681313166], [-72.98433598743651, 2.5402651681313166], [-72.98433598743651, 2.5401750089204262], [-72.98424582822562, 2.5401750089204262], [-72.98424582822562, 2.540084849709536], [-72.9844261466474, 2.540084849709536], [-72.9844261466474, 2.5395438944441944], [-72.9835245545385, 2.5395438944441944], [-72.9835245545385, 2.539724212865975], [-72.98334423611672, 2.539724212865975], [-72.98334423611672, 2.540084849709536], [-72.98316391769494, 2.540084849709536], [-72.98316391769494, 2.5402651681313166], [-72.9835245545385, 2.5402651681313166], [-72.9835245545385, 2.540445486553097], [-72.98370487296027, 2.540445486553097], [-72.98370487296027, 2.5406258049748778], [-72.98379503217117, 2.5406258049748778], [-72.98379503217117, 2.5405356457639874], [-72.98388519138206, 2.5405356457639874], [-72.98388519138206, 2.5406258049748778], [-72.98406550980384, 2.5406258049748778]]]}}, {"id": "227", "type": "Feature", "properties": {"time_step": null}, "geometry": {"type": "Polygon", "coordinates": [[[-73.00119575987299, 2.5402651681313166], [-73.00119575987299, 2.5401750089204262], [-73.00128591908388, 2.5401750089204262], [-73.00128591908388, 2.540084849709536], [-73.00146623750565, 2.540084849709536], [-73.00146623750565, 2.5399045312877555], [-73.00164655592744, 2.5399045312877555], [-73.00164655592744, 2.5391832576006337], [-73.00155639671655, 2.5391832576006337], [-73.00155639671655, 2.539002939178853], [-73.0010154414512, 2.539002939178853], [-73.0010154414512, 2.5391832576006337], [-73.00065480460765, 2.5391832576006337], [-73.00065480460765, 2.5395438944441944], [-73.00056464539675, 2.5395438944441944], [-73.00056464539675, 2.539814372076865], [-73.00047448618587, 2.539814372076865], [-73.00047448618587, 2.540084849709536], [-73.00065480460765, 2.540084849709536], [-73.00065480460765, 2.5402651681313166], [-73.00119575987299, 2.5402651681313166]]]}}, {"id": "228", "type": "Feature", "properties": {"time_step": null}, "geometry": {"type": "Polygon", "coordinates": [[[-73.00272846645812, 2.5399045312877555], [-73.00272846645812, 2.539814372076865], [-73.00281862566901, 2.539814372076865], [-73.00281862566901, 2.539724212865975], [-73.00308910330169, 2.539724212865975], [-73.00308910330169, 2.539002939178853], [-73.0029087848799, 2.539002939178853], [-73.0029087848799, 2.5388226207570725], [-73.00272846645812, 2.5388226207570725], [-73.00272846645812, 2.538642302335292], [-73.00254814803634, 2.538642302335292], [-73.00254814803634, 2.5388226207570725], [-73.00218751119279, 2.5388226207570725], [-73.00218751119279, 2.5396340536550848], [-73.00236782961456, 2.5396340536550848], [-73.00236782961456, 2.539724212865975], [-73.00254814803634, 2.539724212865975], [-73.00254814803634, 2.5399045312877555], [-73.00272846645812, 2.5399045312877555]]]}}, {"id": "229", "type": "Feature", "properties": {"time_step": null}, "geometry": {"type": "Polygon", "coordinates": [[[-72.97775436504152, 2.54152739708378], [-72.97775436504152, 2.5413470786619996], [-72.97757404661974, 2.5413470786619996], [-72.97757404661974, 2.5409864418184385], [-72.97775436504152, 2.5409864418184385], [-72.97775436504152, 2.540806123396658], [-72.9779346834633, 2.540806123396658], [-72.9779346834633, 2.5406258049748778], [-72.97829532030687, 2.5406258049748778], [-72.97829532030687, 2.540445486553097], [-72.97847563872864, 2.540445486553097], [-72.97847563872864, 2.5402651681313166], [-72.97865595715042, 2.5402651681313166], [-72.97865595715042, 2.539724212865975], [-72.97856579793954, 2.539724212865975], [-72.97856579793954, 2.5396340536550848], [-72.97847563872864, 2.5396340536550848], [-72.97847563872864, 2.5395438944441944], [-72.97865595715042, 2.5395438944441944], [-72.97865595715042, 2.539002939178853], [-72.97775436504152, 2.539002939178853], [-72.97775436504152, 2.5390930983897433], [-72.97757404661974, 2.5390930983897433], [-72.97757404661974, 2.5395438944441944], [-72.97739372819797, 2.5395438944441944], [-72.97739372819797, 2.5394537352333044], [-72.97730356898707, 2.5394537352333044], [-72.97730356898707, 2.539363576022414], [-72.97658229529995, 2.539363576022414], [-72.97658229529995, 2.5392734168115236], [-72.97649213608906, 2.5392734168115236], [-72.97649213608906, 2.5391832576006337], [-72.97604134003461, 2.5391832576006337], [-72.97604134003461, 2.5392734168115236], [-72.97595118082371, 2.5392734168115236], [-72.97595118082371, 2.5395438944441944], [-72.97550038476926, 2.5395438944441944], [-72.97550038476926, 2.5396340536550848], [-72.97541022555838, 2.5396340536550848], [-72.97541022555838, 2.5391832576006337], [-72.97532006634748, 2.5391832576006337], [-72.97532006634748, 2.539002939178853], [-72.9752299071366, 2.539002939178853], [-72.9752299071366, 2.538642302335292], [-72.97513974792571, 2.538642302335292], [-72.97513974792571, 2.5388226207570725], [-72.97486927029303, 2.5388226207570725], [-72.97486927029303, 2.539002939178853], [-72.97477911108214, 2.539002939178853], [-72.97477911108214, 2.5391832576006337], [-72.97468895187126, 2.5391832576006337], [-72.97468895187126, 2.539724212865975], [-72.97486927029303, 2.539724212865975], [-72.97486927029303, 2.539814372076865], [-72.97495942950393, 2.539814372076865], [-72.97495942950393, 2.539994690498646], [-72.97513974792571, 2.539994690498646], [-72.97513974792571, 2.540084849709536], [-72.9752299071366, 2.540084849709536], [-72.9752299071366, 2.5399045312877555], [-72.97541022555838, 2.5399045312877555], [-72.97541022555838, 2.540806123396658], [-72.97550038476926, 2.540806123396658], [-72.97550038476926, 2.5407159641857677], [-72.97559054398016, 2.5407159641857677], [-72.97559054398016, 2.540806123396658], [-72.97577086240193, 2.540806123396658], [-72.97577086240193, 2.5407159641857677], [-72.9761314992455, 2.5407159641857677], [-72.9761314992455, 2.5406258049748778], [-72.97631181766728, 2.5406258049748778], [-72.97631181766728, 2.5402651681313166], [-72.97649213608906, 2.5402651681313166], [-72.97649213608906, 2.5401750089204262], [-72.97658229529995, 2.5401750089204262], [-72.97658229529995, 2.5402651681313166], [-72.97667245451083, 2.5402651681313166], [-72.97667245451083, 2.540445486553097], [-72.97685277293262, 2.540445486553097], [-72.97685277293262, 2.5409864418184385], [-72.9770330913544, 2.5409864418184385], [-72.9770330913544, 2.5411667602402193], [-72.97739372819797, 2.5411667602402193], [-72.97739372819797, 2.54152739708378], [-72.97775436504152, 2.54152739708378]], [[-72.97676261372173, 2.5402651681313166], [-72.97667245451083, 2.5402651681313166], [-72.97667245451083, 2.5401750089204262], [-72.97676261372173, 2.5401750089204262], [-72.97676261372173, 2.5402651681313166]], [[-72.97513974792571, 2.5399045312877555], [-72.97504958871481, 2.5399045312877555], [-72.97504958871481, 2.539814372076865], [-72.97495942950393, 2.539814372076865], [-72.97495942950393, 2.539724212865975], [-72.9752299071366, 2.539724212865975], [-72.9752299071366, 2.539814372076865], [-72.97513974792571, 2.539814372076865], [-72.97513974792571, 2.5399045312877555]]]}}, {"id": "230", "type": "Feature", "properties": {"time_step": null}, "geometry": {"type": "Polygon", "coordinates": [[[-72.98226232558603, 2.539724212865975], [-72.98226232558603, 2.5396340536550848], [-72.98235248479692, 2.5396340536550848], [-72.98235248479692, 2.5395438944441944], [-72.9826229624296, 2.5395438944441944], [-72.9826229624296, 2.5394537352333044], [-72.98271312164049, 2.5394537352333044], [-72.98271312164049, 2.539363576022414], [-72.98298359927315, 2.539363576022414], [-72.98298359927315, 2.5392734168115236], [-72.98307375848405, 2.5392734168115236], [-72.98307375848405, 2.539363576022414], [-72.98316391769494, 2.539363576022414], [-72.98316391769494, 2.5391832576006337], [-72.98280328085137, 2.5391832576006337], [-72.98280328085137, 2.539002939178853], [-72.9826229624296, 2.539002939178853], [-72.9826229624296, 2.5388226207570725], [-72.98244264400782, 2.5388226207570725], [-72.98244264400782, 2.538642302335292], [-72.98226232558603, 2.538642302335292], [-72.98226232558603, 2.5388226207570725], [-72.98199184795337, 2.5388226207570725], [-72.98199184795337, 2.538912779967963], [-72.98190168874247, 2.538912779967963], [-72.98190168874247, 2.539002939178853], [-72.9817213703207, 2.539002939178853], [-72.9817213703207, 2.5390930983897433], [-72.9816312111098, 2.5390930983897433], [-72.9816312111098, 2.5391832576006337], [-72.98054930057911, 2.5391832576006337], [-72.98054930057911, 2.5392734168115236], [-72.98063945979001, 2.5392734168115236], [-72.98063945979001, 2.539363576022414], [-72.9808197782118, 2.539363576022414], [-72.9808197782118, 2.5395438944441944], [-72.98100009663357, 2.5395438944441944], [-72.98100009663357, 2.5396340536550848], [-72.98118041505535, 2.5396340536550848], [-72.98118041505535, 2.5395438944441944], [-72.98136073347713, 2.5395438944441944], [-72.98136073347713, 2.5396340536550848], [-72.98154105189892, 2.5396340536550848], [-72.98154105189892, 2.539724212865975], [-72.98226232558603, 2.539724212865975]]]}}, {"id": "231", "type": "Feature", "properties": {"time_step": null}, "geometry": {"type": "Polygon", "coordinates": [[[-72.973246404497, 2.540084849709536], [-72.973246404497, 2.539814372076865], [-72.9733365637079, 2.539814372076865], [-72.9733365637079, 2.539724212865975], [-72.97342672291879, 2.539724212865975], [-72.97342672291879, 2.539363576022414], [-72.973246404497, 2.539363576022414], [-72.973246404497, 2.5388226207570725], [-72.97315624528612, 2.5388226207570725], [-72.97315624528612, 2.538732461546182], [-72.973246404497, 2.538732461546182], [-72.973246404497, 2.538642302335292], [-72.97315624528612, 2.538642302335292], [-72.97315624528612, 2.538552143124402], [-72.973246404497, 2.538552143124402], [-72.973246404497, 2.5384619839135114], [-72.97306608607524, 2.5384619839135114], [-72.97306608607524, 2.538642302335292], [-72.97297592686434, 2.538642302335292], [-72.97297592686434, 2.538732461546182], [-72.97288576765345, 2.538732461546182], [-72.97288576765345, 2.539002939178853], [-72.97270544923167, 2.539002939178853], [-72.97270544923167, 2.5390930983897433], [-72.97288576765345, 2.5390930983897433], [-72.97288576765345, 2.5391832576006337], [-72.97270544923167, 2.5391832576006337], [-72.97270544923167, 2.539724212865975], [-72.97288576765345, 2.539724212865975], [-72.97288576765345, 2.540084849709536], [-72.973246404497, 2.540084849709536]], [[-72.97306608607524, 2.539363576022414], [-72.97288576765345, 2.539363576022414], [-72.97288576765345, 2.5391832576006337], [-72.97306608607524, 2.5391832576006337], [-72.97306608607524, 2.539363576022414]]]}}, {"id": "232", "type": "Feature", "properties": {"time_step": null}, "geometry": {"type": "Polygon", "coordinates": [[[-72.99380270457999, 2.5424289891926826], [-72.99380270457999, 2.542248670770902], [-72.99398302300177, 2.542248670770902], [-72.99398302300177, 2.542068352349122], [-72.99416334142354, 2.542068352349122], [-72.99416334142354, 2.541888033927341], [-72.99434365984533, 2.541888033927341], [-72.99434365984533, 2.5417978747164507], [-72.99443381905621, 2.5417978747164507], [-72.99443381905621, 2.5417077155055607], [-72.9947042966889, 2.5417077155055607], [-72.9947042966889, 2.54152739708378], [-72.99488461511066, 2.54152739708378], [-72.99488461511066, 2.5413470786619996], [-72.99506493353245, 2.5413470786619996], [-72.99506493353245, 2.5411667602402193], [-72.99524525195423, 2.5411667602402193], [-72.99524525195423, 2.5409864418184385], [-72.99542557037601, 2.5409864418184385], [-72.99542557037601, 2.540806123396658], [-72.9956058887978, 2.540806123396658], [-72.9956058887978, 2.5406258049748778], [-72.99578620721957, 2.5406258049748778], [-72.99578620721957, 2.540445486553097], [-72.99596652564135, 2.540445486553097], [-72.99596652564135, 2.539724212865975], [-72.9956058887978, 2.539724212865975], [-72.9956058887978, 2.5395438944441944], [-72.99542557037601, 2.5395438944441944], [-72.99542557037601, 2.5394537352333044], [-72.99533541116512, 2.5394537352333044], [-72.99533541116512, 2.5395438944441944], [-72.99524525195423, 2.5395438944441944], [-72.99524525195423, 2.5392734168115236], [-72.99533541116512, 2.5392734168115236], [-72.99533541116512, 2.5391832576006337], [-72.99542557037601, 2.5391832576006337], [-72.99542557037601, 2.539002939178853], [-72.99569604800868, 2.539002939178853], [-72.99569604800868, 2.5388226207570725], [-72.99578620721957, 2.5388226207570725], [-72.99578620721957, 2.538642302335292], [-72.99596652564135, 2.538642302335292], [-72.99596652564135, 2.5377407102263896], [-72.99578620721957, 2.5377407102263896], [-72.99578620721957, 2.537560391804609], [-72.9956058887978, 2.537560391804609], [-72.9956058887978, 2.537470232593719], [-72.99542557037601, 2.537470232593719], [-72.99542557037601, 2.537560391804609], [-72.99533541116512, 2.537560391804609], [-72.99533541116512, 2.5377407102263896], [-72.99524525195423, 2.5377407102263896], [-72.99524525195423, 2.53792102864817], [-72.99506493353245, 2.53792102864817], [-72.99506493353245, 2.5381013470699503], [-72.99488461511066, 2.5381013470699503], [-72.99488461511066, 2.538281665491731], [-72.9947042966889, 2.538281665491731], [-72.9947042966889, 2.5384619839135114], [-72.99452397826711, 2.5384619839135114], [-72.99452397826711, 2.538642302335292], [-72.99434365984533, 2.538642302335292], [-72.99434365984533, 2.5388226207570725], [-72.99416334142354, 2.5388226207570725], [-72.99416334142354, 2.539002939178853], [-72.99398302300177, 2.539002939178853], [-72.99398302300177, 2.5390930983897433], [-72.99380270457999, 2.5390930983897433], [-72.99380270457999, 2.5391832576006337], [-72.99362238615821, 2.5391832576006337], [-72.99362238615821, 2.539363576022414], [-72.99344206773642, 2.539363576022414], [-72.99344206773642, 2.539814372076865], [-72.99335190852554, 2.539814372076865], [-72.99335190852554, 2.5399045312877555], [-72.99344206773642, 2.5399045312877555], [-72.99344206773642, 2.5402651681313166], [-72.99353222694732, 2.5402651681313166], [-72.99353222694732, 2.540445486553097], [-72.99344206773642, 2.540445486553097], [-72.99344206773642, 2.540806123396658], [-72.99335190852554, 2.540806123396658], [-72.99335190852554, 2.5409864418184385], [-72.99326174931464, 2.5409864418184385], [-72.99326174931464, 2.5413470786619996], [-72.99308143089287, 2.5413470786619996], [-72.99308143089287, 2.54152739708378], [-72.99290111247109, 2.54152739708378], [-72.99290111247109, 2.5417077155055607], [-72.9927207940493, 2.5417077155055607], [-72.9927207940493, 2.541888033927341], [-72.99290111247109, 2.541888033927341], [-72.99290111247109, 2.542068352349122], [-72.99308143089287, 2.542068352349122], [-72.99308143089287, 2.542248670770902], [-72.99326174931464, 2.542248670770902], [-72.99326174931464, 2.5424289891926826], [-72.99380270457999, 2.5424289891926826]]]}}, {"id": "233", "type": "Feature", "properties": {"time_step": null}, "geometry": {"type": "Polygon", "coordinates": [[[-72.9900160177226, 2.5436912181451463], [-72.9900160177226, 2.543330581301585], [-72.99019633614438, 2.543330581301585], [-72.99019633614438, 2.543150262879805], [-72.99037665456616, 2.543150262879805], [-72.99037665456616, 2.5427896260362437], [-72.99055697298793, 2.5427896260362437], [-72.99055697298793, 2.5426093076144634], [-72.99073729140972, 2.5426093076144634], [-72.99073729140972, 2.542248670770902], [-72.99055697298793, 2.542248670770902], [-72.99055697298793, 2.542068352349122], [-72.99019633614438, 2.542068352349122], [-72.99019633614438, 2.541888033927341], [-72.98983569930081, 2.541888033927341], [-72.98983569930081, 2.5417978747164507], [-72.98965538087903, 2.5417978747164507], [-72.98965538087903, 2.5417077155055607], [-72.98929474403548, 2.5417077155055607], [-72.98929474403548, 2.54152739708378], [-72.98911442561369, 2.54152739708378], [-72.98911442561369, 2.5413470786619996], [-72.98875378877014, 2.5413470786619996], [-72.98875378877014, 2.541256919451109], [-72.98866362955924, 2.541256919451109], [-72.98866362955924, 2.5411667602402193], [-72.98839315192657, 2.5411667602402193], [-72.98839315192657, 2.540806123396658], [-72.98857347034836, 2.540806123396658], [-72.98857347034836, 2.5402651681313166], [-72.98839315192657, 2.5402651681313166], [-72.98839315192657, 2.540084849709536], [-72.98866362955924, 2.540084849709536], [-72.98866362955924, 2.5401750089204262], [-72.98875378877014, 2.5401750089204262], [-72.98875378877014, 2.5402651681313166], [-72.98893410719191, 2.5402651681313166], [-72.98893410719191, 2.5401750089204262], [-72.98902426640281, 2.5401750089204262], [-72.98902426640281, 2.540084849709536], [-72.98929474403548, 2.540084849709536], [-72.98929474403548, 2.5399045312877555], [-72.98947506245726, 2.5399045312877555], [-72.98947506245726, 2.5391832576006337], [-72.98929474403548, 2.5391832576006337], [-72.98929474403548, 2.538732461546182], [-72.98920458482458, 2.538732461546182], [-72.98920458482458, 2.5388226207570725], [-72.98839315192657, 2.5388226207570725], [-72.98839315192657, 2.539002939178853], [-72.98821283350479, 2.539002939178853], [-72.98821283350479, 2.5384619839135114], [-72.988032515083, 2.5384619839135114], [-72.988032515083, 2.5381013470699503], [-72.98785219666124, 2.5381013470699503], [-72.98785219666124, 2.5377407102263896], [-72.98767187823945, 2.5377407102263896], [-72.98767187823945, 2.537560391804609], [-72.9871309229741, 2.537560391804609], [-72.9871309229741, 2.5377407102263896], [-72.98658996770877, 2.5377407102263896], [-72.98658996770877, 2.53792102864817], [-72.98604901244343, 2.53792102864817], [-72.98604901244343, 2.5378308694372795], [-72.98586869402165, 2.5378308694372795], [-72.98586869402165, 2.5377407102263896], [-72.98550805717808, 2.5377407102263896], [-72.98550805717808, 2.537560391804609], [-72.9853277387563, 2.537560391804609], [-72.9853277387563, 2.5373800733828284], [-72.98514742033453, 2.5373800733828284], [-72.98514742033453, 2.537199754961048], [-72.9844261466474, 2.537199754961048], [-72.9844261466474, 2.5373800733828284], [-72.98388519138206, 2.5373800733828284], [-72.98388519138206, 2.537560391804609], [-72.98370487296027, 2.537560391804609], [-72.98370487296027, 2.5384619839135114], [-72.9835245545385, 2.5384619839135114], [-72.9835245545385, 2.539002939178853], [-72.98361471374939, 2.539002939178853], [-72.98361471374939, 2.5391832576006337], [-72.98424582822562, 2.5391832576006337], [-72.98424582822562, 2.539363576022414], [-72.98451630585829, 2.539363576022414], [-72.98451630585829, 2.5394537352333044], [-72.98460646506918, 2.5394537352333044], [-72.98460646506918, 2.5395438944441944], [-72.9853277387563, 2.5395438944441944], [-72.9853277387563, 2.539724212865975], [-72.98550805717808, 2.539724212865975], [-72.98550805717808, 2.5399045312877555], [-72.98586869402165, 2.5399045312877555], [-72.98586869402165, 2.540084849709536], [-72.98604901244343, 2.540084849709536], [-72.98604901244343, 2.5402651681313166], [-72.9862293308652, 2.5402651681313166], [-72.9862293308652, 2.540355327342207], [-72.98640964928698, 2.540355327342207], [-72.98640964928698, 2.540445486553097], [-72.98695060455233, 2.540445486553097], [-72.98695060455233, 2.5406258049748778], [-72.98731124139589, 2.5406258049748778], [-72.98731124139589, 2.540806123396658], [-72.98749155981767, 2.540806123396658], [-72.98749155981767, 2.541076601029329], [-72.98740140060679, 2.541076601029329], [-72.98740140060679, 2.5411667602402193], [-72.98731124139589, 2.5411667602402193], [-72.98731124139589, 2.5413470786619996], [-72.9871309229741, 2.5413470786619996], [-72.9871309229741, 2.54152739708378], [-72.98695060455233, 2.54152739708378], [-72.98695060455233, 2.542068352349122], [-72.9871309229741, 2.542068352349122], [-72.9871309229741, 2.542248670770902], [-72.98749155981767, 2.542248670770902], [-72.98749155981767, 2.542068352349122], [-72.98767187823945, 2.542068352349122], [-72.98767187823945, 2.542248670770902], [-72.98785219666124, 2.542248670770902], [-72.98785219666124, 2.5424289891926826], [-72.988032515083, 2.5424289891926826], [-72.988032515083, 2.5426093076144634], [-72.98821283350479, 2.5426093076144634], [-72.98821283350479, 2.5427896260362437], [-72.98857347034836, 2.5427896260362437], [-72.98857347034836, 2.542969944458024], [-72.98875378877014, 2.542969944458024], [-72.98875378877014, 2.543150262879805], [-72.98911442561369, 2.543150262879805], [-72.98911442561369, 2.543330581301585], [-72.98965538087903, 2.543330581301585], [-72.98965538087903, 2.5435108997233655], [-72.98974554008993, 2.5435108997233655], [-72.98974554008993, 2.543601058934256], [-72.98983569930081, 2.543601058934256], [-72.98983569930081, 2.5436912181451463], [-72.9900160177226, 2.5436912181451463]], [[-72.98839315192657, 2.540084849709536], [-72.98821283350479, 2.540084849709536], [-72.98821283350479, 2.539994690498646], [-72.98830299271569, 2.539994690498646], [-72.98830299271569, 2.5399045312877555], [-72.98839315192657, 2.5399045312877555], [-72.98839315192657, 2.540084849709536]], [[-72.98821283350479, 2.5391832576006337], [-72.988032515083, 2.5391832576006337], [-72.988032515083, 2.539002939178853], [-72.98821283350479, 2.539002939178853], [-72.98821283350479, 2.5391832576006337]]]}}, {"id": "234", "type": "Feature", "properties": {"time_step": null}, "geometry": {"type": "Polygon", "coordinates": [[[-73.00029416776408, 2.5381013470699503], [-73.00029416776408, 2.53792102864817], [-73.00047448618587, 2.53792102864817], [-73.00047448618587, 2.537199754961048], [-72.99993353092053, 2.537199754961048], [-72.99993353092053, 2.53792102864817], [-73.00002369013141, 2.53792102864817], [-73.00002369013141, 2.5381013470699503], [-73.00029416776408, 2.5381013470699503]]]}}, {"id": "235", "type": "Feature", "properties": {"time_step": null}, "geometry": {"type": "Polygon", "coordinates": [[[-72.99236015720574, 2.5384619839135114], [-72.99236015720574, 2.5381013470699503], [-72.99226999799485, 2.5381013470699503], [-72.99226999799485, 2.5380111878590603], [-72.99217983878397, 2.5380111878590603], [-72.99217983878397, 2.53792102864817], [-72.99199952036219, 2.53792102864817], [-72.99199952036219, 2.537650551015499], [-72.9918192019404, 2.537650551015499], [-72.9918192019404, 2.537560391804609], [-72.99163888351862, 2.537560391804609], [-72.99163888351862, 2.5373800733828284], [-72.99073729140972, 2.5373800733828284], [-72.99073729140972, 2.537289914171938], [-72.99055697298793, 2.537289914171938], [-72.99055697298793, 2.537199754961048], [-72.99037665456616, 2.537199754961048], [-72.99037665456616, 2.5370194365392673], [-72.99019633614438, 2.5370194365392673], [-72.99019633614438, 2.5373800733828284], [-72.99046681377705, 2.5373800733828284], [-72.99046681377705, 2.537470232593719], [-72.99055697298793, 2.537470232593719], [-72.99055697298793, 2.537560391804609], [-72.99073729140972, 2.537560391804609], [-72.99073729140972, 2.5377407102263896], [-72.99082745062061, 2.5377407102263896], [-72.99082745062061, 2.5378308694372795], [-72.9909176098315, 2.5378308694372795], [-72.9909176098315, 2.53792102864817], [-72.99109792825328, 2.53792102864817], [-72.99109792825328, 2.5380111878590603], [-72.99127824667507, 2.5380111878590603], [-72.99127824667507, 2.5381013470699503], [-72.99145856509683, 2.5381013470699503], [-72.99145856509683, 2.538281665491731], [-72.99163888351862, 2.538281665491731], [-72.99163888351862, 2.5384619839135114], [-72.99236015720574, 2.5384619839135114]]]}}, {"id": "236", "type": "Feature", "properties": {"time_step": null}, "geometry": {"type": "Polygon", "coordinates": [[[-72.99903193881163, 2.536658799695706], [-72.99903193881163, 2.5365686404848162], [-72.9992122572334, 2.5365686404848162], [-72.9992122572334, 2.536478481273926], [-72.99939257565518, 2.536478481273926], [-72.99939257565518, 2.5359375260085844], [-72.9992122572334, 2.5359375260085844], [-72.9992122572334, 2.535757207586804], [-72.99885162038984, 2.535757207586804], [-72.99885162038984, 2.5359375260085844], [-72.99849098354628, 2.5359375260085844], [-72.99849098354628, 2.5363883220630354], [-72.99858114275717, 2.5363883220630354], [-72.99858114275717, 2.536478481273926], [-72.99867130196806, 2.536478481273926], [-72.99867130196806, 2.536658799695706], [-72.99903193881163, 2.536658799695706]]]}}, {"id": "237", "type": "Feature", "properties": {"time_step": null}, "geometry": {"type": "Polygon", "coordinates": [[[-72.9835245545385, 2.5373800733828284], [-72.9835245545385, 2.5371095957501577], [-72.98361471374939, 2.5371095957501577], [-72.98361471374939, 2.537199754961048], [-72.98370487296027, 2.537199754961048], [-72.98370487296027, 2.5370194365392673], [-72.98379503217117, 2.5370194365392673], [-72.98379503217117, 2.536839118117487], [-72.98388519138206, 2.536839118117487], [-72.98388519138206, 2.536658799695706], [-72.98370487296027, 2.536658799695706], [-72.98370487296027, 2.536478481273926], [-72.98334423611672, 2.536478481273926], [-72.98334423611672, 2.5362981628521455], [-72.98280328085137, 2.5362981628521455], [-72.98280328085137, 2.536839118117487], [-72.98298359927315, 2.536839118117487], [-72.98298359927315, 2.5370194365392673], [-72.9826229624296, 2.5370194365392673], [-72.9826229624296, 2.5369292773283774], [-72.9825328032187, 2.5369292773283774], [-72.9825328032187, 2.536839118117487], [-72.9826229624296, 2.536839118117487], [-72.9826229624296, 2.535396570743243], [-72.98244264400782, 2.535396570743243], [-72.98244264400782, 2.5352162523214625], [-72.98208200716425, 2.5352162523214625], [-72.98208200716425, 2.535396570743243], [-72.98190168874247, 2.535396570743243], [-72.98190168874247, 2.535576889165023], [-72.98145089268802, 2.535576889165023], [-72.98145089268802, 2.5354867299541333], [-72.98118041505535, 2.5354867299541333], [-72.98118041505535, 2.535576889165023], [-72.98109025584446, 2.535576889165023], [-72.98109025584446, 2.5359375260085844], [-72.98118041505535, 2.5359375260085844], [-72.98118041505535, 2.5361178444303647], [-72.98127057426625, 2.5361178444303647], [-72.98127057426625, 2.536208003641255], [-72.98136073347713, 2.536208003641255], [-72.98136073347713, 2.5362981628521455], [-72.98199184795337, 2.5362981628521455], [-72.98199184795337, 2.5363883220630354], [-72.98208200716425, 2.5363883220630354], [-72.98208200716425, 2.536478481273926], [-72.98226232558603, 2.536478481273926], [-72.98226232558603, 2.536658799695706], [-72.98244264400782, 2.536658799695706], [-72.98244264400782, 2.537199754961048], [-72.9826229624296, 2.537199754961048], [-72.9826229624296, 2.5373800733828284], [-72.98280328085137, 2.5373800733828284], [-72.98280328085137, 2.537289914171938], [-72.98289344006227, 2.537289914171938], [-72.98289344006227, 2.537199754961048], [-72.98316391769494, 2.537199754961048], [-72.98316391769494, 2.5373800733828284], [-72.9835245545385, 2.5373800733828284]]]}}, {"id": "238", "type": "Feature", "properties": {"time_step": null}, "geometry": {"type": "Polygon", "coordinates": [[[-72.97964770847021, 2.536658799695706], [-72.97964770847021, 2.5365686404848162], [-72.97973786768111, 2.5365686404848162], [-72.97973786768111, 2.536478481273926], [-72.97991818610289, 2.536478481273926], [-72.97991818610289, 2.5362981628521455], [-72.98009850452466, 2.5362981628521455], [-72.98009850452466, 2.5361178444303647], [-72.98027882294645, 2.5361178444303647], [-72.98027882294645, 2.5359375260085844], [-72.98045914136823, 2.5359375260085844], [-72.98045914136823, 2.535576889165023], [-72.98063945979001, 2.535576889165023], [-72.98063945979001, 2.5353064115323525], [-72.98045914136823, 2.5353064115323525], [-72.98045914136823, 2.5352162523214625], [-72.97946739004844, 2.5352162523214625], [-72.97946739004844, 2.5353064115323525], [-72.97937723083754, 2.5353064115323525], [-72.97937723083754, 2.535396570743243], [-72.97901659399399, 2.535396570743243], [-72.97901659399399, 2.535576889165023], [-72.97847563872864, 2.535576889165023], [-72.97847563872864, 2.535757207586804], [-72.97811500188509, 2.535757207586804], [-72.97811500188509, 2.5359375260085844], [-72.97775436504152, 2.5359375260085844], [-72.97775436504152, 2.5361178444303647], [-72.97757404661974, 2.5361178444303647], [-72.97757404661974, 2.536208003641255], [-72.97748388740885, 2.536208003641255], [-72.97748388740885, 2.5362981628521455], [-72.97739372819797, 2.5362981628521455], [-72.97739372819797, 2.536478481273926], [-72.97757404661974, 2.536478481273926], [-72.97757404661974, 2.5365686404848162], [-72.97766420583064, 2.5365686404848162], [-72.97766420583064, 2.536658799695706], [-72.9779346834633, 2.536658799695706], [-72.9779346834633, 2.5365686404848162], [-72.97811500188509, 2.5365686404848162], [-72.97811500188509, 2.536478481273926], [-72.9788362755722, 2.536478481273926], [-72.9788362755722, 2.536658799695706], [-72.97964770847021, 2.536658799695706]]]}}, {"id": "239", "type": "Feature", "properties": {"time_step": null}, "geometry": {"type": "Polygon", "coordinates": [[[-73.01255582044516, 2.5413470786619996], [-73.01255582044516, 2.541256919451109], [-73.01264597965606, 2.541256919451109], [-73.01264597965606, 2.5409864418184385], [-73.01273613886694, 2.5409864418184385], [-73.01273613886694, 2.540806123396658], [-73.01264597965606, 2.540806123396658], [-73.01264597965606, 2.540445486553097], [-73.01273613886694, 2.540445486553097], [-73.01273613886694, 2.5402651681313166], [-73.01282629807783, 2.5402651681313166], [-73.01282629807783, 2.540445486553097], [-73.01291645728872, 2.540445486553097], [-73.01291645728872, 2.5405356457639874], [-73.01300661649961, 2.5405356457639874], [-73.01300661649961, 2.5406258049748778], [-73.01291645728872, 2.5406258049748778], [-73.01291645728872, 2.540806123396658], [-73.01282629807783, 2.540806123396658], [-73.01282629807783, 2.5409864418184385], [-73.01291645728872, 2.5409864418184385], [-73.01291645728872, 2.5411667602402193], [-73.01300661649961, 2.5411667602402193], [-73.01300661649961, 2.541256919451109], [-73.01318693492139, 2.541256919451109], [-73.01318693492139, 2.5411667602402193], [-73.01336725334318, 2.5411667602402193], [-73.01336725334318, 2.5409864418184385], [-73.01354757176496, 2.5409864418184385], [-73.01354757176496, 2.540445486553097], [-73.01372789018673, 2.540445486553097], [-73.01372789018673, 2.5402651681313166], [-73.01390820860851, 2.5402651681313166], [-73.01390820860851, 2.540084849709536], [-73.01435900466296, 2.540084849709536], [-73.01435900466296, 2.539994690498646], [-73.01426884545208, 2.539994690498646], [-73.01426884545208, 2.5395438944441944], [-73.01462948229563, 2.5395438944441944], [-73.01462948229563, 2.5391832576006337], [-73.01480980071742, 2.5391832576006337], [-73.01480980071742, 2.538642302335292], [-73.01444916387385, 2.538642302335292], [-73.01444916387385, 2.538281665491731], [-73.01426884545208, 2.538281665491731], [-73.01426884545208, 2.5381013470699503], [-73.01444916387385, 2.5381013470699503], [-73.01444916387385, 2.53792102864817], [-73.01462948229563, 2.53792102864817], [-73.01462948229563, 2.5370194365392673], [-73.01444916387385, 2.5370194365392673], [-73.01444916387385, 2.536478481273926], [-73.01426884545208, 2.536478481273926], [-73.01426884545208, 2.5363883220630354], [-73.01435900466296, 2.5363883220630354], [-73.01435900466296, 2.5362981628521455], [-73.01426884545208, 2.5362981628521455], [-73.01426884545208, 2.5361178444303647], [-73.0140885270303, 2.5361178444303647], [-73.0140885270303, 2.5359375260085844], [-73.01390820860851, 2.5359375260085844], [-73.01390820860851, 2.5352162523214625], [-73.01336725334318, 2.5352162523214625], [-73.01336725334318, 2.535396570743243], [-73.01318693492139, 2.535396570743243], [-73.01318693492139, 2.5352162523214625], [-73.01300661649961, 2.5352162523214625], [-73.01300661649961, 2.535126093110572], [-73.01264597965606, 2.535126093110572], [-73.01264597965606, 2.5352162523214625], [-73.01246566123427, 2.5352162523214625], [-73.01246566123427, 2.535396570743243], [-73.01228534281249, 2.535396570743243], [-73.01228534281249, 2.5359375260085844], [-73.0121050243907, 2.5359375260085844], [-73.0121050243907, 2.5362981628521455], [-73.01201486517982, 2.5362981628521455], [-73.01201486517982, 2.5367489589065966], [-73.0121050243907, 2.5367489589065966], [-73.0121050243907, 2.536839118117487], [-73.01192470596892, 2.536839118117487], [-73.01192470596892, 2.5369292773283774], [-73.01165422833625, 2.5369292773283774], [-73.01165422833625, 2.536839118117487], [-73.01138375070359, 2.536839118117487], [-73.01138375070359, 2.536658799695706], [-73.0112034322818, 2.536658799695706], [-73.0112034322818, 2.536478481273926], [-73.01066247701647, 2.536478481273926], [-73.01066247701647, 2.536839118117487], [-73.01075263622735, 2.536839118117487], [-73.01075263622735, 2.5369292773283774], [-73.01084279543825, 2.5369292773283774], [-73.01084279543825, 2.5373800733828284], [-73.01102311386002, 2.5373800733828284], [-73.01102311386002, 2.537560391804609], [-73.01084279543825, 2.537560391804609], [-73.01084279543825, 2.5377407102263896], [-73.01066247701647, 2.5377407102263896], [-73.01066247701647, 2.5380111878590603], [-73.01057231780557, 2.5380111878590603], [-73.01057231780557, 2.5381013470699503], [-73.01048215859468, 2.5381013470699503], [-73.01048215859468, 2.538552143124402], [-73.01057231780557, 2.538552143124402], [-73.01057231780557, 2.538642302335292], [-73.01066247701647, 2.538642302335292], [-73.01066247701647, 2.5391832576006337], [-73.01075263622735, 2.5391832576006337], [-73.01075263622735, 2.5392734168115236], [-73.01084279543825, 2.5392734168115236], [-73.01084279543825, 2.539363576022414], [-73.01102311386002, 2.539363576022414], [-73.01102311386002, 2.5388226207570725], [-73.0112034322818, 2.5388226207570725], [-73.0112034322818, 2.539002939178853], [-73.01111327307092, 2.539002939178853], [-73.01111327307092, 2.5390930983897433], [-73.0112034322818, 2.5390930983897433], [-73.0112034322818, 2.540445486553097], [-73.01156406912537, 2.540445486553097], [-73.01156406912537, 2.5405356457639874], [-73.01165422833625, 2.5405356457639874], [-73.01165422833625, 2.540445486553097], [-73.01183454675804, 2.540445486553097], [-73.01183454675804, 2.540355327342207], [-73.01201486517982, 2.540355327342207], [-73.01201486517982, 2.5405356457639874], [-73.0121050243907, 2.5405356457639874], [-73.0121050243907, 2.5406258049748778], [-73.0121951836016, 2.5406258049748778], [-73.0121951836016, 2.5407159641857677], [-73.01228534281249, 2.5407159641857677], [-73.01228534281249, 2.5409864418184385], [-73.0121050243907, 2.5409864418184385], [-73.0121050243907, 2.5411667602402193], [-73.0121951836016, 2.5411667602402193], [-73.0121951836016, 2.5413470786619996], [-73.01255582044516, 2.5413470786619996]], [[-73.01156406912537, 2.5388226207570725], [-73.0112034322818, 2.5388226207570725], [-73.0112034322818, 2.538642302335292], [-73.01165422833625, 2.538642302335292], [-73.01165422833625, 2.538732461546182], [-73.01156406912537, 2.538732461546182], [-73.01156406912537, 2.5388226207570725]]]}}, {"id": "240", "type": "Feature", "properties": {"time_step": null}, "geometry": {"type": "Polygon", "coordinates": [[[-72.9567472689041, 2.5416175562946703], [-72.9567472689041, 2.54152739708378], [-72.95692758732588, 2.54152739708378], [-72.95692758732588, 2.54143723787289], [-72.95710790574765, 2.54143723787289], [-72.95710790574765, 2.541076601029329], [-72.95728822416943, 2.541076601029329], [-72.95728822416943, 2.5406258049748778], [-72.95737838338033, 2.5406258049748778], [-72.95737838338033, 2.5405356457639874], [-72.95746854259122, 2.5405356457639874], [-72.95746854259122, 2.5401750089204262], [-72.957648861013, 2.5401750089204262], [-72.957648861013, 2.539814372076865], [-72.95782917943478, 2.539814372076865], [-72.95782917943478, 2.5392734168115236], [-72.95800949785655, 2.5392734168115236], [-72.95800949785655, 2.5394537352333044], [-72.95818981627833, 2.5394537352333044], [-72.95818981627833, 2.5396340536550848], [-72.95800949785655, 2.5396340536550848], [-72.95800949785655, 2.539994690498646], [-72.95818981627833, 2.539994690498646], [-72.95818981627833, 2.540355327342207], [-72.95827997548923, 2.540355327342207], [-72.95827997548923, 2.540445486553097], [-72.95837013470012, 2.540445486553097], [-72.95837013470012, 2.5405356457639874], [-72.958460293911, 2.5405356457639874], [-72.958460293911, 2.5406258049748778], [-72.9585504531219, 2.5406258049748778], [-72.9585504531219, 2.5407159641857677], [-72.95873077154369, 2.5407159641857677], [-72.95873077154369, 2.5408962826075485], [-72.9594520452308, 2.5408962826075485], [-72.9594520452308, 2.5407159641857677], [-72.95963236365257, 2.5407159641857677], [-72.95963236365257, 2.5405356457639874], [-72.95981268207436, 2.5405356457639874], [-72.95981268207436, 2.5401750089204262], [-72.95999300049614, 2.5401750089204262], [-72.95999300049614, 2.539994690498646], [-72.96053395576148, 2.539994690498646], [-72.96053395576148, 2.539814372076865], [-72.96107491102683, 2.539814372076865], [-72.96107491102683, 2.539724212865975], [-72.96125522944861, 2.539724212865975], [-72.96125522944861, 2.5394537352333044], [-72.96107491102683, 2.5394537352333044], [-72.96107491102683, 2.5392734168115236], [-72.96017331891792, 2.5392734168115236], [-72.96017331891792, 2.5394537352333044], [-72.95999300049614, 2.5394537352333044], [-72.95999300049614, 2.5396340536550848], [-72.95990284128526, 2.5396340536550848], [-72.95990284128526, 2.539724212865975], [-72.95999300049614, 2.539724212865975], [-72.95999300049614, 2.5399045312877555], [-72.95990284128526, 2.5399045312877555], [-72.95990284128526, 2.539994690498646], [-72.95981268207436, 2.539994690498646], [-72.95981268207436, 2.5396340536550848], [-72.95963236365257, 2.5396340536550848], [-72.95963236365257, 2.5394537352333044], [-72.95981268207436, 2.5394537352333044], [-72.95981268207436, 2.5392734168115236], [-72.95999300049614, 2.5392734168115236], [-72.95999300049614, 2.5378308694372795], [-72.95981268207436, 2.5378308694372795], [-72.95981268207436, 2.537650551015499], [-72.95963236365257, 2.537650551015499], [-72.95963236365257, 2.537470232593719], [-72.9594520452308, 2.537470232593719], [-72.9594520452308, 2.537289914171938], [-72.95927172680902, 2.537289914171938], [-72.95927172680902, 2.5371095957501577], [-72.95891108996545, 2.5371095957501577], [-72.95891108996545, 2.5369292773283774], [-72.95864061233279, 2.5369292773283774], [-72.95864061233279, 2.536839118117487], [-72.9585504531219, 2.536839118117487], [-72.9585504531219, 2.5367489589065966], [-72.95837013470012, 2.5367489589065966], [-72.95837013470012, 2.5365686404848162], [-72.95746854259122, 2.5365686404848162], [-72.95746854259122, 2.5363883220630354], [-72.95719806495855, 2.5363883220630354], [-72.95719806495855, 2.536478481273926], [-72.95710790574765, 2.536478481273926], [-72.95710790574765, 2.5365686404848162], [-72.95692758732588, 2.5365686404848162], [-72.95692758732588, 2.5367489589065966], [-72.95620631363875, 2.5367489589065966], [-72.95620631363875, 2.5365686404848162], [-72.95638663206053, 2.5365686404848162], [-72.95638663206053, 2.5362981628521455], [-72.95647679127143, 2.5362981628521455], [-72.95647679127143, 2.536208003641255], [-72.95656695048231, 2.536208003641255], [-72.95656695048231, 2.5360276852194747], [-72.9567472689041, 2.5360276852194747], [-72.9567472689041, 2.535847366797694], [-72.95692758732588, 2.535847366797694], [-72.95692758732588, 2.5345851378452307], [-72.95683742811498, 2.5345851378452307], [-72.95683742811498, 2.53440481942345], [-72.95656695048231, 2.53440481942345], [-72.95656695048231, 2.5346752970561206], [-72.95647679127143, 2.5346752970561206], [-72.95647679127143, 2.534765456267011], [-72.95638663206053, 2.534765456267011], [-72.95638663206053, 2.5349457746887913], [-72.95620631363875, 2.5349457746887913], [-72.95620631363875, 2.535126093110572], [-72.95611615442786, 2.535126093110572], [-72.95611615442786, 2.5353064115323525], [-72.95602599521698, 2.5353064115323525], [-72.95602599521698, 2.5365686404848162], [-72.95584567679519, 2.5365686404848162], [-72.95584567679519, 2.5367489589065966], [-72.95566535837341, 2.5367489589065966], [-72.95566535837341, 2.537289914171938], [-72.9557555175843, 2.537289914171938], [-72.9557555175843, 2.5373800733828284], [-72.95584567679519, 2.5373800733828284], [-72.95584567679519, 2.537650551015499], [-72.95602599521698, 2.537650551015499], [-72.95602599521698, 2.538912779967963], [-72.95620631363875, 2.538912779967963], [-72.95620631363875, 2.5392734168115236], [-72.95602599521698, 2.5392734168115236], [-72.95602599521698, 2.5401750089204262], [-72.95584567679519, 2.5401750089204262], [-72.95584567679519, 2.5405356457639874], [-72.95602599521698, 2.5405356457639874], [-72.95602599521698, 2.541256919451109], [-72.95620631363875, 2.541256919451109], [-72.95620631363875, 2.54143723787289], [-72.95656695048231, 2.54143723787289], [-72.95656695048231, 2.5416175562946703], [-72.9567472689041, 2.5416175562946703]], [[-72.95927172680902, 2.5394537352333044], [-72.95909140838724, 2.5394537352333044], [-72.95909140838724, 2.539363576022414], [-72.95927172680902, 2.539363576022414], [-72.95927172680902, 2.5394537352333044]], [[-72.95746854259122, 2.538371824702621], [-72.95728822416943, 2.538371824702621], [-72.95728822416943, 2.5381915062808407], [-72.95746854259122, 2.5381915062808407], [-72.95746854259122, 2.538371824702621]], [[-72.95728822416943, 2.5381915062808407], [-72.95710790574765, 2.5381915062808407], [-72.95710790574765, 2.5380111878590603], [-72.95692758732588, 2.5380111878590603], [-72.95692758732588, 2.5378308694372795], [-72.9567472689041, 2.5378308694372795], [-72.9567472689041, 2.5377407102263896], [-72.95692758732588, 2.5377407102263896], [-72.95692758732588, 2.537650551015499], [-72.95710790574765, 2.537650551015499], [-72.95710790574765, 2.5378308694372795], [-72.95728822416943, 2.5378308694372795], [-72.95728822416943, 2.5381915062808407]], [[-72.95638663206053, 2.537470232593719], [-72.95620631363875, 2.537470232593719], [-72.95620631363875, 2.537289914171938], [-72.95629647284964, 2.537289914171938], [-72.95629647284964, 2.5373800733828284], [-72.95638663206053, 2.5373800733828284], [-72.95638663206053, 2.537470232593719]], [[-72.95620631363875, 2.5371095957501577], [-72.95602599521698, 2.5371095957501577], [-72.95602599521698, 2.5367489589065966], [-72.95620631363875, 2.5367489589065966], [-72.95620631363875, 2.5371095957501577]]]}}, {"id": "241", "type": "Feature", "properties": {"time_step": null}, "geometry": {"type": "Polygon", "coordinates": [[[-73.02130126390152, 2.535126093110572], [-73.02130126390152, 2.5350359338996817], [-73.0213914231124, 2.5350359338996817], [-73.0213914231124, 2.5337737049472184], [-73.02112094547974, 2.5337737049472184], [-73.02112094547974, 2.5335933865254376], [-73.02076030863617, 2.5335933865254376], [-73.02076030863617, 2.5335032273145477], [-73.02057999021439, 2.5335032273145477], [-73.02057999021439, 2.5335933865254376], [-73.01985871652727, 2.5335933865254376], [-73.01985871652727, 2.5339540233689988], [-73.01994887573817, 2.5339540233689988], [-73.01994887573817, 2.534044182579889], [-73.02003903494905, 2.534044182579889], [-73.02003903494905, 2.534134341790779], [-73.02067014942529, 2.534134341790779], [-73.02067014942529, 2.534044182579889], [-73.02076030863617, 2.534044182579889], [-73.02076030863617, 2.5339540233689988], [-73.02112094547974, 2.5339540233689988], [-73.02112094547974, 2.53431466021256], [-73.02094062705795, 2.53431466021256], [-73.02094062705795, 2.5346752970561206], [-73.02112094547974, 2.5346752970561206], [-73.02112094547974, 2.535126093110572], [-73.02130126390152, 2.535126093110572]], [[-73.02030951258172, 2.534044182579889], [-73.02021935337083, 2.534044182579889], [-73.02021935337083, 2.5339540233689988], [-73.02030951258172, 2.5339540233689988], [-73.02030951258172, 2.534044182579889]]]}}, {"id": "242", "type": "Feature", "properties": {"time_step": null}, "geometry": {"type": "Polygon", "coordinates": [[[-73.01156406912537, 2.5344949786343403], [-73.01156406912537, 2.53431466021256], [-73.01192470596892, 2.53431466021256], [-73.01192470596892, 2.534134341790779], [-73.01174438754715, 2.534134341790779], [-73.01174438754715, 2.5337737049472184], [-73.01156406912537, 2.5337737049472184], [-73.01156406912537, 2.5335933865254376], [-73.01138375070359, 2.5335933865254376], [-73.01138375070359, 2.5332327496818765], [-73.01102311386002, 2.5332327496818765], [-73.01102311386002, 2.533052431260096], [-73.01093295464914, 2.533052431260096], [-73.01093295464914, 2.5331425904709866], [-73.01084279543825, 2.5331425904709866], [-73.01084279543825, 2.5332327496818765], [-73.01066247701647, 2.5332327496818765], [-73.01066247701647, 2.5334130681036573], [-73.01057231780557, 2.5334130681036573], [-73.01057231780557, 2.5335032273145477], [-73.01048215859468, 2.5335032273145477], [-73.01048215859468, 2.5337737049472184], [-73.0103018401729, 2.5337737049472184], [-73.0103018401729, 2.53431466021256], [-73.01048215859468, 2.53431466021256], [-73.01048215859468, 2.5344949786343403], [-73.01084279543825, 2.5344949786343403], [-73.01084279543825, 2.53431466021256], [-73.0112034322818, 2.53431466021256], [-73.0112034322818, 2.5344949786343403], [-73.01156406912537, 2.5344949786343403]]]}}, {"id": "243", "type": "Feature", "properties": {"time_step": null}, "geometry": {"type": "Polygon", "coordinates": [[[-72.99236015720574, 2.5338638641581084], [-72.99236015720574, 2.5337737049472184], [-72.9927207940493, 2.5337737049472184], [-72.9927207940493, 2.5335933865254376], [-72.99290111247109, 2.5335933865254376], [-72.99290111247109, 2.5335032273145477], [-72.99281095326019, 2.5335032273145477], [-72.99281095326019, 2.5334130681036573], [-72.99290111247109, 2.5334130681036573], [-72.99290111247109, 2.533052431260096], [-72.9927207940493, 2.533052431260096], [-72.9927207940493, 2.532872112838316], [-72.99263063483842, 2.532872112838316], [-72.99263063483842, 2.5327819536274254], [-72.99254047562752, 2.5327819536274254], [-72.99254047562752, 2.532691794416535], [-72.99217983878397, 2.532691794416535], [-72.99217983878397, 2.532872112838316], [-72.9918192019404, 2.532872112838316], [-72.9918192019404, 2.5329622720492058], [-72.99172904272952, 2.5329622720492058], [-72.99172904272952, 2.533052431260096], [-72.99154872430773, 2.533052431260096], [-72.99154872430773, 2.5332327496818765], [-72.99163888351862, 2.5332327496818765], [-72.99163888351862, 2.5334130681036573], [-72.9918192019404, 2.5334130681036573], [-72.9918192019404, 2.5335933865254376], [-72.99199952036219, 2.5335933865254376], [-72.99199952036219, 2.5337737049472184], [-72.99217983878397, 2.5337737049472184], [-72.99217983878397, 2.5338638641581084], [-72.99236015720574, 2.5338638641581084]]]}}, {"id": "244", "type": "Feature", "properties": {"time_step": null}, "geometry": {"type": "Polygon", "coordinates": [[[-73.00994120332935, 2.532872112838316], [-73.00994120332935, 2.5327819536274254], [-73.00976088490756, 2.5327819536274254], [-73.00976088490756, 2.532691794416535], [-73.01012152175112, 2.532691794416535], [-73.01012152175112, 2.5321508391511935], [-73.00994120332935, 2.5321508391511935], [-73.00994120332935, 2.531970520729413], [-73.00958056648578, 2.531970520729413], [-73.00958056648578, 2.5321508391511935], [-73.00903961122044, 2.5321508391511935], [-73.00903961122044, 2.5323311575729743], [-73.00921992964221, 2.5323311575729743], [-73.00921992964221, 2.532691794416535], [-73.009400248064, 2.532691794416535], [-73.009400248064, 2.5325114759947547], [-73.00958056648578, 2.5325114759947547], [-73.00958056648578, 2.532872112838316], [-73.00994120332935, 2.532872112838316]]]}}, {"id": "245", "type": "Feature", "properties": {"time_step": null}, "geometry": {"type": "Polygon", "coordinates": [[[-72.99335190852554, 2.5325114759947547], [-72.99335190852554, 2.5324213167838643], [-72.99344206773642, 2.5324213167838643], [-72.99344206773642, 2.5321508391511935], [-72.99362238615821, 2.5321508391511935], [-72.99362238615821, 2.5317000430967425], [-72.99254047562752, 2.5317000430967425], [-72.99254047562752, 2.531970520729413], [-72.9927207940493, 2.531970520729413], [-72.9927207940493, 2.532240998362084], [-72.99281095326019, 2.532240998362084], [-72.99281095326019, 2.5323311575729743], [-72.99290111247109, 2.5323311575729743], [-72.99290111247109, 2.5324213167838643], [-72.99299127168197, 2.5324213167838643], [-72.99299127168197, 2.5325114759947547], [-72.99335190852554, 2.5325114759947547]]]}}, {"id": "246", "type": "Feature", "properties": {"time_step": null}, "geometry": {"type": "Polygon", "coordinates": [[[-73.00543324278483, 2.533052431260096], [-73.00543324278483, 2.532872112838316], [-73.00561356120662, 2.532872112838316], [-73.00561356120662, 2.532691794416535], [-73.00579387962838, 2.532691794416535], [-73.00579387962838, 2.5325114759947547], [-73.00669547173729, 2.5325114759947547], [-73.00669547173729, 2.532872112838316], [-73.00687579015907, 2.532872112838316], [-73.00687579015907, 2.532691794416535], [-73.00705610858085, 2.532691794416535], [-73.00705610858085, 2.5325114759947547], [-73.00723642700264, 2.5325114759947547], [-73.00723642700264, 2.5321508391511935], [-73.00777738226797, 2.5321508391511935], [-73.00777738226797, 2.531970520729413], [-73.00813801911154, 2.531970520729413], [-73.00813801911154, 2.531790202307633], [-73.0084986559551, 2.531790202307633], [-73.0084986559551, 2.5317000430967425], [-73.00335958093436, 2.5317000430967425], [-73.00335958093436, 2.531790202307633], [-73.00353989935614, 2.531790202307633], [-73.00353989935614, 2.531970520729413], [-73.0039005361997, 2.531970520729413], [-73.0039005361997, 2.5321508391511935], [-73.00408085462148, 2.5321508391511935], [-73.00408085462148, 2.5323311575729743], [-73.00444149146503, 2.5323311575729743], [-73.00444149146503, 2.5325114759947547], [-73.00462180988681, 2.5325114759947547], [-73.00462180988681, 2.532691794416535], [-73.00498244673038, 2.532691794416535], [-73.00498244673038, 2.5327819536274254], [-73.00507260594127, 2.5327819536274254], [-73.00507260594127, 2.533052431260096], [-73.00525292436305, 2.533052431260096], [-73.00525292436305, 2.5329622720492058], [-73.00534308357393, 2.5329622720492058], [-73.00534308357393, 2.533052431260096], [-73.00543324278483, 2.533052431260096]], [[-73.00723642700264, 2.5321508391511935], [-73.00705610858085, 2.5321508391511935], [-73.00705610858085, 2.531970520729413], [-73.00723642700264, 2.531970520729413], [-73.00723642700264, 2.5321508391511935]], [[-73.00705610858085, 2.531970520729413], [-73.00687579015907, 2.531970520729413], [-73.00687579015907, 2.531790202307633], [-73.00705610858085, 2.531790202307633], [-73.00705610858085, 2.531970520729413]]]}}, {"id": "247", "type": "Feature", "properties": {"time_step": null}, "geometry": {"type": "Polygon", "coordinates": [[[-72.9853277387563, 2.5346752970561206], [-72.9853277387563, 2.5344949786343403], [-72.98550805717808, 2.5344949786343403], [-72.98550805717808, 2.53431466021256], [-72.98568837559986, 2.53431466021256], [-72.98568837559986, 2.533683545736328], [-72.98559821638898, 2.533683545736328], [-72.98559821638898, 2.5335933865254376], [-72.98550805717808, 2.5335933865254376], [-72.98550805717808, 2.5334130681036573], [-72.98586869402165, 2.5334130681036573], [-72.98586869402165, 2.5332327496818765], [-72.98604901244343, 2.5332327496818765], [-72.98604901244343, 2.532872112838316], [-72.9862293308652, 2.532872112838316], [-72.9862293308652, 2.5327819536274254], [-72.98640964928698, 2.5327819536274254], [-72.98640964928698, 2.532691794416535], [-72.98658996770877, 2.532691794416535], [-72.98658996770877, 2.5325114759947547], [-72.98677028613055, 2.5325114759947547], [-72.98677028613055, 2.5323311575729743], [-72.98695060455233, 2.5323311575729743], [-72.98695060455233, 2.5321508391511935], [-72.9871309229741, 2.5321508391511935], [-72.9871309229741, 2.531970520729413], [-72.98749155981767, 2.531970520729413], [-72.98749155981767, 2.531790202307633], [-72.98767187823945, 2.531790202307633], [-72.98767187823945, 2.5317000430967425], [-72.98406550980384, 2.5317000430967425], [-72.98406550980384, 2.531609883885852], [-72.98397535059296, 2.531609883885852], [-72.98397535059296, 2.531790202307633], [-72.98406550980384, 2.531790202307633], [-72.98406550980384, 2.5321508391511935], [-72.98424582822562, 2.5321508391511935], [-72.98424582822562, 2.532691794416535], [-72.98433598743651, 2.532691794416535], [-72.98433598743651, 2.532872112838316], [-72.9844261466474, 2.532872112838316], [-72.9844261466474, 2.5335933865254376], [-72.98460646506918, 2.5335933865254376], [-72.98460646506918, 2.534134341790779], [-72.98469662428008, 2.534134341790779], [-72.98469662428008, 2.53431466021256], [-72.98478678349096, 2.53431466021256], [-72.98478678349096, 2.5344949786343403], [-72.98487694270185, 2.5344949786343403], [-72.98487694270185, 2.5346752970561206], [-72.9853277387563, 2.5346752970561206]]]}}]}