{"type": "FeatureCollection", "features": [{"id": "0", "type": "Feature", "properties": {"time_step": null}, "geometry": {"type": "Polygon", "coordinates": [[[12.801884544282302, 4.4298384552969665], [12.801884544282302, 4.429748224558789], [12.801794313544125, 4.429748224558789], [12.801794313544125, 4.429657993820612], [12.801704082805946, 4.429657993820612], [12.801704082805946, 4.4292068401297255], [12.801523621329592, 4.4292068401297255], [12.801523621329592, 4.429026378653371], [12.801704082805946, 4.429026378653371], [12.801704082805946, 4.428845917177016], [12.80224546723501, 4.428845917177016], [12.80224546723501, 4.429026378653371], [12.80260639018772, 4.429026378653371], [12.80260639018772, 4.4292068401297255], [12.802786851664074, 4.4292068401297255], [12.802786851664074, 4.429748224558789], [12.802967313140428, 4.429748224558789], [12.802967313140428, 4.4298384552969665], [12.801884544282302, 4.4298384552969665]]]}}, {"id": "1", "type": "Feature", "properties": {"time_step": null}, "geometry": {"type": "Polygon", "coordinates": [[[12.80459146642762, 4.4298384552969665], [12.80459146642762, 4.429748224558789], [12.804411004951264, 4.429748224558789], [12.804411004951264, 4.4292068401297255], [12.80459146642762, 4.4292068401297255], [12.80459146642762, 4.428845917177016], [12.804501235689443, 4.428845917177016], [12.804501235689443, 4.428755686438839], [12.804411004951264, 4.428755686438839], [12.804411004951264, 4.428484994224307], [12.804771927903975, 4.428484994224307], [12.804771927903975, 4.42839476348613], [12.804952389380329, 4.42839476348613], [12.804952389380329, 4.428304532747953], [12.80522308159486, 4.428304532747953], [12.80522308159486, 4.42839476348613], [12.805313312333038, 4.42839476348613], [12.805313312333038, 4.428484994224307], [12.805403543071215, 4.428484994224307], [12.805403543071215, 4.42839476348613], [12.805493773809392, 4.42839476348613], [12.805493773809392, 4.428484994224307], [12.805674235285746, 4.428484994224307], [12.805674235285746, 4.428575224962485], [12.805854696762102, 4.428575224962485], [12.805854696762102, 4.428665455700662], [12.806035158238457, 4.428665455700662], [12.806035158238457, 4.429026378653371], [12.805854696762102, 4.429026378653371], [12.805854696762102, 4.4292068401297255], [12.804952389380329, 4.4292068401297255], [12.804952389380329, 4.429567763082434], [12.804771927903975, 4.429567763082434], [12.804771927903975, 4.4298384552969665], [12.80459146642762, 4.4298384552969665]]]}}, {"id": "2", "type": "Feature", "properties": {"time_step": null}, "geometry": {"type": "Polygon", "coordinates": [[[12.798094853278856, 4.429026378653371], [12.798094853278856, 4.428845917177016], [12.797824161064325, 4.428845917177016], [12.797824161064325, 4.428755686438839], [12.797733930326148, 4.428755686438839], [12.797733930326148, 4.428665455700662], [12.797643699587969, 4.428665455700662], [12.797643699587969, 4.428575224962485], [12.797553468849792, 4.428575224962485], [12.797553468849792, 4.428304532747953], [12.797733930326148, 4.428304532747953], [12.797733930326148, 4.427943609795244], [12.797914391802502, 4.427943609795244], [12.797914391802502, 4.427853379057066], [12.798094853278856, 4.427853379057066], [12.798094853278856, 4.427943609795244], [12.798185084017033, 4.427943609795244], [12.798185084017033, 4.427853379057066], [12.79827531475521, 4.427853379057066], [12.79827531475521, 4.427763148318889], [12.79863623770792, 4.427763148318889], [12.79863623770792, 4.427943609795244], [12.798816699184274, 4.427943609795244], [12.798816699184274, 4.428665455700662], [12.79863623770792, 4.428665455700662], [12.79863623770792, 4.429026378653371], [12.798094853278856, 4.429026378653371]]]}}, {"id": "3", "type": "Feature", "properties": {"time_step": null}, "geometry": {"type": "Polygon", "coordinates": [[[12.802065005758656, 4.428124071271598], [12.802065005758656, 4.427943609795244], [12.801884544282302, 4.427943609795244], [12.801884544282302, 4.427582686842535], [12.80197477502048, 4.427582686842535], [12.80197477502048, 4.42740222536618], [12.802065005758656, 4.42740222536618], [12.802065005758656, 4.427131533151648], [12.802155236496834, 4.427131533151648], [12.802155236496834, 4.4272217638898255], [12.80224546723501, 4.4272217638898255], [12.80224546723501, 4.427041302413471], [12.802335697973188, 4.427041302413471], [12.802335697973188, 4.427131533151648], [12.80260639018772, 4.427131533151648], [12.80260639018772, 4.4272217638898255], [12.802786851664074, 4.4272217638898255], [12.802786851664074, 4.427672917580712], [12.80287708240225, 4.427672917580712], [12.80287708240225, 4.427763148318889], [12.802786851664074, 4.427763148318889], [12.802786851664074, 4.428124071271598], [12.802065005758656, 4.428124071271598]]]}}, {"id": "4", "type": "Feature", "properties": {"time_step": null}, "geometry": {"type": "Polygon", "coordinates": [[[12.799177622136984, 4.427582686842535], [12.799177622136984, 4.42740222536618], [12.798816699184274, 4.42740222536618], [12.798816699184274, 4.4272217638898255], [12.798726468446096, 4.4272217638898255], [12.798726468446096, 4.427131533151648], [12.79863623770792, 4.427131533151648], [12.79863623770792, 4.426860840937116], [12.798726468446096, 4.426860840937116], [12.798726468446096, 4.427041302413471], [12.798816699184274, 4.427041302413471], [12.798816699184274, 4.426770610198939], [12.798997160660628, 4.426770610198939], [12.798997160660628, 4.426680379460762], [12.799177622136984, 4.426680379460762], [12.799177622136984, 4.426860840937116], [12.799538545089693, 4.426860840937116], [12.799538545089693, 4.427041302413471], [12.799719006566047, 4.427041302413471], [12.799719006566047, 4.42740222536618], [12.799538545089693, 4.42740222536618], [12.799538545089693, 4.427582686842535], [12.799177622136984, 4.427582686842535]]]}}, {"id": "5", "type": "Feature", "properties": {"time_step": null}, "geometry": {"type": "Polygon", "coordinates": [[[12.797643699587969, 4.4272217638898255], [12.797643699587969, 4.427131533151648], [12.797553468849792, 4.427131533151648], [12.797553468849792, 4.426860840937116], [12.797373007373437, 4.426860840937116], [12.797373007373437, 4.426319456508053], [12.797643699587969, 4.426319456508053], [12.797643699587969, 4.426229225769876], [12.797824161064325, 4.426229225769876], [12.797824161064325, 4.426319456508053], [12.798185084017033, 4.426319456508053], [12.798185084017033, 4.42640968724623], [12.79827531475521, 4.42640968724623], [12.79827531475521, 4.426499917984407], [12.798365545493388, 4.426499917984407], [12.798365545493388, 4.426680379460762], [12.798455776231565, 4.426680379460762], [12.798455776231565, 4.427041302413471], [12.79827531475521, 4.427041302413471], [12.79827531475521, 4.427131533151648], [12.798094853278856, 4.427131533151648], [12.798094853278856, 4.4272217638898255], [12.797643699587969, 4.4272217638898255]]]}}, {"id": "6", "type": "Feature", "properties": {"time_step": null}, "geometry": {"type": "Polygon", "coordinates": [[[12.794666085228119, 4.426319456508053], [12.794666085228119, 4.426138995031698], [12.794485623751765, 4.426138995031698], [12.794485623751765, 4.425778072078989], [12.79430516227541, 4.425778072078989], [12.79430516227541, 4.425597610602635], [12.794485623751765, 4.425597610602635], [12.794485623751765, 4.425236687649925], [12.794395393013588, 4.425236687649925], [12.794395393013588, 4.425146456911748], [12.79430516227541, 4.425146456911748], [12.79430516227541, 4.424785533959039], [12.794666085228119, 4.424785533959039], [12.794666085228119, 4.424875764697217], [12.79502700818083, 4.424875764697217], [12.79502700818083, 4.424965995435394], [12.795117238919007, 4.424965995435394], [12.795117238919007, 4.425056226173571], [12.795387931133538, 4.425056226173571], [12.795387931133538, 4.425236687649925], [12.795748854086247, 4.425236687649925], [12.795748854086247, 4.425687841340812], [12.79565862334807, 4.425687841340812], [12.79565862334807, 4.425778072078989], [12.795207469657184, 4.425778072078989], [12.795207469657184, 4.425597610602635], [12.79502700818083, 4.425597610602635], [12.79502700818083, 4.426138995031698], [12.794846546704473, 4.426138995031698], [12.794846546704473, 4.426319456508053], [12.794666085228119, 4.426319456508053]]]}}, {"id": "7", "type": "Feature", "properties": {"time_step": null}, "geometry": {"type": "Polygon", "coordinates": [[[12.774725092090941, 4.426229225769876], [12.774725092090941, 4.426138995031698], [12.774634861352764, 4.426138995031698], [12.774634861352764, 4.426048764293521], [12.774544630614587, 4.426048764293521], [12.774544630614587, 4.425507379864457], [12.774634861352764, 4.425507379864457], [12.774634861352764, 4.42541714912628], [12.774544630614587, 4.42541714912628], [12.774544630614587, 4.4253269183881025], [12.774364169138233, 4.4253269183881025], [12.774364169138233, 4.425146456911748], [12.774003246185524, 4.425146456911748], [12.774003246185524, 4.425236687649925], [12.773913015447347, 4.425236687649925], [12.773913015447347, 4.4253269183881025], [12.77382278470917, 4.4253269183881025], [12.77382278470917, 4.425507379864457], [12.773642323232815, 4.425507379864457], [12.773642323232815, 4.4253269183881025], [12.773732553970992, 4.4253269183881025], [12.773732553970992, 4.425236687649925], [12.77382278470917, 4.425236687649925], [12.77382278470917, 4.424605072482684], [12.774003246185524, 4.424605072482684], [12.774003246185524, 4.42442461100633], [12.774093476923701, 4.42442461100633], [12.774093476923701, 4.424334380268153], [12.774183707661878, 4.424334380268153], [12.774183707661878, 4.424244149529976], [12.774905553567297, 4.424244149529976], [12.774905553567297, 4.42442461100633], [12.775266476520006, 4.42442461100633], [12.775266476520006, 4.424605072482684], [12.775086015043652, 4.424605072482684], [12.775086015043652, 4.424965995435394], [12.774905553567297, 4.424965995435394], [12.774905553567297, 4.42541714912628], [12.77481532282912, 4.42541714912628], [12.77481532282912, 4.425507379864457], [12.774905553567297, 4.425507379864457], [12.774905553567297, 4.425778072078989], [12.774995784305474, 4.425778072078989], [12.774995784305474, 4.425868302817166], [12.775086015043652, 4.425868302817166], [12.775086015043652, 4.426048764293521], [12.774905553567297, 4.426048764293521], [12.774905553567297, 4.426229225769876], [12.774725092090941, 4.426229225769876]]]}}, {"id": "8", "type": "Feature", "properties": {"time_step": null}, "geometry": {"type": "Polygon", "coordinates": [[[12.806035158238457, 4.4259585335553435], [12.806035158238457, 4.425778072078989], [12.805403543071215, 4.425778072078989], [12.805403543071215, 4.425687841340812], [12.805313312333038, 4.425687841340812], [12.805313312333038, 4.425597610602635], [12.805132850856683, 4.425597610602635], [12.805132850856683, 4.42541714912628], [12.804952389380329, 4.42541714912628], [12.804952389380329, 4.425056226173571], [12.804771927903975, 4.425056226173571], [12.804771927903975, 4.424875764697217], [12.804411004951264, 4.424875764697217], [12.804411004951264, 4.424695303220862], [12.80423054347491, 4.424695303220862], [12.80423054347491, 4.424514841744507], [12.804050081998556, 4.424514841744507], [12.804050081998556, 4.424334380268153], [12.803869620522201, 4.424334380268153], [12.803869620522201, 4.424153918791798], [12.804050081998556, 4.424153918791798], [12.804050081998556, 4.4239734573154434], [12.80423054347491, 4.4239734573154434], [12.80423054347491, 4.423792995839089], [12.80459146642762, 4.423792995839089], [12.80459146642762, 4.4239734573154434], [12.804771927903975, 4.4239734573154434], [12.804771927903975, 4.424153918791798], [12.804952389380329, 4.424153918791798], [12.804952389380329, 4.424605072482684], [12.805042620118506, 4.424605072482684], [12.805042620118506, 4.424695303220862], [12.806035158238457, 4.424695303220862], [12.806035158238457, 4.424514841744507], [12.806215619714811, 4.424514841744507], [12.806215619714811, 4.424334380268153], [12.80657654266752, 4.424334380268153], [12.80657654266752, 4.425597610602635], [12.806396081191165, 4.425597610602635], [12.806396081191165, 4.425687841340812], [12.806486311929342, 4.425687841340812], [12.806486311929342, 4.425778072078989], [12.806396081191165, 4.425778072078989], [12.806396081191165, 4.4259585335553435], [12.806035158238457, 4.4259585335553435]]]}}, {"id": "9", "type": "Feature", "properties": {"time_step": null}, "geometry": {"type": "Polygon", "coordinates": [[[12.795478161871715, 4.424785533959039], [12.795478161871715, 4.424695303220862], [12.795387931133538, 4.424695303220862], [12.795387931133538, 4.424334380268153], [12.795207469657184, 4.424334380268153], [12.795207469657184, 4.4239734573154434], [12.795387931133538, 4.4239734573154434], [12.795387931133538, 4.4233418421482025], [12.795568392609892, 4.4233418421482025], [12.795568392609892, 4.423612534362735], [12.795748854086247, 4.423612534362735], [12.795748854086247, 4.424244149529976], [12.795839084824424, 4.424244149529976], [12.795839084824424, 4.424334380268153], [12.795929315562601, 4.424334380268153], [12.795929315562601, 4.424514841744507], [12.795748854086247, 4.424514841744507], [12.795748854086247, 4.424785533959039], [12.795478161871715, 4.424785533959039]]]}}, {"id": "10", "type": "Feature", "properties": {"time_step": null}, "geometry": {"type": "Polygon", "coordinates": [[[12.768048017465825, 4.424244149529976], [12.768048017465825, 4.423883226577266], [12.767687094513114, 4.423883226577266], [12.767687094513114, 4.423702765100912], [12.76750663303676, 4.423702765100912], [12.76750663303676, 4.423612534362735], [12.767416402298583, 4.423612534362735], [12.767416402298583, 4.423522303624557], [12.767326171560406, 4.423522303624557], [12.767326171560406, 4.4233418421482025], [12.76750663303676, 4.4233418421482025], [12.76750663303676, 4.423161380671848], [12.768228478942179, 4.423161380671848], [12.768228478942179, 4.423251611410025], [12.768408940418533, 4.423251611410025], [12.768408940418533, 4.4233418421482025], [12.768769863371242, 4.4233418421482025], [12.768769863371242, 4.424063688053621], [12.768408940418533, 4.424063688053621], [12.768408940418533, 4.424244149529976], [12.768048017465825, 4.424244149529976]]]}}, {"id": "11", "type": "Feature", "properties": {"time_step": null}, "geometry": {"type": "Polygon", "coordinates": [[[12.79827531475521, 4.422529765504607], [12.79827531475521, 4.422349304028253], [12.797914391802502, 4.422349304028253], [12.797914391802502, 4.422259073290076], [12.797733930326148, 4.422259073290076], [12.797733930326148, 4.422168842551898], [12.797643699587969, 4.422168842551898], [12.797643699587969, 4.421988381075543], [12.797553468849792, 4.421988381075543], [12.797553468849792, 4.421807919599189], [12.797373007373437, 4.421807919599189], [12.797373007373437, 4.4214469966464796], [12.797553468849792, 4.4214469966464796], [12.797553468849792, 4.421356765908302], [12.797643699587969, 4.421356765908302], [12.797643699587969, 4.421266535170125], [12.79827531475521, 4.421266535170125], [12.79827531475521, 4.4214469966464796], [12.79890692992245, 4.4214469966464796], [12.79890692992245, 4.421627458122835], [12.798997160660628, 4.421627458122835], [12.798997160660628, 4.421988381075543], [12.798816699184274, 4.421988381075543], [12.798816699184274, 4.422529765504607], [12.79827531475521, 4.422529765504607]]]}}, {"id": "12", "type": "Feature", "properties": {"time_step": null}, "geometry": {"type": "Polygon", "coordinates": [[[12.789071779461128, 4.422259073290076], [12.789071779461128, 4.4220786118137205], [12.788891317984774, 4.4220786118137205], [12.788891317984774, 4.421176304431948], [12.789432702413837, 4.421176304431948], [12.789432702413837, 4.421356765908302], [12.789793625366547, 4.421356765908302], [12.789793625366547, 4.421266535170125], [12.789883856104725, 4.421266535170125], [12.789883856104725, 4.421176304431948], [12.790515471271965, 4.421176304431948], [12.790515471271965, 4.421537227384658], [12.790154548319256, 4.421537227384658], [12.790154548319256, 4.421717688861012], [12.789974086842902, 4.421717688861012], [12.789974086842902, 4.421898150337366], [12.789793625366547, 4.421898150337366], [12.789793625366547, 4.4220786118137205], [12.789432702413837, 4.4220786118137205], [12.789432702413837, 4.422259073290076], [12.789071779461128, 4.422259073290076]]]}}, {"id": "13", "type": "Feature", "properties": {"time_step": null}, "geometry": {"type": "Polygon", "coordinates": [[[12.803508697569493, 4.42343207288638], [12.803508697569493, 4.423251611410025], [12.803328236093138, 4.423251611410025], [12.803328236093138, 4.422980919195494], [12.803418466831316, 4.422980919195494], [12.803418466831316, 4.422890688457317], [12.803508697569493, 4.422890688457317], [12.803508697569493, 4.422349304028253], [12.803328236093138, 4.422349304028253], [12.803328236093138, 4.422168842551898], [12.803147774616784, 4.422168842551898], [12.803147774616784, 4.421988381075543], [12.802786851664074, 4.421988381075543], [12.802786851664074, 4.421627458122835], [12.802967313140428, 4.421627458122835], [12.802967313140428, 4.4214469966464796], [12.803147774616784, 4.4214469966464796], [12.803147774616784, 4.421266535170125], [12.803238005354961, 4.421266535170125], [12.803238005354961, 4.421086073693771], [12.803328236093138, 4.421086073693771], [12.803328236093138, 4.420725150741061], [12.803508697569493, 4.420725150741061], [12.803508697569493, 4.420544689264707], [12.80359892830767, 4.420544689264707], [12.80359892830767, 4.42045445852653], [12.803869620522201, 4.42045445852653], [12.803869620522201, 4.420544689264707], [12.804320774213087, 4.420544689264707], [12.804320774213087, 4.420634920002884], [12.804501235689443, 4.420634920002884], [12.804501235689443, 4.420544689264707], [12.804771927903975, 4.420544689264707], [12.804771927903975, 4.42045445852653], [12.804862158642152, 4.42045445852653], [12.804862158642152, 4.420364227788353], [12.805132850856683, 4.420364227788353], [12.805132850856683, 4.42045445852653], [12.80522308159486, 4.42045445852653], [12.80522308159486, 4.420544689264707], [12.805313312333038, 4.420544689264707], [12.805313312333038, 4.420725150741061], [12.805132850856683, 4.420725150741061], [12.805132850856683, 4.420905612217417], [12.804952389380329, 4.420905612217417], [12.804952389380329, 4.421086073693771], [12.804771927903975, 4.421086073693771], [12.804771927903975, 4.421266535170125], [12.80459146642762, 4.421266535170125], [12.80459146642762, 4.421627458122835], [12.804411004951264, 4.421627458122835], [12.804411004951264, 4.421807919599189], [12.80423054347491, 4.421807919599189], [12.80423054347491, 4.421988381075543], [12.804050081998556, 4.421988381075543], [12.804050081998556, 4.422349304028253], [12.80423054347491, 4.422349304028253], [12.80423054347491, 4.422529765504607], [12.804411004951264, 4.422529765504607], [12.804411004951264, 4.423071149933671], [12.804501235689443, 4.423071149933671], [12.804501235689443, 4.423161380671848], [12.80459146642762, 4.423161380671848], [12.80459146642762, 4.4233418421482025], [12.804411004951264, 4.4233418421482025], [12.804411004951264, 4.42343207288638], [12.803689159045847, 4.42343207288638], [12.803689159045847, 4.4233418421482025], [12.80359892830767, 4.4233418421482025], [12.80359892830767, 4.42343207288638], [12.803508697569493, 4.42343207288638]]]}}, {"id": "14", "type": "Feature", "properties": {"time_step": null}, "geometry": {"type": "Polygon", "coordinates": [[[12.77147678551656, 4.420634920002884], [12.77147678551656, 4.42045445852653], [12.771206093302029, 4.42045445852653], [12.771206093302029, 4.420364227788353], [12.771115862563851, 4.420364227788353], [12.771115862563851, 4.4200935355738205], [12.770935401087497, 4.4200935355738205], [12.770935401087497, 4.419371689668402], [12.771115862563851, 4.419371689668402], [12.771115862563851, 4.419010766715694], [12.771206093302029, 4.419010766715694], [12.771206093302029, 4.419191228192048], [12.77147678551656, 4.419191228192048], [12.77147678551656, 4.419100997453871], [12.771567016254737, 4.419100997453871], [12.771567016254737, 4.419191228192048], [12.772018169945623, 4.419191228192048], [12.772018169945623, 4.419371689668402], [12.772198631421979, 4.419371689668402], [12.772198631421979, 4.42045445852653], [12.772018169945623, 4.42045445852653], [12.772018169945623, 4.420634920002884], [12.77147678551656, 4.420634920002884]]]}}, {"id": "15", "type": "Feature", "properties": {"time_step": null}, "geometry": {"type": "Polygon", "coordinates": [[[12.788530395032065, 4.421086073693771], [12.788530395032065, 4.420995842955594], [12.787989010603, 4.420995842955594], [12.787989010603, 4.420815381479239], [12.787808549126646, 4.420815381479239], [12.787808549126646, 4.419913074097466], [12.787898779864824, 4.419913074097466], [12.787898779864824, 4.419732612621112], [12.787808549126646, 4.419732612621112], [12.787808549126646, 4.419642381882935], [12.78771831838847, 4.419642381882935], [12.78771831838847, 4.419371689668402], [12.787537856912115, 4.419371689668402], [12.787537856912115, 4.418830305239339], [12.78771831838847, 4.418830305239339], [12.78771831838847, 4.418649843762984], [12.787898779864824, 4.418649843762984], [12.787898779864824, 4.41846938228663], [12.788259702817534, 4.41846938228663], [12.788259702817534, 4.418649843762984], [12.788620625770243, 4.418649843762984], [12.788620625770243, 4.418830305239339], [12.789162010199306, 4.418830305239339], [12.789162010199306, 4.418649843762984], [12.78970339462837, 4.418649843762984], [12.78970339462837, 4.418830305239339], [12.789522933152014, 4.418830305239339], [12.789522933152014, 4.4189205359775166], [12.789432702413837, 4.4189205359775166], [12.789432702413837, 4.419010766715694], [12.789252240937483, 4.419010766715694], [12.789252240937483, 4.419732612621112], [12.789613163890193, 4.419732612621112], [12.789613163890193, 4.420273997050176], [12.789522933152014, 4.420273997050176], [12.789522933152014, 4.420364227788353], [12.789432702413837, 4.420364227788353], [12.789432702413837, 4.42045445852653], [12.789252240937483, 4.42045445852653], [12.789252240937483, 4.420815381479239], [12.789071779461128, 4.420815381479239], [12.789071779461128, 4.420905612217417], [12.788981548722951, 4.420905612217417], [12.788981548722951, 4.420995842955594], [12.78871085650842, 4.420995842955594], [12.78871085650842, 4.421086073693771], [12.788530395032065, 4.421086073693771]], [[12.788169472079355, 4.42045445852653], [12.788530395032065, 4.42045445852653], [12.788530395032065, 4.420273997050176], [12.78871085650842, 4.420273997050176], [12.78871085650842, 4.4200935355738205], [12.788440164293888, 4.4200935355738205], [12.788440164293888, 4.419913074097466], [12.788349933555711, 4.419913074097466], [12.788349933555711, 4.4200935355738205], [12.788259702817534, 4.4200935355738205], [12.788259702817534, 4.420273997050176], [12.788169472079355, 4.420273997050176], [12.788169472079355, 4.42045445852653]]]}}, {"id": "16", "type": "Feature", "properties": {"time_step": null}, "geometry": {"type": "Polygon", "coordinates": [[[12.807839773002001, 4.4214469966464796], [12.807839773002001, 4.421266535170125], [12.807478850049293, 4.421266535170125], [12.807478850049293, 4.421086073693771], [12.807298388572939, 4.421086073693771], [12.807298388572939, 4.420905612217417], [12.807388619311116, 4.420905612217417], [12.807388619311116, 4.420725150741061], [12.807298388572939, 4.420725150741061], [12.807298388572939, 4.420634920002884], [12.807208157834761, 4.420634920002884], [12.807208157834761, 4.420544689264707], [12.807298388572939, 4.420544689264707], [12.807298388572939, 4.4200935355738205], [12.807388619311116, 4.4200935355738205], [12.807388619311116, 4.420003304835643], [12.807298388572939, 4.420003304835643], [12.807298388572939, 4.419822843359289], [12.807388619311116, 4.419822843359289], [12.807388619311116, 4.419642381882935], [12.807478850049293, 4.419642381882935], [12.807478850049293, 4.4189205359775166], [12.807388619311116, 4.4189205359775166], [12.807388619311116, 4.418830305239339], [12.807298388572939, 4.418830305239339], [12.807298388572939, 4.41846938228663], [12.807208157834761, 4.41846938228663], [12.807208157834761, 4.418018228595743], [12.807659311525647, 4.418018228595743], [12.807659311525647, 4.4189205359775166], [12.807839773002001, 4.4189205359775166], [12.807839773002001, 4.418830305239339], [12.807930003740179, 4.418830305239339], [12.807930003740179, 4.418740074501161], [12.808381157431064, 4.418740074501161], [12.808381157431064, 4.4189205359775166], [12.80856161890742, 4.4189205359775166], [12.80856161890742, 4.419010766715694], [12.808651849645598, 4.419010766715694], [12.808651849645598, 4.419100997453871], [12.808742080383775, 4.419100997453871], [12.808742080383775, 4.420003304835643], [12.808381157431064, 4.420003304835643], [12.808381157431064, 4.4201837663119985], [12.808290926692887, 4.4201837663119985], [12.808290926692887, 4.420273997050176], [12.80820069595471, 4.420273997050176], [12.80820069595471, 4.420364227788353], [12.808381157431064, 4.420364227788353], [12.808381157431064, 4.420544689264707], [12.80856161890742, 4.420544689264707], [12.80856161890742, 4.420634920002884], [12.808381157431064, 4.420634920002884], [12.808381157431064, 4.420725150741061], [12.80856161890742, 4.420725150741061], [12.80856161890742, 4.420815381479239], [12.808471388169242, 4.420815381479239], [12.808471388169242, 4.420905612217417], [12.80856161890742, 4.420905612217417], [12.80856161890742, 4.421086073693771], [12.808471388169242, 4.421086073693771], [12.808471388169242, 4.421266535170125], [12.808381157431064, 4.421266535170125], [12.808381157431064, 4.4214469966464796], [12.807839773002001, 4.4214469966464796]]]}}, {"id": "17", "type": "Feature", "properties": {"time_step": null}, "geometry": {"type": "Polygon", "coordinates": [[[12.767416402298583, 4.420273997050176], [12.767416402298583, 4.4201837663119985], [12.767326171560406, 4.4201837663119985], [12.767326171560406, 4.419822843359289], [12.767145710084051, 4.419822843359289], [12.767145710084051, 4.419642381882935], [12.766965248607697, 4.419642381882935], [12.766965248607697, 4.419281458930225], [12.767055479345874, 4.419281458930225], [12.767055479345874, 4.419191228192048], [12.767145710084051, 4.419191228192048], [12.767145710084051, 4.419010766715694], [12.767235940822228, 4.419010766715694], [12.767235940822228, 4.4189205359775166], [12.767326171560406, 4.4189205359775166], [12.767326171560406, 4.418740074501161], [12.767596863774937, 4.418740074501161], [12.767596863774937, 4.418649843762984], [12.767687094513114, 4.418649843762984], [12.767687094513114, 4.418379151548453], [12.768048017465825, 4.418379151548453], [12.768048017465825, 4.417927997857566], [12.768228478942179, 4.417927997857566], [12.768228478942179, 4.418018228595743], [12.768589401894888, 4.418018228595743], [12.768589401894888, 4.41810845933392], [12.768679632633065, 4.41810845933392], [12.768679632633065, 4.418198690072098], [12.768769863371242, 4.418198690072098], [12.768769863371242, 4.418288920810276], [12.76913078632395, 4.418288920810276], [12.76913078632395, 4.41846938228663], [12.769311247800305, 4.41846938228663], [12.769311247800305, 4.418649843762984], [12.769401478538484, 4.418649843762984], [12.769401478538484, 4.418740074501161], [12.76949170927666, 4.418740074501161], [12.76949170927666, 4.419010766715694], [12.769581940014838, 4.419010766715694], [12.769581940014838, 4.419191228192048], [12.76949170927666, 4.419191228192048], [12.76949170927666, 4.419371689668402], [12.76913078632395, 4.419371689668402], [12.76913078632395, 4.419191228192048], [12.768950324847596, 4.419191228192048], [12.768950324847596, 4.419100997453871], [12.768860094109419, 4.419100997453871], [12.768860094109419, 4.419010766715694], [12.768769863371242, 4.419010766715694], [12.768769863371242, 4.4194619204065795], [12.768679632633065, 4.4194619204065795], [12.768679632633065, 4.4195521511447575], [12.768228478942179, 4.4195521511447575], [12.768228478942179, 4.419732612621112], [12.768048017465825, 4.419732612621112], [12.768048017465825, 4.419913074097466], [12.767867555989469, 4.419913074097466], [12.767867555989469, 4.4200935355738205], [12.767687094513114, 4.4200935355738205], [12.767687094513114, 4.420273997050176], [12.767416402298583, 4.420273997050176]]]}}, {"id": "18", "type": "Feature", "properties": {"time_step": null}, "geometry": {"type": "Polygon", "coordinates": [[[12.80026039099511, 4.421086073693771], [12.80026039099511, 4.420725150741061], [12.800079929518756, 4.420725150741061], [12.800079929518756, 4.420364227788353], [12.80026039099511, 4.420364227788353], [12.80026039099511, 4.4201837663119985], [12.80062131394782, 4.4201837663119985], [12.80062131394782, 4.419371689668402], [12.800440852471466, 4.419371689668402], [12.800440852471466, 4.419191228192048], [12.800350621733287, 4.419191228192048], [12.800350621733287, 4.419100997453871], [12.80026039099511, 4.419100997453871], [12.80026039099511, 4.4189205359775166], [12.800350621733287, 4.4189205359775166], [12.800350621733287, 4.418740074501161], [12.800440852471466, 4.418740074501161], [12.800440852471466, 4.418559613024807], [12.80062131394782, 4.418559613024807], [12.80062131394782, 4.41846938228663], [12.800801775424175, 4.41846938228663], [12.800801775424175, 4.418198690072098], [12.80062131394782, 4.418198690072098], [12.80062131394782, 4.417747536381212], [12.800711544685997, 4.417747536381212], [12.800711544685997, 4.417657305643035], [12.800982236900529, 4.417657305643035], [12.800982236900529, 4.41747684416668], [12.801162698376883, 4.41747684416668], [12.801162698376883, 4.417296382690325], [12.801343159853237, 4.417296382690325], [12.801343159853237, 4.4169354597376165], [12.801884544282302, 4.4169354597376165], [12.801884544282302, 4.417115921213971], [12.80224546723501, 4.417115921213971], [12.80224546723501, 4.417296382690325], [12.802155236496834, 4.417296382690325], [12.802155236496834, 4.41747684416668], [12.802065005758656, 4.41747684416668], [12.802065005758656, 4.417927997857566], [12.80197477502048, 4.417927997857566], [12.80197477502048, 4.418018228595743], [12.801523621329592, 4.418018228595743], [12.801523621329592, 4.418198690072098], [12.801343159853237, 4.418198690072098], [12.801343159853237, 4.418740074501161], [12.801523621329592, 4.418740074501161], [12.801523621329592, 4.418649843762984], [12.801704082805946, 4.418649843762984], [12.801704082805946, 4.418740074501161], [12.80224546723501, 4.418740074501161], [12.80224546723501, 4.418830305239339], [12.802425928711365, 4.418830305239339], [12.802425928711365, 4.4189205359775166], [12.803147774616784, 4.4189205359775166], [12.803147774616784, 4.419010766715694], [12.803328236093138, 4.419010766715694], [12.803328236093138, 4.419100997453871], [12.803508697569493, 4.419100997453871], [12.803508697569493, 4.419281458930225], [12.80359892830767, 4.419281458930225], [12.80359892830767, 4.4194619204065795], [12.803689159045847, 4.4194619204065795], [12.803689159045847, 4.4200935355738205], [12.803508697569493, 4.4200935355738205], [12.803508697569493, 4.4201837663119985], [12.803147774616784, 4.4201837663119985], [12.803147774616784, 4.420003304835643], [12.802786851664074, 4.420003304835643], [12.802786851664074, 4.419822843359289], [12.801794313544125, 4.419822843359289], [12.801794313544125, 4.419913074097466], [12.801884544282302, 4.419913074097466], [12.801884544282302, 4.420634920002884], [12.801794313544125, 4.420634920002884], [12.801794313544125, 4.420725150741061], [12.801704082805946, 4.420725150741061], [12.801704082805946, 4.420905612217417], [12.801523621329592, 4.420905612217417], [12.801523621329592, 4.420725150741061], [12.800801775424175, 4.420725150741061], [12.800801775424175, 4.420905612217417], [12.80062131394782, 4.420905612217417], [12.80062131394782, 4.421086073693771], [12.80026039099511, 4.421086073693771]], [[12.801162698376883, 4.419281458930225], [12.80125292911506, 4.419281458930225], [12.80125292911506, 4.419100997453871], [12.801162698376883, 4.419100997453871], [12.801162698376883, 4.419281458930225]], [[12.801162698376883, 4.4189205359775166], [12.801343159853237, 4.4189205359775166], [12.801343159853237, 4.418740074501161], [12.801162698376883, 4.418740074501161], [12.801162698376883, 4.4189205359775166]]]}}, {"id": "19", "type": "Feature", "properties": {"time_step": null}, "geometry": {"type": "Polygon", "coordinates": [[[12.756318021502778, 4.4189205359775166], [12.756318021502778, 4.418740074501161], [12.756137560026424, 4.418740074501161], [12.756137560026424, 4.418559613024807], [12.75595709855007, 4.418559613024807], [12.75595709855007, 4.418018228595743], [12.755866867811891, 4.418018228595743], [12.755866867811891, 4.417837767119389], [12.75595709855007, 4.417837767119389], [12.75595709855007, 4.41747684416668], [12.756137560026424, 4.41747684416668], [12.756137560026424, 4.4169354597376165], [12.75595709855007, 4.4169354597376165], [12.75595709855007, 4.416574536784907], [12.756047329288247, 4.416574536784907], [12.756047329288247, 4.416664767523084], [12.756137560026424, 4.416664767523084], [12.756137560026424, 4.416574536784907], [12.756318021502778, 4.416574536784907], [12.756318021502778, 4.416394075308553], [12.756859405931841, 4.416394075308553], [12.756859405931841, 4.416574536784907], [12.757039867408196, 4.416574536784907], [12.757039867408196, 4.416754998261261], [12.757400790360906, 4.416754998261261], [12.757400790360906, 4.4169354597376165], [12.75758125183726, 4.4169354597376165], [12.75758125183726, 4.41747684416668], [12.757761713313615, 4.41747684416668], [12.757761713313615, 4.417657305643035], [12.75758125183726, 4.417657305643035], [12.75758125183726, 4.418018228595743], [12.757400790360906, 4.418018228595743], [12.757400790360906, 4.418198690072098], [12.757039867408196, 4.418198690072098], [12.757039867408196, 4.418379151548453], [12.756859405931841, 4.418379151548453], [12.756859405931841, 4.418740074501161], [12.756678944455487, 4.418740074501161], [12.756678944455487, 4.4189205359775166], [12.756318021502778, 4.4189205359775166]]]}}, {"id": "20", "type": "Feature", "properties": {"time_step": null}, "geometry": {"type": "Polygon", "coordinates": [[[12.807839773002001, 4.417837767119389], [12.807839773002001, 4.417115921213971], [12.808020234478356, 4.417115921213971], [12.808020234478356, 4.4169354597376165], [12.80820069595471, 4.4169354597376165], [12.80820069595471, 4.416845228999439], [12.808290926692887, 4.416845228999439], [12.808290926692887, 4.416754998261261], [12.80820069595471, 4.416754998261261], [12.80820069595471, 4.416394075308553], [12.808742080383775, 4.416394075308553], [12.808742080383775, 4.416574536784907], [12.80892254186013, 4.416574536784907], [12.80892254186013, 4.416754998261261], [12.808832311121952, 4.416754998261261], [12.808832311121952, 4.4169354597376165], [12.809103003336483, 4.4169354597376165], [12.809103003336483, 4.417296382690325], [12.80892254186013, 4.417296382690325], [12.80892254186013, 4.417657305643035], [12.808742080383775, 4.417657305643035], [12.808742080383775, 4.417837767119389], [12.807839773002001, 4.417837767119389]]]}}, {"id": "21", "type": "Feature", "properties": {"time_step": null}, "geometry": {"type": "Polygon", "coordinates": [[[12.806035158238457, 4.417657305643035], [12.806035158238457, 4.4175670749048574], [12.80594492750028, 4.4175670749048574], [12.80594492750028, 4.41747684416668], [12.805854696762102, 4.41747684416668], [12.805854696762102, 4.417296382690325], [12.805674235285746, 4.417296382690325], [12.805674235285746, 4.416754998261261], [12.80594492750028, 4.416754998261261], [12.80594492750028, 4.416664767523084], [12.806035158238457, 4.416664767523084], [12.806035158238457, 4.416394075308553], [12.806396081191165, 4.416394075308553], [12.806396081191165, 4.4163038445703755], [12.806486311929342, 4.4163038445703755], [12.806486311929342, 4.416213613832198], [12.806757004143874, 4.416213613832198], [12.806757004143874, 4.41648430604673], [12.806847234882051, 4.41648430604673], [12.806847234882051, 4.416574536784907], [12.806937465620228, 4.416574536784907], [12.806937465620228, 4.4169354597376165], [12.806396081191165, 4.4169354597376165], [12.806396081191165, 4.417115921213971], [12.806215619714811, 4.417115921213971], [12.806215619714811, 4.41747684416668], [12.806125388976634, 4.41747684416668], [12.806125388976634, 4.417657305643035], [12.806035158238457, 4.417657305643035]]]}}, {"id": "22", "type": "Feature", "properties": {"time_step": null}, "geometry": {"type": "Polygon", "coordinates": [[[12.764619249415087, 4.416754998261261], [12.764619249415087, 4.416574536784907], [12.764258326462379, 4.416574536784907], [12.764258326462379, 4.416213613832198], [12.764168095724202, 4.416213613832198], [12.764168095724202, 4.416394075308553], [12.763716942033314, 4.416394075308553], [12.763716942033314, 4.416574536784907], [12.762724403913365, 4.416574536784907], [12.762724403913365, 4.416394075308553], [12.762634173175188, 4.416394075308553], [12.762634173175188, 4.416033152355843], [12.762814634651543, 4.416033152355843], [12.762814634651543, 4.415852690879489], [12.762995096127897, 4.415852690879489], [12.762995096127897, 4.415762460141312], [12.763175557604251, 4.415762460141312], [12.763175557604251, 4.4156722294031345], [12.763446249818783, 4.4156722294031345], [12.763446249818783, 4.415581998664957], [12.76353648055696, 4.415581998664957], [12.76353648055696, 4.41549176792678], [12.763716942033314, 4.41549176792678], [12.763716942033314, 4.4156722294031345], [12.764077864986024, 4.4156722294031345], [12.764077864986024, 4.415762460141312], [12.764168095724202, 4.415762460141312], [12.764168095724202, 4.415852690879489], [12.76452901867691, 4.415852690879489], [12.76452901867691, 4.415762460141312], [12.764619249415087, 4.415762460141312], [12.764619249415087, 4.4156722294031345], [12.76516063384415, 4.4156722294031345], [12.76516063384415, 4.415852690879489], [12.76552155679686, 4.415852690879489], [12.76552155679686, 4.416033152355843], [12.765702018273215, 4.416033152355843], [12.765702018273215, 4.416213613832198], [12.76552155679686, 4.416213613832198], [12.76552155679686, 4.416394075308553], [12.765341095320506, 4.416394075308553], [12.765341095320506, 4.416754998261261], [12.764619249415087, 4.416754998261261]]]}}, {"id": "23", "type": "Feature", "properties": {"time_step": null}, "geometry": {"type": "Polygon", "coordinates": [[[12.801343159853237, 4.41648430604673], [12.801343159853237, 4.416213613832198], [12.80125292911506, 4.416213613832198], [12.80125292911506, 4.415852690879489], [12.801162698376883, 4.415852690879489], [12.801162698376883, 4.416213613832198], [12.800982236900529, 4.416213613832198], [12.800982236900529, 4.416033152355843], [12.800801775424175, 4.416033152355843], [12.800801775424175, 4.415852690879489], [12.80062131394782, 4.415852690879489], [12.80062131394782, 4.4156722294031345], [12.800801775424175, 4.4156722294031345], [12.800801775424175, 4.41549176792678], [12.801162698376883, 4.41549176792678], [12.801162698376883, 4.4156722294031345], [12.801343159853237, 4.4156722294031345], [12.801343159853237, 4.41549176792678], [12.801523621329592, 4.41549176792678], [12.801523621329592, 4.415311306450425], [12.801884544282302, 4.415311306450425], [12.801884544282302, 4.415852690879489], [12.802065005758656, 4.415852690879489], [12.802065005758656, 4.416213613832198], [12.801884544282302, 4.416213613832198], [12.801884544282302, 4.416394075308553], [12.801613852067769, 4.416394075308553], [12.801613852067769, 4.41648430604673], [12.801343159853237, 4.41648430604673]]]}}, {"id": "24", "type": "Feature", "properties": {"time_step": null}, "geometry": {"type": "Polygon", "coordinates": [[[12.755415714121005, 4.416574536784907], [12.755415714121005, 4.416394075308553], [12.755325483382828, 4.416394075308553], [12.755325483382828, 4.416213613832198], [12.75523525264465, 4.416213613832198], [12.75523525264465, 4.415852690879489], [12.755415714121005, 4.415852690879489], [12.755415714121005, 4.4156722294031345], [12.75559617559736, 4.4156722294031345], [12.75559617559736, 4.41549176792678], [12.755776637073714, 4.41549176792678], [12.755776637073714, 4.415311306450425], [12.75595709855007, 4.415311306450425], [12.75595709855007, 4.415130844974071], [12.756137560026424, 4.415130844974071], [12.756137560026424, 4.415311306450425], [12.756227790764601, 4.415311306450425], [12.756227790764601, 4.415130844974071], [12.756318021502778, 4.415130844974071], [12.756318021502778, 4.415311306450425], [12.756678944455487, 4.415311306450425], [12.756678944455487, 4.415852690879489], [12.756498482979133, 4.415852690879489], [12.756498482979133, 4.416033152355843], [12.756318021502778, 4.416033152355843], [12.756318021502778, 4.415852690879489], [12.756137560026424, 4.415852690879489], [12.756137560026424, 4.4156722294031345], [12.755776637073714, 4.4156722294031345], [12.755776637073714, 4.416123383094021], [12.755866867811891, 4.416123383094021], [12.755866867811891, 4.416213613832198], [12.75595709855007, 4.416213613832198], [12.75595709855007, 4.416394075308553], [12.755776637073714, 4.416394075308553], [12.755776637073714, 4.416574536784907], [12.755415714121005, 4.416574536784907]]]}}, {"id": "25", "type": "Feature", "properties": {"time_step": null}, "geometry": {"type": "Polygon", "coordinates": [[[12.799448314351515, 4.4163038445703755], [12.799448314351515, 4.416213613832198], [12.799358083613338, 4.416213613832198], [12.799358083613338, 4.415942921617666], [12.799267852875161, 4.415942921617666], [12.799267852875161, 4.415762460141312], [12.799358083613338, 4.415762460141312], [12.799358083613338, 4.415581998664957], [12.799267852875161, 4.415581998664957], [12.799267852875161, 4.415401537188602], [12.799177622136984, 4.415401537188602], [12.799177622136984, 4.415040614235894], [12.799358083613338, 4.415040614235894], [12.799358083613338, 4.414860152759539], [12.799719006566047, 4.414860152759539], [12.799719006566047, 4.415942921617666], [12.799899468042401, 4.415942921617666], [12.799899468042401, 4.4163038445703755], [12.799448314351515, 4.4163038445703755]]]}}, {"id": "26", "type": "Feature", "properties": {"time_step": null}, "geometry": {"type": "Polygon", "coordinates": [[[12.785191857719505, 4.42045445852653], [12.785191857719505, 4.420273997050176], [12.784470011814088, 4.420273997050176], [12.784470011814088, 4.4200935355738205], [12.784289550337734, 4.4200935355738205], [12.784289550337734, 4.419913074097466], [12.784109088861378, 4.419913074097466], [12.784109088861378, 4.41846938228663], [12.784289550337734, 4.41846938228663], [12.784289550337734, 4.418288920810276], [12.784379781075911, 4.418288920810276], [12.784379781075911, 4.418198690072098], [12.784289550337734, 4.418198690072098], [12.784289550337734, 4.41810845933392], [12.784109088861378, 4.41810845933392], [12.784109088861378, 4.417386613428502], [12.784289550337734, 4.417386613428502], [12.784289550337734, 4.417206151952148], [12.784650473290442, 4.417206151952148], [12.784650473290442, 4.417115921213971], [12.784830934766797, 4.417115921213971], [12.784830934766797, 4.417025690475794], [12.785101626981328, 4.417025690475794], [12.785101626981328, 4.4169354597376165], [12.785191857719505, 4.4169354597376165], [12.785191857719505, 4.416845228999439], [12.78537231919586, 4.416845228999439], [12.78537231919586, 4.416664767523084], [12.785552780672216, 4.416664767523084], [12.785552780672216, 4.41648430604673], [12.78573324214857, 4.41648430604673], [12.78573324214857, 4.415762460141312], [12.785552780672216, 4.415762460141312], [12.785552780672216, 4.415581998664957], [12.78537231919586, 4.415581998664957], [12.78537231919586, 4.41549176792678], [12.785282088457683, 4.41549176792678], [12.785282088457683, 4.415401537188602], [12.785191857719505, 4.415401537188602], [12.785191857719505, 4.414860152759539], [12.78537231919586, 4.414860152759539], [12.78537231919586, 4.414679691283184], [12.786094165101279, 4.414679691283184], [12.786094165101279, 4.414860152759539], [12.786274626577633, 4.414860152759539], [12.786274626577633, 4.415040614235894], [12.786455088053987, 4.415040614235894], [12.786455088053987, 4.415221075712248], [12.786545318792164, 4.415221075712248], [12.786545318792164, 4.415401537188602], [12.786455088053987, 4.415401537188602], [12.786455088053987, 4.415762460141312], [12.786274626577633, 4.415762460141312], [12.786274626577633, 4.415942921617666], [12.78636485731581, 4.415942921617666], [12.78636485731581, 4.416123383094021], [12.786996472483052, 4.416123383094021], [12.786996472483052, 4.4163038445703755], [12.787537856912115, 4.4163038445703755], [12.787537856912115, 4.416664767523084], [12.787176933959406, 4.416664767523084], [12.787176933959406, 4.417025690475794], [12.786996472483052, 4.417025690475794], [12.786996472483052, 4.417206151952148], [12.786906241744875, 4.417206151952148], [12.786906241744875, 4.417115921213971], [12.786816011006696, 4.417115921213971], [12.786816011006696, 4.416845228999439], [12.78636485731581, 4.416845228999439], [12.78636485731581, 4.4169354597376165], [12.786274626577633, 4.4169354597376165], [12.786274626577633, 4.417025690475794], [12.786094165101279, 4.417025690475794], [12.786094165101279, 4.417115921213971], [12.786274626577633, 4.417115921213971], [12.786274626577633, 4.417206151952148], [12.786635549530342, 4.417206151952148], [12.786635549530342, 4.417296382690325], [12.786816011006696, 4.417296382690325], [12.786816011006696, 4.417386613428502], [12.786996472483052, 4.417386613428502], [12.786996472483052, 4.4175670749048574], [12.787176933959406, 4.4175670749048574], [12.787176933959406, 4.417747536381212], [12.78735739543576, 4.417747536381212], [12.78735739543576, 4.417927997857566], [12.787628087650292, 4.417927997857566], [12.787628087650292, 4.41810845933392], [12.78771831838847, 4.41810845933392], [12.78771831838847, 4.418288920810276], [12.787537856912115, 4.418288920810276], [12.787537856912115, 4.418649843762984], [12.787447626173938, 4.418649843762984], [12.787447626173938, 4.418740074501161], [12.78735739543576, 4.418740074501161], [12.78735739543576, 4.418830305239339], [12.786996472483052, 4.418830305239339], [12.786996472483052, 4.418649843762984], [12.786635549530342, 4.418649843762984], [12.786635549530342, 4.41846938228663], [12.786455088053987, 4.41846938228663], [12.786455088053987, 4.418288920810276], [12.78636485731581, 4.418288920810276], [12.78636485731581, 4.418198690072098], [12.786274626577633, 4.418198690072098], [12.786274626577633, 4.41810845933392], [12.785913703624924, 4.41810845933392], [12.785913703624924, 4.418288920810276], [12.78573324214857, 4.418288920810276], [12.78573324214857, 4.41846938228663], [12.786003934363102, 4.41846938228663], [12.786003934363102, 4.418649843762984], [12.786094165101279, 4.418649843762984], [12.786094165101279, 4.420273997050176], [12.785913703624924, 4.420273997050176], [12.785913703624924, 4.42045445852653], [12.785191857719505, 4.42045445852653]], [[12.784650473290442, 4.418288920810276], [12.78573324214857, 4.418288920810276], [12.78573324214857, 4.418198690072098], [12.785282088457683, 4.418198690072098], [12.785282088457683, 4.41810845933392], [12.784650473290442, 4.41810845933392], [12.784650473290442, 4.418288920810276]]]}}, {"id": "27", "type": "Feature", "properties": {"time_step": null}, "geometry": {"type": "Polygon", "coordinates": [[[12.754874329691942, 4.415852690879489], [12.754874329691942, 4.4156722294031345], [12.754513406739232, 4.4156722294031345], [12.754513406739232, 4.415130844974071], [12.754332945262878, 4.415130844974071], [12.754332945262878, 4.414589460545007], [12.75460363747741, 4.414589460545007], [12.75460363747741, 4.414679691283184], [12.754693868215588, 4.414679691283184], [12.754693868215588, 4.414769922021362], [12.754874329691942, 4.414769922021362], [12.754874329691942, 4.414950383497716], [12.755054791168297, 4.414950383497716], [12.755054791168297, 4.415130844974071], [12.75523525264465, 4.415130844974071], [12.75523525264465, 4.415311306450425], [12.755415714121005, 4.415311306450425], [12.755415714121005, 4.4156722294031345], [12.75523525264465, 4.4156722294031345], [12.75523525264465, 4.415852690879489], [12.754874329691942, 4.415852690879489]]]}}, {"id": "28", "type": "Feature", "properties": {"time_step": null}, "geometry": {"type": "Polygon", "coordinates": [[[12.811990386958156, 4.419100997453871], [12.811990386958156, 4.4189205359775166], [12.811088079576383, 4.4189205359775166], [12.811088079576383, 4.418830305239339], [12.810997848838205, 4.418830305239339], [12.810997848838205, 4.418740074501161], [12.810727156623674, 4.418740074501161], [12.810727156623674, 4.418198690072098], [12.81054669514732, 4.418198690072098], [12.81054669514732, 4.4169354597376165], [12.810366233670965, 4.4169354597376165], [12.810366233670965, 4.416394075308553], [12.81054669514732, 4.416394075308553], [12.81054669514732, 4.415942921617666], [12.810636925885497, 4.415942921617666], [12.810636925885497, 4.415852690879489], [12.810907618100028, 4.415852690879489], [12.810907618100028, 4.41549176792678], [12.811088079576383, 4.41549176792678], [12.811088079576383, 4.415311306450425], [12.811178310314562, 4.415311306450425], [12.811178310314562, 4.415130844974071], [12.811268541052739, 4.415130844974071], [12.811268541052739, 4.414950383497716], [12.811449002529093, 4.414950383497716], [12.811449002529093, 4.414769922021362], [12.81217084843451, 4.414769922021362], [12.81217084843451, 4.414950383497716], [12.812261079172687, 4.414950383497716], [12.812261079172687, 4.415130844974071], [12.812351309910865, 4.415130844974071], [12.812351309910865, 4.414589460545007], [12.812712232863575, 4.414589460545007], [12.812712232863575, 4.41449922980683], [12.812802463601752, 4.41449922980683], [12.812802463601752, 4.414408999068653], [12.814336386150766, 4.414408999068653], [12.814336386150766, 4.414950383497716], [12.814155924674411, 4.414950383497716], [12.814155924674411, 4.415311306450425], [12.813975463198057, 4.415311306450425], [12.813975463198057, 4.41549176792678], [12.813614540245347, 4.41549176792678], [12.813614540245347, 4.4156722294031345], [12.813253617292638, 4.4156722294031345], [12.813253617292638, 4.415762460141312], [12.813073155816284, 4.415762460141312], [12.813073155816284, 4.415852690879489], [12.81289269433993, 4.415852690879489], [12.81289269433993, 4.416754998261261], [12.813073155816284, 4.416754998261261], [12.813073155816284, 4.417386613428502], [12.812982925078106, 4.417386613428502], [12.812982925078106, 4.41747684416668], [12.813073155816284, 4.41747684416668], [12.813073155816284, 4.418559613024807], [12.81289269433993, 4.418559613024807], [12.81289269433993, 4.4189205359775166], [12.812712232863575, 4.4189205359775166], [12.812712232863575, 4.419100997453871], [12.811990386958156, 4.419100997453871]]]}}, {"id": "29", "type": "Feature", "properties": {"time_step": null}, "geometry": {"type": "Polygon", "coordinates": [[[12.757400790360906, 4.415221075712248], [12.757400790360906, 4.415130844974071], [12.757039867408196, 4.415130844974071], [12.757039867408196, 4.414769922021362], [12.75722032888455, 4.414769922021362], [12.75722032888455, 4.414589460545007], [12.757400790360906, 4.414589460545007], [12.757400790360906, 4.414408999068653], [12.757942174789969, 4.414408999068653], [12.757942174789969, 4.414589460545007], [12.758122636266323, 4.414589460545007], [12.758122636266323, 4.414769922021362], [12.757942174789969, 4.414769922021362], [12.757942174789969, 4.414950383497716], [12.757761713313615, 4.414950383497716], [12.757761713313615, 4.415130844974071], [12.75758125183726, 4.415130844974071], [12.75758125183726, 4.415221075712248], [12.757400790360906, 4.415221075712248]]]}}, {"id": "30", "type": "Feature", "properties": {"time_step": null}, "geometry": {"type": "Polygon", "coordinates": [[[12.80820069595471, 4.416033152355843], [12.80820069595471, 4.41549176792678], [12.808020234478356, 4.41549176792678], [12.808020234478356, 4.415401537188602], [12.808110465216533, 4.415401537188602], [12.808110465216533, 4.415311306450425], [12.808020234478356, 4.415311306450425], [12.808020234478356, 4.414950383497716], [12.80820069595471, 4.414950383497716], [12.80820069595471, 4.414769922021362], [12.808020234478356, 4.414769922021362], [12.808020234478356, 4.414408999068653], [12.80820069595471, 4.414408999068653], [12.80820069595471, 4.414228537592298], [12.808381157431064, 4.414228537592298], [12.808381157431064, 4.414860152759539], [12.808471388169242, 4.414860152759539], [12.808471388169242, 4.414769922021362], [12.80856161890742, 4.414769922021362], [12.80856161890742, 4.414589460545007], [12.808742080383775, 4.414589460545007], [12.808742080383775, 4.414679691283184], [12.80892254186013, 4.414679691283184], [12.80892254186013, 4.414589460545007], [12.809103003336483, 4.414589460545007], [12.809103003336483, 4.414679691283184], [12.809012772598306, 4.414679691283184], [12.809012772598306, 4.414769922021362], [12.809283464812838, 4.414769922021362], [12.809283464812838, 4.414679691283184], [12.809373695551015, 4.414679691283184], [12.809373695551015, 4.414589460545007], [12.809463926289192, 4.414589460545007], [12.809463926289192, 4.414408999068653], [12.809644387765546, 4.414408999068653], [12.809644387765546, 4.414589460545007], [12.809824849241902, 4.414589460545007], [12.809824849241902, 4.415311306450425], [12.809644387765546, 4.415311306450425], [12.809644387765546, 4.41549176792678], [12.809824849241902, 4.41549176792678], [12.809824849241902, 4.416033152355843], [12.809103003336483, 4.416033152355843], [12.809103003336483, 4.415852690879489], [12.809012772598306, 4.415852690879489], [12.809012772598306, 4.415762460141312], [12.80892254186013, 4.415762460141312], [12.80892254186013, 4.4156722294031345], [12.808742080383775, 4.4156722294031345], [12.808742080383775, 4.415852690879489], [12.80856161890742, 4.415852690879489], [12.80856161890742, 4.416033152355843], [12.80820069595471, 4.416033152355843]], [[12.808651849645598, 4.415130844974071], [12.808742080383775, 4.415130844974071], [12.808742080383775, 4.415040614235894], [12.80892254186013, 4.415040614235894], [12.80892254186013, 4.414950383497716], [12.808742080383775, 4.414950383497716], [12.808742080383775, 4.414860152759539], [12.808651849645598, 4.414860152759539], [12.808651849645598, 4.415130844974071]]]}}, {"id": "31", "type": "Feature", "properties": {"time_step": null}, "geometry": {"type": "Polygon", "coordinates": [[[12.795478161871715, 4.415221075712248], [12.795478161871715, 4.415040614235894], [12.795297700395361, 4.415040614235894], [12.795297700395361, 4.414860152759539], [12.795117238919007, 4.414860152759539], [12.795117238919007, 4.414679691283184], [12.79502700818083, 4.414679691283184], [12.79502700818083, 4.414589460545007], [12.79493677744265, 4.414589460545007], [12.79493677744265, 4.413957845377766], [12.794756315966296, 4.413957845377766], [12.794756315966296, 4.4136871531632345], [12.794666085228119, 4.4136871531632345], [12.794666085228119, 4.413416460948703], [12.794756315966296, 4.413416460948703], [12.794756315966296, 4.413235999472348], [12.795117238919007, 4.413235999472348], [12.795117238919007, 4.413145768734171], [12.795207469657184, 4.413145768734171], [12.795207469657184, 4.413235999472348], [12.795478161871715, 4.413235999472348], [12.795478161871715, 4.413416460948703], [12.79565862334807, 4.413416460948703], [12.79565862334807, 4.414138306854121], [12.796200007777133, 4.414138306854121], [12.796200007777133, 4.414228537592298], [12.79629023851531, 4.414228537592298], [12.79629023851531, 4.414318768330475], [12.796380469253489, 4.414318768330475], [12.796380469253489, 4.414048076115943], [12.79629023851531, 4.414048076115943], [12.79629023851531, 4.413957845377766], [12.796200007777133, 4.413957845377766], [12.796200007777133, 4.413416460948703], [12.797643699587969, 4.413416460948703], [12.797643699587969, 4.414138306854121], [12.797733930326148, 4.414138306854121], [12.797733930326148, 4.413777383901412], [12.797824161064325, 4.413777383901412], [12.797824161064325, 4.4136871531632345], [12.79800462254068, 4.4136871531632345], [12.79800462254068, 4.413596922425057], [12.798455776231565, 4.413596922425057], [12.798455776231565, 4.4136871531632345], [12.798546006969742, 4.4136871531632345], [12.798546006969742, 4.413777383901412], [12.799177622136984, 4.413777383901412], [12.799177622136984, 4.414408999068653], [12.798997160660628, 4.414408999068653], [12.798997160660628, 4.414318768330475], [12.798816699184274, 4.414318768330475], [12.798816699184274, 4.414138306854121], [12.798455776231565, 4.414138306854121], [12.798455776231565, 4.41449922980683], [12.798185084017033, 4.41449922980683], [12.798185084017033, 4.414589460545007], [12.798094853278856, 4.414589460545007], [12.798094853278856, 4.414679691283184], [12.797914391802502, 4.414679691283184], [12.797914391802502, 4.41449922980683], [12.797192545897083, 4.41449922980683], [12.797192545897083, 4.414408999068653], [12.797102315158906, 4.414408999068653], [12.797102315158906, 4.414318768330475], [12.797012084420729, 4.414318768330475], [12.797012084420729, 4.41449922980683], [12.796831622944374, 4.41449922980683], [12.796831622944374, 4.414679691283184], [12.796470699991666, 4.414679691283184], [12.796470699991666, 4.414860152759539], [12.79629023851531, 4.414860152759539], [12.79629023851531, 4.415040614235894], [12.796019546300778, 4.415040614235894], [12.796019546300778, 4.415130844974071], [12.795929315562601, 4.415130844974071], [12.795929315562601, 4.415221075712248], [12.795478161871715, 4.415221075712248]], [[12.796470699991666, 4.414589460545007], [12.796560930729843, 4.414589460545007], [12.796560930729843, 4.41449922980683], [12.796470699991666, 4.41449922980683], [12.796470699991666, 4.414589460545007]], [[12.796380469253489, 4.41449922980683], [12.796470699991666, 4.41449922980683], [12.796470699991666, 4.414318768330475], [12.796380469253489, 4.414318768330475], [12.796380469253489, 4.41449922980683]]]}}, {"id": "32", "type": "Feature", "properties": {"time_step": null}, "geometry": {"type": "Polygon", "coordinates": [[[12.80260639018772, 4.413867614639589], [12.80260639018772, 4.413145768734171], [12.802786851664074, 4.413145768734171], [12.802786851664074, 4.412875076519639], [12.80287708240225, 4.412875076519639], [12.80287708240225, 4.412784845781462], [12.803147774616784, 4.412784845781462], [12.803147774616784, 4.413145768734171], [12.803238005354961, 4.413145768734171], [12.803238005354961, 4.413326230210525], [12.803147774616784, 4.413326230210525], [12.803147774616784, 4.413867614639589], [12.80260639018772, 4.413867614639589]]]}}, {"id": "33", "type": "Feature", "properties": {"time_step": null}, "geometry": {"type": "Polygon", "coordinates": [[[12.798094853278856, 4.413326230210525], [12.798094853278856, 4.413235999472348], [12.797824161064325, 4.413235999472348], [12.797824161064325, 4.4130555379959935], [12.79629023851531, 4.4130555379959935], [12.79629023851531, 4.412965307257816], [12.796200007777133, 4.412965307257816], [12.796200007777133, 4.412694615043284], [12.796380469253489, 4.412694615043284], [12.796380469253489, 4.412333692090575], [12.797102315158906, 4.412333692090575], [12.797102315158906, 4.41251415356693], [12.797373007373437, 4.41251415356693], [12.797373007373437, 4.412604384305107], [12.797463238111614, 4.412604384305107], [12.797463238111614, 4.412694615043284], [12.797643699587969, 4.412694615043284], [12.797643699587969, 4.412875076519639], [12.79800462254068, 4.412875076519639], [12.79800462254068, 4.4130555379959935], [12.798185084017033, 4.4130555379959935], [12.798185084017033, 4.413326230210525], [12.798094853278856, 4.413326230210525]]]}}, {"id": "34", "type": "Feature", "properties": {"time_step": null}, "geometry": {"type": "Polygon", "coordinates": [[[12.799899468042401, 4.413596922425057], [12.799899468042401, 4.41350669168688], [12.799719006566047, 4.41350669168688], [12.799719006566047, 4.413235999472348], [12.799538545089693, 4.413235999472348], [12.799538545089693, 4.412694615043284], [12.79962877582787, 4.412694615043284], [12.79962877582787, 4.412153230614221], [12.800982236900529, 4.412153230614221], [12.800982236900529, 4.4124239228287525], [12.801072467638706, 4.4124239228287525], [12.801072467638706, 4.412333692090575], [12.801343159853237, 4.412333692090575], [12.801343159853237, 4.412153230614221], [12.801523621329592, 4.412153230614221], [12.801523621329592, 4.412243461352398], [12.801704082805946, 4.412243461352398], [12.801704082805946, 4.412333692090575], [12.80260639018772, 4.412333692090575], [12.80260639018772, 4.412604384305107], [12.802425928711365, 4.412604384305107], [12.802425928711365, 4.412784845781462], [12.802335697973188, 4.412784845781462], [12.802335697973188, 4.412694615043284], [12.80224546723501, 4.412694615043284], [12.80224546723501, 4.412875076519639], [12.801523621329592, 4.412875076519639], [12.801523621329592, 4.412694615043284], [12.800982236900529, 4.412694615043284], [12.800982236900529, 4.41251415356693], [12.800801775424175, 4.41251415356693], [12.800801775424175, 4.412875076519639], [12.80062131394782, 4.412875076519639], [12.80062131394782, 4.4130555379959935], [12.800440852471466, 4.4130555379959935], [12.800440852471466, 4.413235999472348], [12.80026039099511, 4.413235999472348], [12.80026039099511, 4.413416460948703], [12.800079929518756, 4.413416460948703], [12.800079929518756, 4.41350669168688], [12.799989698780578, 4.41350669168688], [12.799989698780578, 4.413596922425057], [12.799899468042401, 4.413596922425057]]]}}, {"id": "35", "type": "Feature", "properties": {"time_step": null}, "geometry": {"type": "Polygon", "coordinates": [[[12.807478850049293, 4.414228537592298], [12.807478850049293, 4.413867614639589], [12.807388619311116, 4.413867614639589], [12.807388619311116, 4.413777383901412], [12.807298388572939, 4.413777383901412], [12.807298388572939, 4.4136871531632345], [12.807117927096582, 4.4136871531632345], [12.807117927096582, 4.413596922425057], [12.807027696358405, 4.413596922425057], [12.807027696358405, 4.41350669168688], [12.806937465620228, 4.41350669168688], [12.806937465620228, 4.413326230210525], [12.806847234882051, 4.413326230210525], [12.806847234882051, 4.412965307257816], [12.806937465620228, 4.412965307257816], [12.806937465620228, 4.412604384305107], [12.807298388572939, 4.412604384305107], [12.807298388572939, 4.4124239228287525], [12.80756908078747, 4.4124239228287525], [12.80756908078747, 4.412333692090575], [12.807659311525647, 4.412333692090575], [12.807659311525647, 4.412243461352398], [12.807839773002001, 4.412243461352398], [12.807839773002001, 4.412062999876044], [12.808381157431064, 4.412062999876044], [12.808381157431064, 4.412153230614221], [12.808471388169242, 4.412153230614221], [12.808471388169242, 4.412243461352398], [12.808742080383775, 4.412243461352398], [12.808742080383775, 4.413145768734171], [12.808651849645598, 4.413145768734171], [12.808651849645598, 4.413235999472348], [12.80856161890742, 4.413235999472348], [12.80856161890742, 4.4136871531632345], [12.808471388169242, 4.4136871531632345], [12.808471388169242, 4.413867614639589], [12.80820069595471, 4.413867614639589], [12.80820069595471, 4.414048076115943], [12.807839773002001, 4.414048076115943], [12.807839773002001, 4.414228537592298], [12.807478850049293, 4.414228537592298]]]}}, {"id": "36", "type": "Feature", "properties": {"time_step": null}, "geometry": {"type": "Polygon", "coordinates": [[[12.756318021502778, 4.414408999068653], [12.756318021502778, 4.414048076115943], [12.756137560026424, 4.414048076115943], [12.756137560026424, 4.413867614639589], [12.75595709855007, 4.413867614639589], [12.75595709855007, 4.4136871531632345], [12.755776637073714, 4.4136871531632345], [12.755776637073714, 4.413326230210525], [12.755686406335537, 4.413326230210525], [12.755686406335537, 4.413145768734171], [12.755776637073714, 4.413145768734171], [12.755776637073714, 4.412965307257816], [12.756318021502778, 4.412965307257816], [12.756318021502778, 4.412604384305107], [12.756498482979133, 4.412604384305107], [12.756498482979133, 4.412243461352398], [12.75658871371731, 4.412243461352398], [12.75658871371731, 4.412153230614221], [12.756678944455487, 4.412153230614221], [12.756678944455487, 4.411882538399689], [12.756859405931841, 4.411882538399689], [12.756859405931841, 4.4117923076615115], [12.757039867408196, 4.4117923076615115], [12.757039867408196, 4.411882538399689], [12.757942174789969, 4.411882538399689], [12.757942174789969, 4.412062999876044], [12.758122636266323, 4.412062999876044], [12.758122636266323, 4.412965307257816], [12.75758125183726, 4.412965307257816], [12.75758125183726, 4.413145768734171], [12.75722032888455, 4.413145768734171], [12.75722032888455, 4.413326230210525], [12.757039867408196, 4.413326230210525], [12.757039867408196, 4.413596922425057], [12.756949636670019, 4.413596922425057], [12.756949636670019, 4.4136871531632345], [12.756859405931841, 4.4136871531632345], [12.756859405931841, 4.414048076115943], [12.756678944455487, 4.414048076115943], [12.756678944455487, 4.414318768330475], [12.756859405931841, 4.414318768330475], [12.756859405931841, 4.414408999068653], [12.756498482979133, 4.414408999068653], [12.756498482979133, 4.414318768330475], [12.756408252240956, 4.414318768330475], [12.756408252240956, 4.414408999068653], [12.756318021502778, 4.414408999068653]], [[12.756498482979133, 4.414318768330475], [12.75658871371731, 4.414318768330475], [12.75658871371731, 4.414228537592298], [12.756498482979133, 4.414228537592298], [12.756498482979133, 4.414318768330475]]]}}, {"id": "37", "type": "Feature", "properties": {"time_step": null}, "geometry": {"type": "Polygon", "coordinates": [[[12.805493773809392, 4.414769922021362], [12.805493773809392, 4.413326230210525], [12.805132850856683, 4.413326230210525], [12.805132850856683, 4.412604384305107], [12.805313312333038, 4.412604384305107], [12.805313312333038, 4.411882538399689], [12.805493773809392, 4.411882538399689], [12.805493773809392, 4.411702076923334], [12.805674235285746, 4.411702076923334], [12.805674235285746, 4.411882538399689], [12.805854696762102, 4.411882538399689], [12.805854696762102, 4.412062999876044], [12.806035158238457, 4.412062999876044], [12.806035158238457, 4.412243461352398], [12.806396081191165, 4.412243461352398], [12.806396081191165, 4.4124239228287525], [12.806757004143874, 4.4124239228287525], [12.806757004143874, 4.412965307257816], [12.80657654266752, 4.412965307257816], [12.80657654266752, 4.413326230210525], [12.806757004143874, 4.413326230210525], [12.806757004143874, 4.4136871531632345], [12.80657654266752, 4.4136871531632345], [12.80657654266752, 4.413867614639589], [12.806305850452988, 4.413867614639589], [12.806305850452988, 4.413777383901412], [12.806215619714811, 4.413777383901412], [12.806215619714811, 4.4136871531632345], [12.806035158238457, 4.4136871531632345], [12.806035158238457, 4.413867614639589], [12.805854696762102, 4.413867614639589], [12.805854696762102, 4.414589460545007], [12.805674235285746, 4.414589460545007], [12.805674235285746, 4.414769922021362], [12.805493773809392, 4.414769922021362]]]}}, {"id": "38", "type": "Feature", "properties": {"time_step": null}, "geometry": {"type": "Polygon", "coordinates": [[[12.753069714928396, 4.412965307257816], [12.753069714928396, 4.4124239228287525], [12.753250176404752, 4.4124239228287525], [12.753250176404752, 4.412243461352398], [12.753430637881106, 4.412243461352398], [12.753430637881106, 4.412062999876044], [12.75361109935746, 4.412062999876044], [12.75361109935746, 4.411882538399689], [12.753791560833815, 4.411882538399689], [12.753791560833815, 4.411702076923334], [12.754513406739232, 4.411702076923334], [12.754513406739232, 4.412243461352398], [12.754332945262878, 4.412243461352398], [12.754332945262878, 4.4124239228287525], [12.754152483786523, 4.4124239228287525], [12.754152483786523, 4.412604384305107], [12.753972022310169, 4.412604384305107], [12.753972022310169, 4.412784845781462], [12.75361109935746, 4.412784845781462], [12.75361109935746, 4.412965307257816], [12.753069714928396, 4.412965307257816]]]}}, {"id": "39", "type": "Feature", "properties": {"time_step": null}, "geometry": {"type": "Polygon", "coordinates": [[[12.755415714121005, 4.4124239228287525], [12.755415714121005, 4.412243461352398], [12.75523525264465, 4.412243461352398], [12.75523525264465, 4.412062999876044], [12.755054791168297, 4.412062999876044], [12.755054791168297, 4.411882538399689], [12.755415714121005, 4.411882538399689], [12.755415714121005, 4.411611846185157], [12.755325483382828, 4.411611846185157], [12.755325483382828, 4.41152161544698], [12.755415714121005, 4.41152161544698], [12.755415714121005, 4.411341153970625], [12.755776637073714, 4.411341153970625], [12.755776637073714, 4.411160692494271], [12.756137560026424, 4.411160692494271], [12.756137560026424, 4.410980231017916], [12.756318021502778, 4.410980231017916], [12.756318021502778, 4.410799769541562], [12.756678944455487, 4.410799769541562], [12.756678944455487, 4.411341153970625], [12.756498482979133, 4.411341153970625], [12.756498482979133, 4.41152161544698], [12.756318021502778, 4.41152161544698], [12.756318021502778, 4.411702076923334], [12.756137560026424, 4.411702076923334], [12.756137560026424, 4.411882538399689], [12.75595709855007, 4.411882538399689], [12.75595709855007, 4.411972769137866], [12.75559617559736, 4.411972769137866], [12.75559617559736, 4.4124239228287525], [12.755415714121005, 4.4124239228287525]]]}}, {"id": "40", "type": "Feature", "properties": {"time_step": null}, "geometry": {"type": "Polygon", "coordinates": [[[12.798365545493388, 4.410890000279739], [12.798365545493388, 4.410799769541562], [12.79827531475521, 4.410799769541562], [12.79827531475521, 4.410709538803384], [12.798185084017033, 4.410709538803384], [12.798185084017033, 4.410348615850675], [12.79800462254068, 4.410348615850675], [12.79800462254068, 4.410168154374321], [12.797553468849792, 4.410168154374321], [12.797553468849792, 4.410258385112498], [12.797463238111614, 4.410258385112498], [12.797463238111614, 4.410348615850675], [12.79728277663526, 4.410348615850675], [12.79728277663526, 4.410168154374321], [12.797102315158906, 4.410168154374321], [12.797102315158906, 4.409987692897966], [12.797192545897083, 4.409987692897966], [12.797192545897083, 4.4098072314216115], [12.79728277663526, 4.4098072314216115], [12.79728277663526, 4.409626769945257], [12.797643699587969, 4.409626769945257], [12.797643699587969, 4.409717000683434], [12.797733930326148, 4.409717000683434], [12.797733930326148, 4.4098072314216115], [12.79800462254068, 4.4098072314216115], [12.79800462254068, 4.409987692897966], [12.798185084017033, 4.409987692897966], [12.798185084017033, 4.410168154374321], [12.798365545493388, 4.410168154374321], [12.798365545493388, 4.409987692897966], [12.799087391398807, 4.409987692897966], [12.799087391398807, 4.410709538803384], [12.79890692992245, 4.410709538803384], [12.79890692992245, 4.410890000279739], [12.798365545493388, 4.410890000279739]]]}}, {"id": "41", "type": "Feature", "properties": {"time_step": null}, "geometry": {"type": "Polygon", "coordinates": [[[12.80892254186013, 4.410799769541562], [12.80892254186013, 4.410619308065207], [12.808742080383775, 4.410619308065207], [12.808742080383775, 4.410438846588852], [12.808381157431064, 4.410438846588852], [12.808381157431064, 4.409717000683434], [12.808651849645598, 4.409717000683434], [12.808651849645598, 4.409626769945257], [12.808742080383775, 4.409626769945257], [12.808742080383775, 4.40953653920708], [12.809283464812838, 4.40953653920708], [12.809283464812838, 4.409717000683434], [12.809463926289192, 4.409717000683434], [12.809463926289192, 4.410168154374321], [12.809373695551015, 4.410168154374321], [12.809373695551015, 4.410077923636144], [12.809103003336483, 4.410077923636144], [12.809103003336483, 4.410258385112498], [12.809283464812838, 4.410258385112498], [12.809283464812838, 4.410709538803384], [12.80919323407466, 4.410709538803384], [12.80919323407466, 4.410799769541562], [12.80892254186013, 4.410799769541562]]]}}, {"id": "42", "type": "Feature", "properties": {"time_step": null}, "geometry": {"type": "Polygon", "coordinates": [[[12.754784098953765, 4.411702076923334], [12.754784098953765, 4.41152161544698], [12.754693868215588, 4.41152161544698], [12.754693868215588, 4.410799769541562], [12.755054791168297, 4.410799769541562], [12.755054791168297, 4.410348615850675], [12.75496456043012, 4.410348615850675], [12.75496456043012, 4.410258385112498], [12.755054791168297, 4.410258385112498], [12.755054791168297, 4.410168154374321], [12.75496456043012, 4.410168154374321], [12.75496456043012, 4.409717000683434], [12.754874329691942, 4.409717000683434], [12.754874329691942, 4.40953653920708], [12.754784098953765, 4.40953653920708], [12.754784098953765, 4.409356077730725], [12.755686406335537, 4.409356077730725], [12.755686406335537, 4.40953653920708], [12.755776637073714, 4.40953653920708], [12.755776637073714, 4.409446308468903], [12.755866867811891, 4.409446308468903], [12.755866867811891, 4.409356077730725], [12.756137560026424, 4.409356077730725], [12.756137560026424, 4.40953653920708], [12.756318021502778, 4.40953653920708], [12.756318021502778, 4.410077923636144], [12.756047329288247, 4.410077923636144], [12.756047329288247, 4.410168154374321], [12.75595709855007, 4.410168154374321], [12.75595709855007, 4.410258385112498], [12.755776637073714, 4.410258385112498], [12.755776637073714, 4.410348615850675], [12.755686406335537, 4.410348615850675], [12.755686406335537, 4.410438846588852], [12.75559617559736, 4.410438846588852], [12.75559617559736, 4.410619308065207], [12.755415714121005, 4.410619308065207], [12.755415714121005, 4.411250923232448], [12.755325483382828, 4.411250923232448], [12.755325483382828, 4.411341153970625], [12.75523525264465, 4.411341153970625], [12.75523525264465, 4.41152161544698], [12.755054791168297, 4.41152161544698], [12.755054791168297, 4.411611846185157], [12.75496456043012, 4.411611846185157], [12.75496456043012, 4.411702076923334], [12.754784098953765, 4.411702076923334]]]}}, {"id": "43", "type": "Feature", "properties": {"time_step": null}, "geometry": {"type": "Polygon", "coordinates": [[[12.808020234478356, 4.409356077730725], [12.808020234478356, 4.4091756162543705], [12.807839773002001, 4.4091756162543705], [12.807839773002001, 4.409085385516193], [12.807749542263824, 4.409085385516193], [12.807749542263824, 4.408995154778016], [12.807659311525647, 4.408995154778016], [12.807659311525647, 4.408814693301662], [12.807478850049293, 4.408814693301662], [12.807478850049293, 4.4085440010871295], [12.807388619311116, 4.4085440010871295], [12.807388619311116, 4.408453770348952], [12.807298388572939, 4.408453770348952], [12.807298388572939, 4.408092847396244], [12.806666773405697, 4.408092847396244], [12.806666773405697, 4.4079123859198885], [12.806486311929342, 4.4079123859198885], [12.806486311929342, 4.407731924443534], [12.80657654266752, 4.407731924443534], [12.80657654266752, 4.407641693705357], [12.806666773405697, 4.407641693705357], [12.806666773405697, 4.407461232229003], [12.806757004143874, 4.407461232229003], [12.806757004143874, 4.407371001490826], [12.807388619311116, 4.407371001490826], [12.807388619311116, 4.40755146296718], [12.807659311525647, 4.40755146296718], [12.807659311525647, 4.4079123859198885], [12.807839773002001, 4.4079123859198885], [12.807839773002001, 4.408092847396244], [12.808020234478356, 4.408092847396244], [12.808020234478356, 4.408273308872598], [12.80820069595471, 4.408273308872598], [12.80820069595471, 4.408453770348952], [12.808381157431064, 4.408453770348952], [12.808381157431064, 4.408634231825307], [12.808651849645598, 4.408634231825307], [12.808651849645598, 4.408724462563485], [12.808742080383775, 4.408724462563485], [12.808742080383775, 4.408814693301662], [12.80892254186013, 4.408814693301662], [12.80892254186013, 4.408904924039839], [12.809012772598306, 4.408904924039839], [12.809012772598306, 4.408995154778016], [12.809283464812838, 4.408995154778016], [12.809283464812838, 4.4091756162543705], [12.809103003336483, 4.4091756162543705], [12.809103003336483, 4.409356077730725], [12.808020234478356, 4.409356077730725]]]}}, {"id": "44", "type": "Feature", "properties": {"time_step": null}, "geometry": {"type": "Polygon", "coordinates": [[[12.792951701202751, 4.408904924039839], [12.792951701202751, 4.408724462563485], [12.792771239726397, 4.408724462563485], [12.792771239726397, 4.408002616658066], [12.792951701202751, 4.408002616658066], [12.792951701202751, 4.407822155181711], [12.793132162679106, 4.407822155181711], [12.793132162679106, 4.407731924443534], [12.793222393417283, 4.407731924443534], [12.793222393417283, 4.407641693705357], [12.793493085631814, 4.407641693705357], [12.793493085631814, 4.407461232229003], [12.79331262415546, 4.407461232229003], [12.79331262415546, 4.407280770752648], [12.793132162679106, 4.407280770752648], [12.793132162679106, 4.407100309276293], [12.792951701202751, 4.407100309276293], [12.792951701202751, 4.406739386323585], [12.793132162679106, 4.406739386323585], [12.793132162679106, 4.406558924847229], [12.793402854893637, 4.406558924847229], [12.793402854893637, 4.406468694109052], [12.793493085631814, 4.406468694109052], [12.793493085631814, 4.406198001894521], [12.793763777846348, 4.406198001894521], [12.793763777846348, 4.406288232632698], [12.793854008584525, 4.406288232632698], [12.793854008584525, 4.406558924847229], [12.793944239322702, 4.406558924847229], [12.793944239322702, 4.406739386323585], [12.794034470060879, 4.406739386323585], [12.794034470060879, 4.406468694109052], [12.794395393013588, 4.406468694109052], [12.794395393013588, 4.406558924847229], [12.794575854489942, 4.406558924847229], [12.794575854489942, 4.406919847799939], [12.794395393013588, 4.406919847799939], [12.794395393013588, 4.407100309276293], [12.794214931537233, 4.407100309276293], [12.794214931537233, 4.407280770752648], [12.794575854489942, 4.407280770752648], [12.794575854489942, 4.407641693705357], [12.794395393013588, 4.407641693705357], [12.794395393013588, 4.407822155181711], [12.794214931537233, 4.407822155181711], [12.794214931537233, 4.408002616658066], [12.79367354710817, 4.408002616658066], [12.79367354710817, 4.408363539610775], [12.793493085631814, 4.408363539610775], [12.793493085631814, 4.4085440010871295], [12.793222393417283, 4.4085440010871295], [12.793222393417283, 4.408724462563485], [12.793132162679106, 4.408724462563485], [12.793132162679106, 4.408904924039839], [12.792951701202751, 4.408904924039839]], [[12.793493085631814, 4.407822155181711], [12.793583316369991, 4.407822155181711], [12.793583316369991, 4.407641693705357], [12.793493085631814, 4.407641693705357], [12.793493085631814, 4.407822155181711]]]}}, {"id": "45", "type": "Feature", "properties": {"time_step": null}, "geometry": {"type": "Polygon", "coordinates": [[[12.799448314351515, 4.407371001490826], [12.799448314351515, 4.406919847799939], [12.799267852875161, 4.406919847799939], [12.799267852875161, 4.406739386323585], [12.79890692992245, 4.406739386323585], [12.79890692992245, 4.406829617061762], [12.798546006969742, 4.406829617061762], [12.798546006969742, 4.406739386323585], [12.79827531475521, 4.406739386323585], [12.79827531475521, 4.406829617061762], [12.798185084017033, 4.406829617061762], [12.798185084017033, 4.407100309276293], [12.797914391802502, 4.407100309276293], [12.797914391802502, 4.407010078538116], [12.797824161064325, 4.407010078538116], [12.797824161064325, 4.406739386323585], [12.79800462254068, 4.406739386323585], [12.79800462254068, 4.406558924847229], [12.798365545493388, 4.406558924847229], [12.798365545493388, 4.406378463370875], [12.798546006969742, 4.406378463370875], [12.798546006969742, 4.406198001894521], [12.799267852875161, 4.406198001894521], [12.799267852875161, 4.406378463370875], [12.79962877582787, 4.406378463370875], [12.79962877582787, 4.406468694109052], [12.799719006566047, 4.406468694109052], [12.799719006566047, 4.406558924847229], [12.799989698780578, 4.406558924847229], [12.799989698780578, 4.407100309276293], [12.799809237304224, 4.407100309276293], [12.799809237304224, 4.407280770752648], [12.79962877582787, 4.407280770752648], [12.79962877582787, 4.407371001490826], [12.799448314351515, 4.407371001490826]]]}}, {"id": "46", "type": "Feature", "properties": {"time_step": null}, "geometry": {"type": "Polygon", "coordinates": [[[12.807388619311116, 4.407010078538116], [12.807388619311116, 4.406919847799939], [12.807298388572939, 4.406919847799939], [12.807298388572939, 4.406829617061762], [12.807208157834761, 4.406829617061762], [12.807208157834761, 4.406739386323585], [12.807117927096582, 4.406739386323585], [12.807117927096582, 4.406649155585407], [12.807027696358405, 4.406649155585407], [12.807027696358405, 4.4059273096799885], [12.80756908078747, 4.4059273096799885], [12.80756908078747, 4.406107771156344], [12.808110465216533, 4.406107771156344], [12.808110465216533, 4.406198001894521], [12.80820069595471, 4.406198001894521], [12.80820069595471, 4.406288232632698], [12.808290926692887, 4.406288232632698], [12.808290926692887, 4.406468694109052], [12.808110465216533, 4.406468694109052], [12.808110465216533, 4.406649155585407], [12.807930003740179, 4.406649155585407], [12.807930003740179, 4.406829617061762], [12.807749542263824, 4.406829617061762], [12.807749542263824, 4.407010078538116], [12.807388619311116, 4.407010078538116]]]}}, {"id": "47", "type": "Feature", "properties": {"time_step": null}, "geometry": {"type": "Polygon", "coordinates": [[[12.749009331710418, 4.4060175404181665], [12.749009331710418, 4.4059273096799885], [12.74864840875771, 4.4059273096799885], [12.74864840875771, 4.405746848203634], [12.748467947281355, 4.405746848203634], [12.748467947281355, 4.405656617465457], [12.748558178019533, 4.405656617465457], [12.748558178019533, 4.4053859252509255], [12.74864840875771, 4.4053859252509255], [12.74864840875771, 4.40520546377457], [12.749189793186774, 4.40520546377457], [12.749189793186774, 4.4053859252509255], [12.749550716139483, 4.4053859252509255], [12.749550716139483, 4.4059273096799885], [12.749189793186774, 4.4059273096799885], [12.749189793186774, 4.4060175404181665], [12.749009331710418, 4.4060175404181665]]]}}, {"id": "48", "type": "Feature", "properties": {"time_step": null}, "geometry": {"type": "Polygon", "coordinates": [[[12.813975463198057, 4.405746848203634], [12.813975463198057, 4.405656617465457], [12.81388523245988, 4.405656617465457], [12.81388523245988, 4.40556638672728], [12.8137950017217, 4.40556638672728], [12.8137950017217, 4.405476155989103], [12.813704770983524, 4.405476155989103], [12.813704770983524, 4.4053859252509255], [12.813073155816284, 4.4053859252509255], [12.813073155816284, 4.40520546377457], [12.81289269433993, 4.40520546377457], [12.81289269433993, 4.404483617869152], [12.813073155816284, 4.404483617869152], [12.813073155816284, 4.404303156392798], [12.813434078768992, 4.404303156392798], [12.813434078768992, 4.404122694916444], [12.813614540245347, 4.404122694916444], [12.813614540245347, 4.404303156392798], [12.8137950017217, 4.404303156392798], [12.8137950017217, 4.404122694916444], [12.814155924674411, 4.404122694916444], [12.814155924674411, 4.404483617869152], [12.813975463198057, 4.404483617869152], [12.813975463198057, 4.404664079345507], [12.814336386150766, 4.404664079345507], [12.814336386150766, 4.40556638672728], [12.814155924674411, 4.40556638672728], [12.814155924674411, 4.405746848203634], [12.813975463198057, 4.405746848203634]]]}}, {"id": "49", "type": "Feature", "properties": {"time_step": null}, "geometry": {"type": "Polygon", "coordinates": [[[12.814877770579828, 4.40520546377457], [12.814877770579828, 4.405025002298216], [12.814697309103474, 4.405025002298216], [12.814697309103474, 4.404844540821862], [12.81451684762712, 4.404844540821862], [12.81451684762712, 4.404483617869152], [12.814607078365297, 4.404483617869152], [12.814607078365297, 4.404303156392798], [12.814697309103474, 4.404303156392798], [12.814697309103474, 4.404122694916444], [12.814877770579828, 4.404122694916444], [12.814877770579828, 4.404032464178266], [12.815058232056183, 4.404032464178266], [12.815058232056183, 4.403942233440088], [12.815238693532539, 4.403942233440088], [12.815238693532539, 4.404122694916444], [12.81550938574707, 4.404122694916444], [12.81550938574707, 4.404303156392798], [12.815599616485247, 4.404303156392798], [12.815599616485247, 4.404844540821862], [12.815419155008893, 4.404844540821862], [12.815419155008893, 4.405025002298216], [12.815238693532539, 4.405025002298216], [12.815238693532539, 4.40520546377457], [12.814877770579828, 4.40520546377457]]]}}, {"id": "50", "type": "Feature", "properties": {"time_step": null}, "geometry": {"type": "Polygon", "coordinates": [[[12.790605702010142, 4.408002616658066], [12.790605702010142, 4.4079123859198885], [12.790515471271965, 4.4079123859198885], [12.790515471271965, 4.407822155181711], [12.790244779057433, 4.407822155181711], [12.790244779057433, 4.407641693705357], [12.790154548319256, 4.407641693705357], [12.790154548319256, 4.407461232229003], [12.789974086842902, 4.407461232229003], [12.789974086842902, 4.407371001490826], [12.789883856104725, 4.407371001490826], [12.789883856104725, 4.407280770752648], [12.78970339462837, 4.407280770752648], [12.78970339462837, 4.406919847799939], [12.789522933152014, 4.406919847799939], [12.789522933152014, 4.406649155585407], [12.789432702413837, 4.406649155585407], [12.789432702413837, 4.406558924847229], [12.78934247167566, 4.406558924847229], [12.78934247167566, 4.406739386323585], [12.789162010199306, 4.406739386323585], [12.789162010199306, 4.406558924847229], [12.789071779461128, 4.406558924847229], [12.789071779461128, 4.406378463370875], [12.788981548722951, 4.406378463370875], [12.788981548722951, 4.4060175404181665], [12.788801087246597, 4.4060175404181665], [12.788801087246597, 4.40556638672728], [12.78871085650842, 4.40556638672728], [12.78871085650842, 4.405476155989103], [12.788801087246597, 4.405476155989103], [12.788801087246597, 4.4052956945127475], [12.789162010199306, 4.4052956945127475], [12.789162010199306, 4.405115233036393], [12.78934247167566, 4.405115233036393], [12.78934247167566, 4.404754310083685], [12.789432702413837, 4.404754310083685], [12.789432702413837, 4.404573848607329], [12.78970339462837, 4.404573848607329], [12.78970339462837, 4.404483617869152], [12.789793625366547, 4.404483617869152], [12.789793625366547, 4.404393387130975], [12.790605702010142, 4.404393387130975], [12.790605702010142, 4.404573848607329], [12.790786163486496, 4.404573848607329], [12.790786163486496, 4.405115233036393], [12.790605702010142, 4.405115233036393], [12.790605702010142, 4.4052956945127475], [12.79132754791556, 4.4052956945127475], [12.79132754791556, 4.405115233036393], [12.791508009391915, 4.405115233036393], [12.791508009391915, 4.404934771560039], [12.791598240130092, 4.404934771560039], [12.791598240130092, 4.404844540821862], [12.79168847086827, 4.404844540821862], [12.79168847086827, 4.404573848607329], [12.791868932344624, 4.404573848607329], [12.791868932344624, 4.404122694916444], [12.792049393820978, 4.404122694916444], [12.792049393820978, 4.404032464178266], [12.792229855297332, 4.404032464178266], [12.792229855297332, 4.403852002701911], [12.792410316773688, 4.403852002701911], [12.792410316773688, 4.404393387130975], [12.792500547511866, 4.404393387130975], [12.792500547511866, 4.404573848607329], [12.792590778250043, 4.404573848607329], [12.792590778250043, 4.404754310083685], [12.792500547511866, 4.404754310083685], [12.792500547511866, 4.404844540821862], [12.792410316773688, 4.404844540821862], [12.792410316773688, 4.404934771560039], [12.792049393820978, 4.404934771560039], [12.792049393820978, 4.405115233036393], [12.791868932344624, 4.405115233036393], [12.791868932344624, 4.4052956945127475], [12.79168847086827, 4.4052956945127475], [12.79168847086827, 4.405476155989103], [12.791508009391915, 4.405476155989103], [12.791508009391915, 4.405837078941811], [12.79168847086827, 4.405837078941811], [12.79168847086827, 4.406198001894521], [12.791868932344624, 4.406198001894521], [12.791868932344624, 4.406107771156344], [12.791778701606447, 4.406107771156344], [12.791778701606447, 4.4060175404181665], [12.791868932344624, 4.4060175404181665], [12.791868932344624, 4.405837078941811], [12.792410316773688, 4.405837078941811], [12.792410316773688, 4.4060175404181665], [12.792320086035511, 4.4060175404181665], [12.792320086035511, 4.406198001894521], [12.792229855297332, 4.406198001894521], [12.792229855297332, 4.406558924847229], [12.792049393820978, 4.406558924847229], [12.792049393820978, 4.406649155585407], [12.792229855297332, 4.406649155585407], [12.792229855297332, 4.406739386323585], [12.792590778250043, 4.406739386323585], [12.792590778250043, 4.406919847799939], [12.792771239726397, 4.406919847799939], [12.792771239726397, 4.407280770752648], [12.792590778250043, 4.407280770752648], [12.792590778250043, 4.407461232229003], [12.792410316773688, 4.407461232229003], [12.792410316773688, 4.407641693705357], [12.792049393820978, 4.407641693705357], [12.792049393820978, 4.407461232229003], [12.791508009391915, 4.407461232229003], [12.791508009391915, 4.407280770752648], [12.791147086439207, 4.407280770752648], [12.791147086439207, 4.407461232229003], [12.790966624962852, 4.407461232229003], [12.790966624962852, 4.407822155181711], [12.790786163486496, 4.407822155181711], [12.790786163486496, 4.408002616658066], [12.790605702010142, 4.408002616658066]], [[12.79168847086827, 4.406739386323585], [12.791868932344624, 4.406739386323585], [12.791868932344624, 4.406558924847229], [12.79168847086827, 4.406558924847229], [12.79168847086827, 4.406739386323585]], [[12.791868932344624, 4.406558924847229], [12.792049393820978, 4.406558924847229], [12.792049393820978, 4.406378463370875], [12.791868932344624, 4.406378463370875], [12.791868932344624, 4.406558924847229]], [[12.791778701606447, 4.406378463370875], [12.791868932344624, 4.406378463370875], [12.791868932344624, 4.406288232632698], [12.791778701606447, 4.406288232632698], [12.791778701606447, 4.406378463370875]], [[12.790786163486496, 4.405837078941811], [12.790966624962852, 4.405837078941811], [12.790966624962852, 4.405656617465457], [12.790786163486496, 4.405656617465457], [12.790786163486496, 4.405837078941811]], [[12.790064317581079, 4.405476155989103], [12.790244779057433, 4.405476155989103], [12.790244779057433, 4.4052956945127475], [12.790064317581079, 4.4052956945127475], [12.790064317581079, 4.405476155989103]]]}}, {"id": "51", "type": "Feature", "properties": {"time_step": null}, "geometry": {"type": "Polygon", "coordinates": [[[12.80919323407466, 4.4053859252509255], [12.80919323407466, 4.404664079345507], [12.809373695551015, 4.404664079345507], [12.809373695551015, 4.404483617869152], [12.809463926289192, 4.404483617869152], [12.809463926289192, 4.404393387130975], [12.809373695551015, 4.404393387130975], [12.809373695551015, 4.403942233440088], [12.80991507998008, 4.403942233440088], [12.80991507998008, 4.403852002701911], [12.810005310718257, 4.403852002701911], [12.810005310718257, 4.403942233440088], [12.810456464409143, 4.403942233440088], [12.810456464409143, 4.404303156392798], [12.810276002932788, 4.404303156392798], [12.810276002932788, 4.404483617869152], [12.810095541456434, 4.404483617869152], [12.810095541456434, 4.404754310083685], [12.810276002932788, 4.404754310083685], [12.810276002932788, 4.404664079345507], [12.810456464409143, 4.404664079345507], [12.810456464409143, 4.404754310083685], [12.81054669514732, 4.404754310083685], [12.81054669514732, 4.404844540821862], [12.810636925885497, 4.404844540821862], [12.810636925885497, 4.40520546377457], [12.810456464409143, 4.40520546377457], [12.810456464409143, 4.4053859252509255], [12.810005310718257, 4.4053859252509255], [12.810005310718257, 4.4052956945127475], [12.80991507998008, 4.4052956945127475], [12.80991507998008, 4.40520546377457], [12.809824849241902, 4.40520546377457], [12.809824849241902, 4.405025002298216], [12.80991507998008, 4.405025002298216], [12.80991507998008, 4.404844540821862], [12.809824849241902, 4.404844540821862], [12.809824849241902, 4.404934771560039], [12.809734618503724, 4.404934771560039], [12.809734618503724, 4.40520546377457], [12.80955415702737, 4.40520546377457], [12.80955415702737, 4.4053859252509255], [12.80919323407466, 4.4053859252509255]]]}}, {"id": "52", "type": "Feature", "properties": {"time_step": null}, "geometry": {"type": "Polygon", "coordinates": [[[12.79331262415546, 4.404934771560039], [12.79331262415546, 4.404754310083685], [12.792771239726397, 4.404754310083685], [12.792771239726397, 4.404664079345507], [12.79268100898822, 4.404664079345507], [12.79268100898822, 4.404573848607329], [12.792590778250043, 4.404573848607329], [12.792590778250043, 4.403671541225557], [12.792771239726397, 4.403671541225557], [12.792771239726397, 4.403491079749203], [12.792951701202751, 4.403491079749203], [12.792951701202751, 4.4034008490110255], [12.793222393417283, 4.4034008490110255], [12.793222393417283, 4.403491079749203], [12.79367354710817, 4.403491079749203], [12.79367354710817, 4.403671541225557], [12.793854008584525, 4.403671541225557], [12.793854008584525, 4.403852002701911], [12.794034470060879, 4.403852002701911], [12.794034470060879, 4.404212925654621], [12.794214931537233, 4.404212925654621], [12.794214931537233, 4.404393387130975], [12.794395393013588, 4.404393387130975], [12.794395393013588, 4.404573848607329], [12.794034470060879, 4.404573848607329], [12.794034470060879, 4.404934771560039], [12.79331262415546, 4.404934771560039]]]}}, {"id": "53", "type": "Feature", "properties": {"time_step": null}, "geometry": {"type": "Polygon", "coordinates": [[[12.81352430950717, 4.403942233440088], [12.81352430950717, 4.403761771963734], [12.813343848030815, 4.403761771963734], [12.813343848030815, 4.40322038753467], [12.813434078768992, 4.40322038753467], [12.813434078768992, 4.403039926058316], [12.81352430950717, 4.403039926058316], [12.81352430950717, 4.402949695320139], [12.813614540245347, 4.402949695320139], [12.813614540245347, 4.402859464581962], [12.814065693936234, 4.402859464581962], [12.814065693936234, 4.403039926058316], [12.814246155412588, 4.403039926058316], [12.814246155412588, 4.403310618272848], [12.814336386150766, 4.403310618272848], [12.814336386150766, 4.4034008490110255], [12.814426616888943, 4.4034008490110255], [12.814426616888943, 4.403491079749203], [12.814336386150766, 4.403491079749203], [12.814336386150766, 4.40358131048738], [12.814246155412588, 4.40358131048738], [12.814246155412588, 4.403761771963734], [12.813975463198057, 4.403761771963734], [12.813975463198057, 4.403852002701911], [12.8137950017217, 4.403852002701911], [12.8137950017217, 4.403942233440088], [12.81352430950717, 4.403942233440088]]]}}, {"id": "54", "type": "Feature", "properties": {"time_step": null}, "geometry": {"type": "Polygon", "coordinates": [[[12.753881791571992, 4.403761771963734], [12.753881791571992, 4.40358131048738], [12.753701330095637, 4.40358131048738], [12.753701330095637, 4.4034008490110255], [12.753520868619283, 4.4034008490110255], [12.753520868619283, 4.403130156796493], [12.753430637881106, 4.403130156796493], [12.753430637881106, 4.402949695320139], [12.753520868619283, 4.402949695320139], [12.753520868619283, 4.402679003105607], [12.753701330095637, 4.402679003105607], [12.753701330095637, 4.402498541629252], [12.7542427145247, 4.402498541629252], [12.7542427145247, 4.402318080152898], [12.754784098953765, 4.402318080152898], [12.754784098953765, 4.4034008490110255], [12.75460363747741, 4.4034008490110255], [12.75460363747741, 4.40358131048738], [12.754332945262878, 4.40358131048738], [12.754332945262878, 4.403671541225557], [12.7542427145247, 4.403671541225557], [12.7542427145247, 4.403761771963734], [12.753881791571992, 4.403761771963734]]]}}, {"id": "55", "type": "Feature", "properties": {"time_step": null}, "geometry": {"type": "Polygon", "coordinates": [[[12.798185084017033, 4.403130156796493], [12.798185084017033, 4.403039926058316], [12.798094853278856, 4.403039926058316], [12.798094853278856, 4.402949695320139], [12.79800462254068, 4.402949695320139], [12.79800462254068, 4.4027692338437845], [12.797824161064325, 4.4027692338437845], [12.797824161064325, 4.402679003105607], [12.797643699587969, 4.402679003105607], [12.797643699587969, 4.402588772367429], [12.797553468849792, 4.402588772367429], [12.797553468849792, 4.402318080152898], [12.797643699587969, 4.402318080152898], [12.797643699587969, 4.402227849414721], [12.797733930326148, 4.402227849414721], [12.797733930326148, 4.4021376186765435], [12.797824161064325, 4.4021376186765435], [12.797824161064325, 4.402047387938366], [12.797914391802502, 4.402047387938366], [12.797914391802502, 4.401957157200189], [12.798185084017033, 4.401957157200189], [12.798185084017033, 4.402047387938366], [12.79827531475521, 4.402047387938366], [12.79827531475521, 4.402227849414721], [12.798365545493388, 4.402227849414721], [12.798365545493388, 4.402408310891075], [12.798455776231565, 4.402408310891075], [12.798455776231565, 4.402588772367429], [12.798546006969742, 4.402588772367429], [12.798546006969742, 4.402949695320139], [12.798455776231565, 4.402949695320139], [12.798455776231565, 4.403130156796493], [12.798185084017033, 4.403130156796493]]]}}, {"id": "56", "type": "Feature", "properties": {"time_step": null}, "geometry": {"type": "Polygon", "coordinates": [[[12.795839084824424, 4.403039926058316], [12.795839084824424, 4.402949695320139], [12.79565862334807, 4.402949695320139], [12.79565862334807, 4.402408310891075], [12.795839084824424, 4.402408310891075], [12.795839084824424, 4.402227849414721], [12.795929315562601, 4.402227849414721], [12.795929315562601, 4.402047387938366], [12.796019546300778, 4.402047387938366], [12.796019546300778, 4.401866926462011], [12.79629023851531, 4.401866926462011], [12.79629023851531, 4.401776695723834], [12.796560930729843, 4.401776695723834], [12.796560930729843, 4.401686464985657], [12.797012084420729, 4.401686464985657], [12.797012084420729, 4.401776695723834], [12.797102315158906, 4.401776695723834], [12.797102315158906, 4.402227849414721], [12.797012084420729, 4.402227849414721], [12.797012084420729, 4.402408310891075], [12.796921853682552, 4.402408310891075], [12.796921853682552, 4.402588772367429], [12.796741392206197, 4.402588772367429], [12.796741392206197, 4.4027692338437845], [12.796560930729843, 4.4027692338437845], [12.796560930729843, 4.402859464581962], [12.796470699991666, 4.402859464581962], [12.796470699991666, 4.402949695320139], [12.796019546300778, 4.402949695320139], [12.796019546300778, 4.403039926058316], [12.795839084824424, 4.403039926058316]]]}}, {"id": "57", "type": "Feature", "properties": {"time_step": null}, "geometry": {"type": "Polygon", "coordinates": [[[12.798546006969742, 4.402588772367429], [12.798546006969742, 4.401866926462011], [12.798726468446096, 4.401866926462011], [12.798726468446096, 4.401686464985657], [12.79890692992245, 4.401686464985657], [12.79890692992245, 4.4015060035093025], [12.799087391398807, 4.4015060035093025], [12.799087391398807, 4.401325542032948], [12.799448314351515, 4.401325542032948], [12.799448314351515, 4.4015060035093025], [12.79962877582787, 4.4015060035093025], [12.79962877582787, 4.402227849414721], [12.799448314351515, 4.402227849414721], [12.799448314351515, 4.402408310891075], [12.799087391398807, 4.402408310891075], [12.799087391398807, 4.402588772367429], [12.798546006969742, 4.402588772367429]]]}}, {"id": "58", "type": "Feature", "properties": {"time_step": null}, "geometry": {"type": "Polygon", "coordinates": [[[12.811358771790916, 4.404303156392798], [12.811358771790916, 4.404122694916444], [12.810817387361851, 4.404122694916444], [12.810817387361851, 4.403942233440088], [12.810636925885497, 4.403942233440088], [12.810636925885497, 4.40358131048738], [12.81054669514732, 4.40358131048738], [12.81054669514732, 4.403491079749203], [12.810456464409143, 4.403491079749203], [12.810456464409143, 4.40322038753467], [12.81054669514732, 4.40322038753467], [12.81054669514732, 4.403130156796493], [12.810636925885497, 4.403130156796493], [12.810636925885497, 4.403039926058316], [12.810456464409143, 4.403039926058316], [12.810456464409143, 4.402949695320139], [12.810276002932788, 4.402949695320139], [12.810276002932788, 4.4027692338437845], [12.810185772194611, 4.4027692338437845], [12.810185772194611, 4.402679003105607], [12.810095541456434, 4.402679003105607], [12.810095541456434, 4.402588772367429], [12.810005310718257, 4.402588772367429], [12.810005310718257, 4.402498541629252], [12.80991507998008, 4.402498541629252], [12.80991507998008, 4.402318080152898], [12.809824849241902, 4.402318080152898], [12.809824849241902, 4.402227849414721], [12.80991507998008, 4.402227849414721], [12.80991507998008, 4.4021376186765435], [12.80919323407466, 4.4021376186765435], [12.80919323407466, 4.4015060035093025], [12.809012772598306, 4.4015060035093025], [12.809012772598306, 4.401145080556593], [12.809463926289192, 4.401145080556593], [12.809463926289192, 4.401054849818416], [12.809734618503724, 4.401054849818416], [12.809734618503724, 4.400964619080239], [12.80991507998008, 4.400964619080239], [12.80991507998008, 4.401054849818416], [12.810456464409143, 4.401054849818416], [12.810456464409143, 4.401415772771125], [12.810636925885497, 4.401415772771125], [12.810636925885497, 4.40159623424748], [12.810907618100028, 4.40159623424748], [12.810907618100028, 4.401776695723834], [12.810997848838205, 4.401776695723834], [12.810997848838205, 4.401957157200189], [12.811178310314562, 4.401957157200189], [12.811178310314562, 4.402318080152898], [12.810997848838205, 4.402318080152898], [12.810997848838205, 4.402859464581962], [12.810817387361851, 4.402859464581962], [12.810817387361851, 4.403130156796493], [12.810997848838205, 4.403130156796493], [12.810997848838205, 4.4034008490110255], [12.811178310314562, 4.4034008490110255], [12.811178310314562, 4.40358131048738], [12.811358771790916, 4.40358131048738], [12.811358771790916, 4.403761771963734], [12.81153923326727, 4.403761771963734], [12.81153923326727, 4.40358131048738], [12.811719694743624, 4.40358131048738], [12.811719694743624, 4.403491079749203], [12.811809925481802, 4.403491079749203], [12.811809925481802, 4.4034008490110255], [12.812080617696333, 4.4034008490110255], [12.812080617696333, 4.403491079749203], [12.81217084843451, 4.403491079749203], [12.81217084843451, 4.40358131048738], [12.812261079172687, 4.40358131048738], [12.812261079172687, 4.403761771963734], [12.812441540649042, 4.403761771963734], [12.812441540649042, 4.403942233440088], [12.812261079172687, 4.403942233440088], [12.812261079172687, 4.404122694916444], [12.812080617696333, 4.404122694916444], [12.812080617696333, 4.404303156392798], [12.811358771790916, 4.404303156392798]]]}}, {"id": "59", "type": "Feature", "properties": {"time_step": null}, "geometry": {"type": "Polygon", "coordinates": [[[12.79168847086827, 4.399881850222111], [12.79168847086827, 4.399250235054871], [12.791778701606447, 4.399250235054871], [12.791778701606447, 4.399160004316693], [12.791868932344624, 4.399160004316693], [12.791868932344624, 4.398979542840339], [12.792049393820978, 4.398979542840339], [12.792049393820978, 4.398799081363984], [12.792590778250043, 4.398799081363984], [12.792590778250043, 4.398979542840339], [12.792771239726397, 4.398979542840339], [12.792771239726397, 4.399160004316693], [12.792590778250043, 4.399160004316693], [12.792590778250043, 4.3995209272694025], [12.792410316773688, 4.3995209272694025], [12.792410316773688, 4.399701388745757], [12.792320086035511, 4.399701388745757], [12.792320086035511, 4.399791619483934], [12.792229855297332, 4.399791619483934], [12.792229855297332, 4.399881850222111], [12.79168847086827, 4.399881850222111]]]}}, {"id": "60", "type": "Feature", "properties": {"time_step": null}, "geometry": {"type": "Polygon", "coordinates": [[[12.79367354710817, 4.399340465793048], [12.79367354710817, 4.399250235054871], [12.793493085631814, 4.399250235054871], [12.793493085631814, 4.398799081363984], [12.79331262415546, 4.398799081363984], [12.79331262415546, 4.39861861988763], [12.793132162679106, 4.39861861988763], [12.793132162679106, 4.398347927673098], [12.793222393417283, 4.398347927673098], [12.793222393417283, 4.3982576969349205], [12.793493085631814, 4.3982576969349205], [12.793493085631814, 4.398347927673098], [12.793583316369991, 4.398347927673098], [12.793583316369991, 4.398438158411275], [12.79367354710817, 4.398438158411275], [12.79367354710817, 4.39861861988763], [12.793854008584525, 4.39861861988763], [12.793854008584525, 4.399250235054871], [12.793763777846348, 4.399250235054871], [12.793763777846348, 4.399340465793048], [12.79367354710817, 4.399340465793048]]]}}, {"id": "61", "type": "Feature", "properties": {"time_step": null}, "geometry": {"type": "Polygon", "coordinates": [[[12.788801087246597, 4.399160004316693], [12.788801087246597, 4.398438158411275], [12.78871085650842, 4.398438158411275], [12.78871085650842, 4.3982576969349205], [12.788801087246597, 4.3982576969349205], [12.788801087246597, 4.397896773982211], [12.78934247167566, 4.397896773982211], [12.78934247167566, 4.398077235458566], [12.789522933152014, 4.398077235458566], [12.789522933152014, 4.3982576969349205], [12.78970339462837, 4.3982576969349205], [12.78970339462837, 4.39861861988763], [12.789613163890193, 4.39861861988763], [12.789613163890193, 4.398708850625807], [12.789522933152014, 4.398708850625807], [12.789522933152014, 4.3988893121021615], [12.78934247167566, 4.3988893121021615], [12.78934247167566, 4.398979542840339], [12.789162010199306, 4.398979542840339], [12.789162010199306, 4.399069773578516], [12.788981548722951, 4.399069773578516], [12.788981548722951, 4.399160004316693], [12.788801087246597, 4.399160004316693]]]}}, {"id": "62", "type": "Feature", "properties": {"time_step": null}, "geometry": {"type": "Polygon", "coordinates": [[[12.835991763313311, 4.398528389149452], [12.835991763313311, 4.398347927673098], [12.835630840360603, 4.398347927673098], [12.835630840360603, 4.397987004720389], [12.835811301836957, 4.397987004720389], [12.835811301836957, 4.397806543244034], [12.835991763313311, 4.397806543244034], [12.835991763313311, 4.397716312505857], [12.836172224789665, 4.397716312505857], [12.836172224789665, 4.397806543244034], [12.83635268626602, 4.397806543244034], [12.83635268626602, 4.398528389149452], [12.835991763313311, 4.398528389149452]]]}}, {"id": "63", "type": "Feature", "properties": {"time_step": null}, "geometry": {"type": "Polygon", "coordinates": [[[12.811900156219979, 4.400513465389352], [12.811900156219979, 4.400423234651175], [12.811809925481802, 4.400423234651175], [12.811809925481802, 4.400333003912998], [12.811719694743624, 4.400333003912998], [12.811719694743624, 4.399972080960289], [12.81153923326727, 4.399972080960289], [12.81153923326727, 4.39961115800758], [12.811719694743624, 4.39961115800758], [12.811719694743624, 4.399430696531225], [12.812441540649042, 4.399430696531225], [12.812441540649042, 4.399250235054871], [12.812261079172687, 4.399250235054871], [12.812261079172687, 4.399069773578516], [12.812351309910865, 4.399069773578516], [12.812351309910865, 4.398979542840339], [12.812441540649042, 4.398979542840339], [12.812441540649042, 4.3988893121021615], [12.812622002125398, 4.3988893121021615], [12.812622002125398, 4.398528389149452], [12.812712232863575, 4.398528389149452], [12.812712232863575, 4.398438158411275], [12.812622002125398, 4.398438158411275], [12.812622002125398, 4.398347927673098], [12.812802463601752, 4.398347927673098], [12.812802463601752, 4.3982576969349205], [12.812622002125398, 4.3982576969349205], [12.812622002125398, 4.397987004720389], [12.812712232863575, 4.397987004720389], [12.812712232863575, 4.397896773982211], [12.812802463601752, 4.397896773982211], [12.812802463601752, 4.397445620291325], [12.81289269433993, 4.397445620291325], [12.81289269433993, 4.397265158814971], [12.812982925078106, 4.397265158814971], [12.812982925078106, 4.397445620291325], [12.813073155816284, 4.397445620291325], [12.813073155816284, 4.397535851029502], [12.812982925078106, 4.397535851029502], [12.812982925078106, 4.3976260817676796], [12.813343848030815, 4.3976260817676796], [12.813343848030815, 4.397806543244034], [12.81352430950717, 4.397806543244034], [12.81352430950717, 4.398347927673098], [12.813434078768992, 4.398347927673098], [12.813434078768992, 4.398528389149452], [12.813343848030815, 4.398528389149452], [12.813343848030815, 4.399069773578516], [12.81316338655446, 4.399069773578516], [12.81316338655446, 4.399250235054871], [12.812982925078106, 4.399250235054871], [12.812982925078106, 4.399430696531225], [12.812622002125398, 4.399430696531225], [12.812622002125398, 4.3995209272694025], [12.812712232863575, 4.3995209272694025], [12.812712232863575, 4.39961115800758], [12.813073155816284, 4.39961115800758], [12.813073155816284, 4.399701388745757], [12.81316338655446, 4.399701388745757], [12.81316338655446, 4.399972080960289], [12.813343848030815, 4.399972080960289], [12.813343848030815, 4.400152542436643], [12.81316338655446, 4.400152542436643], [12.81316338655446, 4.400513465389352], [12.811900156219979, 4.400513465389352]]]}}, {"id": "64", "type": "Feature", "properties": {"time_step": null}, "geometry": {"type": "Polygon", "coordinates": [[[12.836894070695084, 4.3988893121021615], [12.836894070695084, 4.398708850625807], [12.836803839956907, 4.398708850625807], [12.836803839956907, 4.39861861988763], [12.836894070695084, 4.39861861988763], [12.836894070695084, 4.398528389149452], [12.836713609218728, 4.398528389149452], [12.836713609218728, 4.398167466196743], [12.836533147742374, 4.398167466196743], [12.836533147742374, 4.397987004720389], [12.836442917004197, 4.397987004720389], [12.836442917004197, 4.397806543244034], [12.83635268626602, 4.397806543244034], [12.83635268626602, 4.397445620291325], [12.836713609218728, 4.397445620291325], [12.836713609218728, 4.397265158814971], [12.836894070695084, 4.397265158814971], [12.836894070695084, 4.397355389553148], [12.837074532171439, 4.397355389553148], [12.837074532171439, 4.397445620291325], [12.837254993647793, 4.397445620291325], [12.837254993647793, 4.3976260817676796], [12.83734522438597, 4.3976260817676796], [12.83734522438597, 4.398708850625807], [12.837254993647793, 4.398708850625807], [12.837254993647793, 4.398799081363984], [12.837164762909616, 4.398799081363984], [12.837164762909616, 4.3988893121021615], [12.836894070695084, 4.3988893121021615]]]}}, {"id": "65", "type": "Feature", "properties": {"time_step": null}, "geometry": {"type": "Polygon", "coordinates": [[[12.7502725620449, 4.397896773982211], [12.7502725620449, 4.397355389553148], [12.750453023521255, 4.397355389553148], [12.750453023521255, 4.397174928076793], [12.75063348499761, 4.397174928076793], [12.75063348499761, 4.396994466600439], [12.75099440795032, 4.396994466600439], [12.75099440795032, 4.397084697338616], [12.751084638688496, 4.397084697338616], [12.751084638688496, 4.397174928076793], [12.751174869426674, 4.397174928076793], [12.751174869426674, 4.397535851029502], [12.75099440795032, 4.397535851029502], [12.75099440795032, 4.397716312505857], [12.750813946473965, 4.397716312505857], [12.750813946473965, 4.397896773982211], [12.7502725620449, 4.397896773982211]]]}}, {"id": "66", "type": "Feature", "properties": {"time_step": null}, "geometry": {"type": "Polygon", "coordinates": [[[12.830577919022675, 4.398708850625807], [12.830577919022675, 4.39861861988763], [12.830487688284498, 4.39861861988763], [12.830487688284498, 4.398528389149452], [12.83039745754632, 4.398528389149452], [12.83039745754632, 4.397806543244034], [12.830487688284498, 4.397806543244034], [12.830487688284498, 4.3976260817676796], [12.830577919022675, 4.3976260817676796], [12.830577919022675, 4.397265158814971], [12.830758380499029, 4.397265158814971], [12.830758380499029, 4.397174928076793], [12.830938841975383, 4.397174928076793], [12.830938841975383, 4.397084697338616], [12.831119303451738, 4.397084697338616], [12.831119303451738, 4.396994466600439], [12.831209534189915, 4.396994466600439], [12.831209534189915, 4.396904235862261], [12.831660687880802, 4.396904235862261], [12.831660687880802, 4.397987004720389], [12.831480226404448, 4.397987004720389], [12.831480226404448, 4.398167466196743], [12.831299764928092, 4.398167466196743], [12.831299764928092, 4.398347927673098], [12.831209534189915, 4.398347927673098], [12.831209534189915, 4.398438158411275], [12.831119303451738, 4.398438158411275], [12.831119303451738, 4.398528389149452], [12.83102907271356, 4.398528389149452], [12.83102907271356, 4.39861861988763], [12.830938841975383, 4.39861861988763], [12.830938841975383, 4.398708850625807], [12.830577919022675, 4.398708850625807]]]}}, {"id": "67", "type": "Feature", "properties": {"time_step": null}, "geometry": {"type": "Polygon", "coordinates": [[[12.809734618503724, 4.397716312505857], [12.809734618503724, 4.397535851029502], [12.80955415702737, 4.397535851029502], [12.80955415702737, 4.397355389553148], [12.809373695551015, 4.397355389553148], [12.809373695551015, 4.396814005124084], [12.809283464812838, 4.396814005124084], [12.809283464812838, 4.396723774385907], [12.809373695551015, 4.396723774385907], [12.809373695551015, 4.396453082171375], [12.80991507998008, 4.396453082171375], [12.80991507998008, 4.3962726206950204], [12.810276002932788, 4.3962726206950204], [12.810276002932788, 4.396182389956843], [12.810456464409143, 4.396182389956843], [12.810456464409143, 4.396092159218666], [12.810727156623674, 4.396092159218666], [12.810727156623674, 4.396182389956843], [12.810636925885497, 4.396182389956843], [12.810636925885497, 4.396543312909552], [12.81054669514732, 4.396543312909552], [12.81054669514732, 4.39663354364773], [12.810456464409143, 4.39663354364773], [12.810456464409143, 4.396994466600439], [12.810366233670965, 4.396994466600439], [12.810366233670965, 4.397174928076793], [12.810276002932788, 4.397174928076793], [12.810276002932788, 4.397355389553148], [12.810095541456434, 4.397355389553148], [12.810095541456434, 4.397716312505857], [12.809734618503724, 4.397716312505857]]]}}, {"id": "68", "type": "Feature", "properties": {"time_step": null}, "geometry": {"type": "Polygon", "coordinates": [[[12.817404231248792, 4.3976260817676796], [12.817404231248792, 4.397445620291325], [12.817133539034261, 4.397445620291325], [12.817133539034261, 4.397265158814971], [12.816953077557907, 4.397265158814971], [12.816953077557907, 4.397084697338616], [12.816682385343375, 4.397084697338616], [12.816682385343375, 4.397174928076793], [12.816592154605198, 4.397174928076793], [12.816592154605198, 4.397265158814971], [12.816231231652488, 4.397265158814971], [12.816231231652488, 4.397084697338616], [12.815689847223425, 4.397084697338616], [12.815689847223425, 4.396723774385907], [12.815599616485247, 4.396723774385907], [12.815599616485247, 4.396543312909552], [12.81550938574707, 4.396543312909552], [12.81550938574707, 4.396182389956843], [12.815689847223425, 4.396182389956843], [12.815689847223425, 4.395821467004134], [12.815870308699779, 4.395821467004134], [12.815870308699779, 4.3956410055277795], [12.816050770176133, 4.3956410055277795], [12.816050770176133, 4.395460544051425], [12.816411693128842, 4.395460544051425], [12.816411693128842, 4.3956410055277795], [12.816953077557907, 4.3956410055277795], [12.816953077557907, 4.395821467004134], [12.817674923463324, 4.395821467004134], [12.817674923463324, 4.396001928480489], [12.817765154201501, 4.396001928480489], [12.817765154201501, 4.396092159218666], [12.817855384939678, 4.396092159218666], [12.817855384939678, 4.396723774385907], [12.818035846416034, 4.396723774385907], [12.818035846416034, 4.396994466600439], [12.817945615677857, 4.396994466600439], [12.817945615677857, 4.397084697338616], [12.817855384939678, 4.397084697338616], [12.817855384939678, 4.397265158814971], [12.817674923463324, 4.397265158814971], [12.817674923463324, 4.397445620291325], [12.817584692725147, 4.397445620291325], [12.817584692725147, 4.397535851029502], [12.81749446198697, 4.397535851029502], [12.81749446198697, 4.3976260817676796], [12.817404231248792, 4.3976260817676796]]]}}, {"id": "69", "type": "Feature", "properties": {"time_step": null}, "geometry": {"type": "Polygon", "coordinates": [[[12.775086015043652, 4.396182389956843], [12.775086015043652, 4.396001928480489], [12.774995784305474, 4.396001928480489], [12.774995784305474, 4.395821467004134], [12.77481532282912, 4.395821467004134], [12.77481532282912, 4.3956410055277795], [12.774995784305474, 4.3956410055277795], [12.774995784305474, 4.395280082575071], [12.775356707258183, 4.395280082575071], [12.775356707258183, 4.395460544051425], [12.77544693799636, 4.395460544051425], [12.77544693799636, 4.395550774789602], [12.775537168734537, 4.395550774789602], [12.775537168734537, 4.396182389956843], [12.775086015043652, 4.396182389956843]]]}}, {"id": "70", "type": "Feature", "properties": {"time_step": null}, "geometry": {"type": "Polygon", "coordinates": [[[12.833826225597056, 4.396182389956843], [12.833826225597056, 4.395550774789602], [12.833916456335233, 4.395550774789602], [12.833916456335233, 4.395460544051425], [12.83400668707341, 4.395460544051425], [12.83400668707341, 4.395099621098716], [12.83409691781159, 4.395099621098716], [12.83409691781159, 4.3950093903605385], [12.834187148549766, 4.3950093903605385], [12.834187148549766, 4.394919159622361], [12.83472853297883, 4.394919159622361], [12.83472853297883, 4.395280082575071], [12.834908994455184, 4.395280082575071], [12.834908994455184, 4.395550774789602], [12.834818763717006, 4.395550774789602], [12.834818763717006, 4.3956410055277795], [12.83472853297883, 4.3956410055277795], [12.83472853297883, 4.396001928480489], [12.834548071502475, 4.396001928480489], [12.834548071502475, 4.396182389956843], [12.833826225597056, 4.396182389956843]]]}}, {"id": "71", "type": "Feature", "properties": {"time_step": null}, "geometry": {"type": "Polygon", "coordinates": [[[12.777973398665324, 4.396182389956843], [12.777973398665324, 4.396001928480489], [12.777883167927147, 4.396001928480489], [12.777883167927147, 4.395911697742312], [12.77779293718897, 4.395911697742312], [12.77779293718897, 4.395731236265957], [12.777883167927147, 4.395731236265957], [12.777883167927147, 4.3956410055277795], [12.777702706450793, 4.3956410055277795], [12.777702706450793, 4.395280082575071], [12.777883167927147, 4.395280082575071], [12.777883167927147, 4.395099621098716], [12.778063629403501, 4.395099621098716], [12.778063629403501, 4.394919159622361], [12.778244090879856, 4.394919159622361], [12.778244090879856, 4.394828928884184], [12.778785475308919, 4.394828928884184], [12.778785475308919, 4.394738698146007], [12.778965936785275, 4.394738698146007], [12.778965936785275, 4.3950093903605385], [12.778875706047097, 4.3950093903605385], [12.778875706047097, 4.395821467004134], [12.778695244570741, 4.395821467004134], [12.778695244570741, 4.396001928480489], [12.778334321618033, 4.396001928480489], [12.778334321618033, 4.396092159218666], [12.778153860141678, 4.396092159218666], [12.778153860141678, 4.396182389956843], [12.777973398665324, 4.396182389956843]]]}}, {"id": "72", "type": "Feature", "properties": {"time_step": null}, "geometry": {"type": "Polygon", "coordinates": [[[12.80287708240225, 4.395370313313248], [12.80287708240225, 4.3950093903605385], [12.802786851664074, 4.3950093903605385], [12.802786851664074, 4.394919159622361], [12.802696620925897, 4.394919159622361], [12.802696620925897, 4.39464846740783], [12.80287708240225, 4.39464846740783], [12.80287708240225, 4.394828928884184], [12.803057543878605, 4.394828928884184], [12.803057543878605, 4.39464846740783], [12.803418466831316, 4.39464846740783], [12.803418466831316, 4.394468005931475], [12.803779389784024, 4.394468005931475], [12.803779389784024, 4.3943777751932975], [12.803959851260378, 4.3943777751932975], [12.803959851260378, 4.394468005931475], [12.804140312736733, 4.394468005931475], [12.804140312736733, 4.39464846740783], [12.803869620522201, 4.39464846740783], [12.803869620522201, 4.394738698146007], [12.803779389784024, 4.394738698146007], [12.803779389784024, 4.394828928884184], [12.803418466831316, 4.394828928884184], [12.803418466831316, 4.395370313313248], [12.80287708240225, 4.395370313313248]]]}}, {"id": "73", "type": "Feature", "properties": {"time_step": null}, "geometry": {"type": "Polygon", "coordinates": [[[12.780860782286997, 4.3956410055277795], [12.780860782286997, 4.395550774789602], [12.780951013025174, 4.395550774789602], [12.780951013025174, 4.395460544051425], [12.780860782286997, 4.395460544051425], [12.780860782286997, 4.395280082575071], [12.780680320810642, 4.395280082575071], [12.780680320810642, 4.394738698146007], [12.780860782286997, 4.394738698146007], [12.780860782286997, 4.394558236669653], [12.781041243763351, 4.394558236669653], [12.781041243763351, 4.394738698146007], [12.781221705239705, 4.394738698146007], [12.781221705239705, 4.39464846740783], [12.78140216671606, 4.39464846740783], [12.78140216671606, 4.394558236669653], [12.781582628192416, 4.394558236669653], [12.781582628192416, 4.394468005931475], [12.781853320406947, 4.394468005931475], [12.781853320406947, 4.394558236669653], [12.782124012621479, 4.394558236669653], [12.782124012621479, 4.3943777751932975], [12.782214243359656, 4.3943777751932975], [12.782214243359656, 4.39428754445512], [12.782304474097833, 4.39428754445512], [12.782304474097833, 4.394197313716943], [12.782575166312364, 4.394197313716943], [12.782575166312364, 4.39428754445512], [12.782665397050542, 4.39428754445512], [12.782665397050542, 4.394558236669653], [12.782755627788719, 4.394558236669653], [12.782755627788719, 4.39464846740783], [12.782665397050542, 4.39464846740783], [12.782665397050542, 4.394738698146007], [12.782304474097833, 4.394738698146007], [12.782304474097833, 4.395099621098716], [12.782124012621479, 4.395099621098716], [12.782124012621479, 4.395280082575071], [12.781311935977882, 4.395280082575071], [12.781311935977882, 4.395099621098716], [12.781131474501528, 4.395099621098716], [12.781131474501528, 4.395189851836893], [12.781041243763351, 4.395189851836893], [12.781041243763351, 4.3956410055277795], [12.780860782286997, 4.3956410055277795]]]}}, {"id": "74", "type": "Feature", "properties": {"time_step": null}, "geometry": {"type": "Polygon", "coordinates": [[[12.74765587063776, 4.397716312505857], [12.74765587063776, 4.3976260817676796], [12.747565639899582, 4.3976260817676796], [12.747565639899582, 4.397355389553148], [12.74729494768505, 4.397355389553148], [12.74729494768505, 4.3962726206950204], [12.747385178423228, 4.3962726206950204], [12.747385178423228, 4.396182389956843], [12.74729494768505, 4.396182389956843], [12.74729494768505, 4.3956410055277795], [12.747385178423228, 4.3956410055277795], [12.747385178423228, 4.395550774789602], [12.74729494768505, 4.395550774789602], [12.74729494768505, 4.39464846740783], [12.747565639899582, 4.39464846740783], [12.747565639899582, 4.394828928884184], [12.747746101375936, 4.394828928884184], [12.747746101375936, 4.39428754445512], [12.747836332114115, 4.39428754445512], [12.747836332114115, 4.394197313716943], [12.747926562852292, 4.394197313716943], [12.747926562852292, 4.394107082978766], [12.748467947281355, 4.394107082978766], [12.748467947281355, 4.393926621502412], [12.74864840875771, 4.393926621502412], [12.74864840875771, 4.394107082978766], [12.748738639495887, 4.394107082978766], [12.748738639495887, 4.394197313716943], [12.74864840875771, 4.394197313716943], [12.74864840875771, 4.394468005931475], [12.748828870234064, 4.394468005931475], [12.748828870234064, 4.395731236265957], [12.74864840875771, 4.395731236265957], [12.74864840875771, 4.3962726206950204], [12.748287485805001, 4.3962726206950204], [12.748287485805001, 4.396453082171375], [12.748467947281355, 4.396453082171375], [12.748467947281355, 4.39663354364773], [12.74864840875771, 4.39663354364773], [12.74864840875771, 4.396814005124084], [12.748467947281355, 4.396814005124084], [12.748467947281355, 4.397355389553148], [12.748287485805001, 4.397355389553148], [12.748287485805001, 4.397535851029502], [12.748107024328647, 4.397535851029502], [12.748107024328647, 4.397716312505857], [12.74765587063776, 4.397716312505857]], [[12.747385178423228, 4.395550774789602], [12.747565639899582, 4.395550774789602], [12.747565639899582, 4.395370313313248], [12.747385178423228, 4.395370313313248], [12.747385178423228, 4.395550774789602]], [[12.747565639899582, 4.395370313313248], [12.747746101375936, 4.395370313313248], [12.747746101375936, 4.395189851836893], [12.747565639899582, 4.395189851836893], [12.747565639899582, 4.395370313313248]]]}}, {"id": "75", "type": "Feature", "properties": {"time_step": null}, "geometry": {"type": "Polygon", "coordinates": [[[12.77643947611631, 4.394738698146007], [12.77643947611631, 4.394558236669653], [12.776259014639956, 4.394558236669653], [12.776259014639956, 4.394197313716943], [12.77643947611631, 4.394197313716943], [12.77643947611631, 4.394016852240589], [12.776619937592665, 4.394016852240589], [12.776619937592665, 4.393836390764234], [12.777161322021728, 4.393836390764234], [12.777161322021728, 4.394738698146007], [12.77643947611631, 4.394738698146007]]]}}, {"id": "76", "type": "Feature", "properties": {"time_step": null}, "geometry": {"type": "Polygon", "coordinates": [[[12.77842455235621, 4.39464846740783], [12.77842455235621, 4.394558236669653], [12.778244090879856, 4.394558236669653], [12.778244090879856, 4.393655929287879], [12.778785475308919, 4.393655929287879], [12.778785475308919, 4.393475467811525], [12.778875706047097, 4.393475467811525], [12.778875706047097, 4.393565698549702], [12.778965936785275, 4.393565698549702], [12.778965936785275, 4.393295006335171], [12.779146398261629, 4.393295006335171], [12.779146398261629, 4.393475467811525], [12.779326859737983, 4.393475467811525], [12.779326859737983, 4.394197313716943], [12.779056167523452, 4.394197313716943], [12.779056167523452, 4.39428754445512], [12.778965936785275, 4.39428754445512], [12.778965936785275, 4.3943777751932975], [12.778785475308919, 4.3943777751932975], [12.778785475308919, 4.394558236669653], [12.778605013832564, 4.394558236669653], [12.778605013832564, 4.39464846740783], [12.77842455235621, 4.39464846740783]], [[12.778965936785275, 4.394016852240589], [12.779056167523452, 4.394016852240589], [12.779056167523452, 4.393836390764234], [12.778965936785275, 4.393836390764234], [12.778965936785275, 4.394016852240589]]]}}, {"id": "77", "type": "Feature", "properties": {"time_step": null}, "geometry": {"type": "Polygon", "coordinates": [[[12.810997848838205, 4.394468005931475], [12.810997848838205, 4.39428754445512], [12.810817387361851, 4.39428754445512], [12.810817387361851, 4.394107082978766], [12.810636925885497, 4.394107082978766], [12.810636925885497, 4.393746160026057], [12.810817387361851, 4.393746160026057], [12.810817387361851, 4.393565698549702], [12.810997848838205, 4.393565698549702], [12.810997848838205, 4.393385237073348], [12.811088079576383, 4.393385237073348], [12.811088079576383, 4.393295006335171], [12.811358771790916, 4.393295006335171], [12.811358771790916, 4.393385237073348], [12.81153923326727, 4.393385237073348], [12.81153923326727, 4.394107082978766], [12.811449002529093, 4.394107082978766], [12.811449002529093, 4.394197313716943], [12.811358771790916, 4.394197313716943], [12.811358771790916, 4.3943777751932975], [12.811268541052739, 4.3943777751932975], [12.811268541052739, 4.394468005931475], [12.810997848838205, 4.394468005931475]]]}}, {"id": "78", "type": "Feature", "properties": {"time_step": null}, "geometry": {"type": "Polygon", "coordinates": [[[12.78140216671606, 4.39428754445512], [12.78140216671606, 4.394197313716943], [12.781041243763351, 4.394197313716943], [12.781041243763351, 4.393655929287879], [12.781221705239705, 4.393655929287879], [12.781221705239705, 4.393565698549702], [12.781311935977882, 4.393565698549702], [12.781311935977882, 4.393475467811525], [12.781492397454237, 4.393475467811525], [12.781492397454237, 4.393295006335171], [12.781672858930593, 4.393295006335171], [12.781672858930593, 4.393114544858816], [12.781853320406947, 4.393114544858816], [12.781853320406947, 4.393204775596994], [12.78176308966877, 4.393204775596994], [12.78176308966877, 4.393295006335171], [12.781943551145124, 4.393295006335171], [12.781943551145124, 4.393565698549702], [12.782033781883301, 4.393565698549702], [12.782033781883301, 4.393655929287879], [12.782304474097833, 4.393655929287879], [12.782304474097833, 4.393836390764234], [12.78239470483601, 4.393836390764234], [12.78239470483601, 4.393926621502412], [12.782304474097833, 4.393926621502412], [12.782304474097833, 4.394016852240589], [12.782124012621479, 4.394016852240589], [12.782124012621479, 4.394197313716943], [12.78176308966877, 4.394197313716943], [12.78176308966877, 4.39428754445512], [12.78140216671606, 4.39428754445512]]]}}, {"id": "79", "type": "Feature", "properties": {"time_step": null}, "geometry": {"type": "Polygon", "coordinates": [[[12.812441540649042, 4.394828928884184], [12.812441540649042, 4.394107082978766], [12.812622002125398, 4.394107082978766], [12.812622002125398, 4.394016852240589], [12.812712232863575, 4.394016852240589], [12.812712232863575, 4.393926621502412], [12.812982925078106, 4.393926621502412], [12.812982925078106, 4.393746160026057], [12.81316338655446, 4.393746160026057], [12.81316338655446, 4.393385237073348], [12.813343848030815, 4.393385237073348], [12.813343848030815, 4.393024314120638], [12.81352430950717, 4.393024314120638], [12.81352430950717, 4.392843852644284], [12.813704770983524, 4.392843852644284], [12.813704770983524, 4.392934083382461], [12.8137950017217, 4.392934083382461], [12.8137950017217, 4.393024314120638], [12.814065693936234, 4.393024314120638], [12.814065693936234, 4.393114544858816], [12.814246155412588, 4.393114544858816], [12.814246155412588, 4.393204775596994], [12.814426616888943, 4.393204775596994], [12.814426616888943, 4.3943777751932975], [12.814155924674411, 4.3943777751932975], [12.814155924674411, 4.39428754445512], [12.81388523245988, 4.39428754445512], [12.81388523245988, 4.394468005931475], [12.81316338655446, 4.394468005931475], [12.81316338655446, 4.39464846740783], [12.812982925078106, 4.39464846740783], [12.812982925078106, 4.394828928884184], [12.812441540649042, 4.394828928884184]]]}}, {"id": "80", "type": "Feature", "properties": {"time_step": null}, "geometry": {"type": "Polygon", "coordinates": [[[12.818757692321451, 4.394016852240589], [12.818757692321451, 4.393836390764234], [12.818667461583274, 4.393836390764234], [12.818667461583274, 4.393746160026057], [12.818577230845097, 4.393746160026057], [12.818577230845097, 4.393475467811525], [12.818757692321451, 4.393475467811525], [12.818757692321451, 4.393114544858816], [12.818938153797806, 4.393114544858816], [12.818938153797806, 4.392934083382461], [12.81911861527416, 4.392934083382461], [12.81911861527416, 4.392753621906107], [12.819659999703225, 4.392753621906107], [12.819659999703225, 4.392934083382461], [12.820020922655933, 4.392934083382461], [12.820020922655933, 4.393295006335171], [12.819840461179579, 4.393295006335171], [12.819840461179579, 4.393475467811525], [12.819659999703225, 4.393475467811525], [12.819659999703225, 4.393655929287879], [12.81947953822687, 4.393655929287879], [12.81947953822687, 4.393836390764234], [12.819299076750516, 4.393836390764234], [12.819299076750516, 4.394016852240589], [12.818757692321451, 4.394016852240589]]]}}, {"id": "81", "type": "Feature", "properties": {"time_step": null}, "geometry": {"type": "Polygon", "coordinates": [[[12.810005310718257, 4.393565698549702], [12.810005310718257, 4.393385237073348], [12.80991507998008, 4.393385237073348], [12.80991507998008, 4.39266339116793], [12.810456464409143, 4.39266339116793], [12.810456464409143, 4.392482929691575], [12.810997848838205, 4.392482929691575], [12.810997848838205, 4.39266339116793], [12.811178310314562, 4.39266339116793], [12.811178310314562, 4.393204775596994], [12.810997848838205, 4.393204775596994], [12.810997848838205, 4.393385237073348], [12.810817387361851, 4.393385237073348], [12.810817387361851, 4.393565698549702], [12.810005310718257, 4.393565698549702]]]}}, {"id": "82", "type": "Feature", "properties": {"time_step": null}, "geometry": {"type": "Polygon", "coordinates": [[[12.795478161871715, 4.393475467811525], [12.795478161871715, 4.393385237073348], [12.795117238919007, 4.393385237073348], [12.795117238919007, 4.393204775596994], [12.794756315966296, 4.393204775596994], [12.794756315966296, 4.393024314120638], [12.794666085228119, 4.393024314120638], [12.794666085228119, 4.392934083382461], [12.794756315966296, 4.392934083382461], [12.794756315966296, 4.39266339116793], [12.79493677744265, 4.39266339116793], [12.79493677744265, 4.392482929691575], [12.79502700818083, 4.392482929691575], [12.79502700818083, 4.3923926989533975], [12.795117238919007, 4.3923926989533975], [12.795117238919007, 4.39230246821522], [12.795297700395361, 4.39230246821522], [12.795297700395361, 4.392212237477043], [12.795478161871715, 4.392212237477043], [12.795478161871715, 4.39230246821522], [12.79565862334807, 4.39230246821522], [12.79565862334807, 4.392122006738866], [12.796019546300778, 4.392122006738866], [12.796019546300778, 4.392482929691575], [12.796200007777133, 4.392482929691575], [12.796200007777133, 4.392753621906107], [12.796019546300778, 4.392753621906107], [12.796019546300778, 4.39266339116793], [12.795839084824424, 4.39266339116793], [12.795839084824424, 4.392843852644284], [12.79565862334807, 4.392843852644284], [12.79565862334807, 4.393385237073348], [12.795568392609892, 4.393385237073348], [12.795568392609892, 4.393475467811525], [12.795478161871715, 4.393475467811525]]]}}, {"id": "83", "type": "Feature", "properties": {"time_step": null}, "geometry": {"type": "Polygon", "coordinates": [[[12.797733930326148, 4.393204775596994], [12.797733930326148, 4.393024314120638], [12.797643699587969, 4.393024314120638], [12.797643699587969, 4.392934083382461], [12.797553468849792, 4.392934083382461], [12.797553468849792, 4.392843852644284], [12.797463238111614, 4.392843852644284], [12.797463238111614, 4.392753621906107], [12.797553468849792, 4.392753621906107], [12.797553468849792, 4.392573160429753], [12.797463238111614, 4.392573160429753], [12.797463238111614, 4.392122006738866], [12.79800462254068, 4.392122006738866], [12.79800462254068, 4.39230246821522], [12.798185084017033, 4.39230246821522], [12.798185084017033, 4.392482929691575], [12.798546006969742, 4.392482929691575], [12.798546006969742, 4.392843852644284], [12.798365545493388, 4.392843852644284], [12.798365545493388, 4.392934083382461], [12.798185084017033, 4.392934083382461], [12.798185084017033, 4.393024314120638], [12.79800462254068, 4.393024314120638], [12.79800462254068, 4.393204775596994], [12.797733930326148, 4.393204775596994]]]}}, {"id": "84", "type": "Feature", "properties": {"time_step": null}, "geometry": {"type": "Polygon", "coordinates": [[[12.808110465216533, 4.393024314120638], [12.808110465216533, 4.392843852644284], [12.808020234478356, 4.392843852644284], [12.808020234478356, 4.392753621906107], [12.807930003740179, 4.392753621906107], [12.807930003740179, 4.39230246821522], [12.808020234478356, 4.39230246821522], [12.808020234478356, 4.392122006738866], [12.808110465216533, 4.392122006738866], [12.808110465216533, 4.391941545262512], [12.808381157431064, 4.391941545262512], [12.808381157431064, 4.392031776000689], [12.808471388169242, 4.392031776000689], [12.808471388169242, 4.392122006738866], [12.808651849645598, 4.392122006738866], [12.808651849645598, 4.392843852644284], [12.808471388169242, 4.392843852644284], [12.808471388169242, 4.393024314120638], [12.808110465216533, 4.393024314120638]]]}}, {"id": "85", "type": "Feature", "properties": {"time_step": null}, "geometry": {"type": "Polygon", "coordinates": [[[12.83635268626602, 4.394738698146007], [12.83635268626602, 4.39464846740783], [12.836262455527843, 4.39464846740783], [12.836262455527843, 4.394558236669653], [12.835991763313311, 4.394558236669653], [12.835991763313311, 4.3943777751932975], [12.835811301836957, 4.3943777751932975], [12.835811301836957, 4.393295006335171], [12.835630840360603, 4.393295006335171], [12.835630840360603, 4.393114544858816], [12.835450378884248, 4.393114544858816], [12.835450378884248, 4.392934083382461], [12.834908994455184, 4.392934083382461], [12.834908994455184, 4.393024314120638], [12.83472853297883, 4.393024314120638], [12.83472853297883, 4.393114544858816], [12.834457840764298, 4.393114544858816], [12.834457840764298, 4.393024314120638], [12.83436761002612, 4.393024314120638], [12.83436761002612, 4.392934083382461], [12.834187148549766, 4.392934083382461], [12.834187148549766, 4.392212237477043], [12.83436761002612, 4.392212237477043], [12.83436761002612, 4.392031776000689], [12.834638302240652, 4.392031776000689], [12.834638302240652, 4.391941545262512], [12.83472853297883, 4.391941545262512], [12.83472853297883, 4.3918513145243345], [12.83536014814607, 4.3918513145243345], [12.83536014814607, 4.3917610837861565], [12.835450378884248, 4.3917610837861565], [12.835450378884248, 4.391670853047979], [12.835811301836957, 4.391670853047979], [12.835811301836957, 4.3918513145243345], [12.836172224789665, 4.3918513145243345], [12.836172224789665, 4.392031776000689], [12.836533147742374, 4.392031776000689], [12.836533147742374, 4.392212237477043], [12.836713609218728, 4.392212237477043], [12.836713609218728, 4.3923926989533975], [12.836894070695084, 4.3923926989533975], [12.836894070695084, 4.392753621906107], [12.837074532171439, 4.392753621906107], [12.837074532171439, 4.392934083382461], [12.83734522438597, 4.392934083382461], [12.83734522438597, 4.393836390764234], [12.837254993647793, 4.393836390764234], [12.837254993647793, 4.394558236669653], [12.837074532171439, 4.394558236669653], [12.837074532171439, 4.39464846740783], [12.836894070695084, 4.39464846740783], [12.836894070695084, 4.394738698146007], [12.83635268626602, 4.394738698146007]]]}}, {"id": "86", "type": "Feature", "properties": {"time_step": null}, "geometry": {"type": "Polygon", "coordinates": [[[12.77283024658922, 4.392753621906107], [12.77283024658922, 4.392031776000689], [12.773010708065573, 4.392031776000689], [12.773010708065573, 4.3918513145243345], [12.773191169541928, 4.3918513145243345], [12.773191169541928, 4.391670853047979], [12.773461861756461, 4.391670853047979], [12.773461861756461, 4.3917610837861565], [12.773552092494638, 4.3917610837861565], [12.773552092494638, 4.3918513145243345], [12.773732553970992, 4.3918513145243345], [12.773732553970992, 4.3923926989533975], [12.773642323232815, 4.3923926989533975], [12.773642323232815, 4.392573160429753], [12.773371631018282, 4.392573160429753], [12.773371631018282, 4.39266339116793], [12.773191169541928, 4.39266339116793], [12.773191169541928, 4.392753621906107], [12.77283024658922, 4.392753621906107]]]}}, {"id": "87", "type": "Feature", "properties": {"time_step": null}, "geometry": {"type": "Polygon", "coordinates": [[[12.805493773809392, 4.39266339116793], [12.805493773809392, 4.392482929691575], [12.805403543071215, 4.392482929691575], [12.805403543071215, 4.39230246821522], [12.804501235689443, 4.39230246821522], [12.804501235689443, 4.392212237477043], [12.804320774213087, 4.392212237477043], [12.804320774213087, 4.392122006738866], [12.804140312736733, 4.392122006738866], [12.804140312736733, 4.391941545262512], [12.803959851260378, 4.391941545262512], [12.803959851260378, 4.3917610837861565], [12.804140312736733, 4.3917610837861565], [12.804140312736733, 4.391670853047979], [12.80423054347491, 4.391670853047979], [12.80423054347491, 4.391580622309802], [12.804320774213087, 4.391580622309802], [12.804320774213087, 4.391670853047979], [12.804411004951264, 4.391670853047979], [12.804411004951264, 4.3917610837861565], [12.804681697165798, 4.3917610837861565], [12.804681697165798, 4.391580622309802], [12.804501235689443, 4.391580622309802], [12.804501235689443, 4.3912196993570936], [12.805042620118506, 4.3912196993570936], [12.805042620118506, 4.391400160833448], [12.806305850452988, 4.391400160833448], [12.806305850452988, 4.391580622309802], [12.806486311929342, 4.391580622309802], [12.806486311929342, 4.391941545262512], [12.806305850452988, 4.391941545262512], [12.806305850452988, 4.392482929691575], [12.806125388976634, 4.392482929691575], [12.806125388976634, 4.39266339116793], [12.805493773809392, 4.39266339116793]]]}}, {"id": "88", "type": "Feature", "properties": {"time_step": null}, "geometry": {"type": "Polygon", "coordinates": [[[12.808651849645598, 4.3918513145243345], [12.808651849645598, 4.3917610837861565], [12.808471388169242, 4.3917610837861565], [12.808471388169242, 4.391400160833448], [12.808651849645598, 4.391400160833448], [12.808651849645598, 4.3912196993570936], [12.808742080383775, 4.3912196993570936], [12.808742080383775, 4.391039237880738], [12.808832311121952, 4.391039237880738], [12.808832311121952, 4.390949007142561], [12.80892254186013, 4.390949007142561], [12.80892254186013, 4.390858776404384], [12.809012772598306, 4.390858776404384], [12.809012772598306, 4.39067831492803], [12.809373695551015, 4.39067831492803], [12.809373695551015, 4.391039237880738], [12.80919323407466, 4.391039237880738], [12.80919323407466, 4.3912196993570936], [12.809012772598306, 4.3912196993570936], [12.809012772598306, 4.391580622309802], [12.80892254186013, 4.391580622309802], [12.80892254186013, 4.3917610837861565], [12.808832311121952, 4.3917610837861565], [12.808832311121952, 4.3918513145243345], [12.808651849645598, 4.3918513145243345]]]}}, {"id": "89", "type": "Feature", "properties": {"time_step": null}, "geometry": {"type": "Polygon", "coordinates": [[[12.754874329691942, 4.392031776000689], [12.754874329691942, 4.391941545262512], [12.754423176001055, 4.391941545262512], [12.754423176001055, 4.3918513145243345], [12.7542427145247, 4.3918513145243345], [12.7542427145247, 4.3917610837861565], [12.753881791571992, 4.3917610837861565], [12.753881791571992, 4.391400160833448], [12.753701330095637, 4.391400160833448], [12.753701330095637, 4.3912196993570936], [12.753881791571992, 4.3912196993570936], [12.753881791571992, 4.391039237880738], [12.754062253048346, 4.391039237880738], [12.754062253048346, 4.390858776404384], [12.754423176001055, 4.390858776404384], [12.754423176001055, 4.39067831492803], [12.755145021906474, 4.39067831492803], [12.755145021906474, 4.3912196993570936], [12.755325483382828, 4.3912196993570936], [12.755325483382828, 4.3918513145243345], [12.755145021906474, 4.3918513145243345], [12.755145021906474, 4.392031776000689], [12.754874329691942, 4.392031776000689]]]}}, {"id": "90", "type": "Feature", "properties": {"time_step": null}, "geometry": {"type": "Polygon", "coordinates": [[[12.756769175193664, 4.392212237477043], [12.756769175193664, 4.392031776000689], [12.75658871371731, 4.392031776000689], [12.75658871371731, 4.391490391571625], [12.756408252240956, 4.391490391571625], [12.756408252240956, 4.390949007142561], [12.756227790764601, 4.390949007142561], [12.756227790764601, 4.390768545666207], [12.756408252240956, 4.390768545666207], [12.756408252240956, 4.390588084189853], [12.75658871371731, 4.390588084189853], [12.75658871371731, 4.390407622713497], [12.756769175193664, 4.390407622713497], [12.756769175193664, 4.390497853451675], [12.756859405931841, 4.390497853451675], [12.756859405931841, 4.390588084189853], [12.756949636670019, 4.390588084189853], [12.756949636670019, 4.3911294686189155], [12.757130098146373, 4.3911294686189155], [12.757130098146373, 4.391490391571625], [12.75722032888455, 4.391490391571625], [12.75722032888455, 4.391670853047979], [12.757310559622729, 4.391670853047979], [12.757310559622729, 4.3918513145243345], [12.75722032888455, 4.3918513145243345], [12.75722032888455, 4.391941545262512], [12.757130098146373, 4.391941545262512], [12.757130098146373, 4.392212237477043], [12.756769175193664, 4.392212237477043]]]}}, {"id": "91", "type": "Feature", "properties": {"time_step": null}, "geometry": {"type": "Polygon", "coordinates": [[[12.790966624962852, 4.3912196993570936], [12.790966624962852, 4.39067831492803], [12.79168847086827, 4.39067831492803], [12.79168847086827, 4.39031739197532], [12.792229855297332, 4.39031739197532], [12.792229855297332, 4.39067831492803], [12.792049393820978, 4.39067831492803], [12.792049393820978, 4.390858776404384], [12.791868932344624, 4.390858776404384], [12.791868932344624, 4.391039237880738], [12.791778701606447, 4.391039237880738], [12.791778701606447, 4.3912196993570936], [12.790966624962852, 4.3912196993570936]]]}}, {"id": "92", "type": "Feature", "properties": {"time_step": null}, "geometry": {"type": "Polygon", "coordinates": [[[12.814877770579828, 4.393295006335171], [12.814877770579828, 4.393204775596994], [12.814787539841651, 4.393204775596994], [12.814787539841651, 4.393024314120638], [12.814607078365297, 4.393024314120638], [12.814607078365297, 4.39266339116793], [12.814787539841651, 4.39266339116793], [12.814787539841651, 4.392482929691575], [12.814968001318006, 4.392482929691575], [12.814968001318006, 4.392031776000689], [12.814877770579828, 4.392031776000689], [12.814877770579828, 4.391941545262512], [12.814246155412588, 4.391941545262512], [12.814246155412588, 4.3917610837861565], [12.814065693936234, 4.3917610837861565], [12.814065693936234, 4.391400160833448], [12.81451684762712, 4.391400160833448], [12.81451684762712, 4.391490391571625], [12.814607078365297, 4.391490391571625], [12.814607078365297, 4.391309930095271], [12.81451684762712, 4.391309930095271], [12.81451684762712, 4.3912196993570936], [12.814426616888943, 4.3912196993570936], [12.814426616888943, 4.391039237880738], [12.814787539841651, 4.391039237880738], [12.814787539841651, 4.39067831492803], [12.814968001318006, 4.39067831492803], [12.814968001318006, 4.390497853451675], [12.81514846279436, 4.390497853451675], [12.81514846279436, 4.39031739197532], [12.81550938574707, 4.39031739197532], [12.81550938574707, 4.390407622713497], [12.815599616485247, 4.390407622713497], [12.815599616485247, 4.390497853451675], [12.815689847223425, 4.390497853451675], [12.815689847223425, 4.390407622713497], [12.815870308699779, 4.390407622713497], [12.815870308699779, 4.390497853451675], [12.816321462390665, 4.390497853451675], [12.816321462390665, 4.390588084189853], [12.816411693128842, 4.390588084189853], [12.816411693128842, 4.39067831492803], [12.816501923867019, 4.39067831492803], [12.816501923867019, 4.390768545666207], [12.816592154605198, 4.390768545666207], [12.816592154605198, 4.3911294686189155], [12.816411693128842, 4.3911294686189155], [12.816411693128842, 4.391490391571625], [12.816231231652488, 4.391490391571625], [12.816231231652488, 4.3918513145243345], [12.815870308699779, 4.3918513145243345], [12.815870308699779, 4.392031776000689], [12.815780077961602, 4.392031776000689], [12.815780077961602, 4.392122006738866], [12.815689847223425, 4.392122006738866], [12.815689847223425, 4.392212237477043], [12.815870308699779, 4.392212237477043], [12.815870308699779, 4.392843852644284], [12.815780077961602, 4.392843852644284], [12.815780077961602, 4.392934083382461], [12.815689847223425, 4.392934083382461], [12.815689847223425, 4.393114544858816], [12.815238693532539, 4.393114544858816], [12.815238693532539, 4.393204775596994], [12.81514846279436, 4.393204775596994], [12.81514846279436, 4.393295006335171], [12.814877770579828, 4.393295006335171]]]}}, {"id": "93", "type": "Feature", "properties": {"time_step": null}, "geometry": {"type": "Polygon", "coordinates": [[[12.83635268626602, 4.391039237880738], [12.83635268626602, 4.390949007142561], [12.835991763313311, 4.390949007142561], [12.835991763313311, 4.390768545666207], [12.835811301836957, 4.390768545666207], [12.835811301836957, 4.390588084189853], [12.835901532575134, 4.390588084189853], [12.835901532575134, 4.390497853451675], [12.835991763313311, 4.390497853451675], [12.835991763313311, 4.390407622713497], [12.83635268626602, 4.390407622713497], [12.83635268626602, 4.390227161237143], [12.836894070695084, 4.390227161237143], [12.836894070695084, 4.390588084189853], [12.836713609218728, 4.390588084189853], [12.836713609218728, 4.390949007142561], [12.836442917004197, 4.390949007142561], [12.836442917004197, 4.391039237880738], [12.83635268626602, 4.391039237880738]]]}}, {"id": "94", "type": "Feature", "properties": {"time_step": null}, "geometry": {"type": "Polygon", "coordinates": [[[12.79565862334807, 4.391941545262512], [12.79565862334807, 4.3918513145243345], [12.795568392609892, 4.3918513145243345], [12.795568392609892, 4.3917610837861565], [12.795387931133538, 4.3917610837861565], [12.795387931133538, 4.391670853047979], [12.795297700395361, 4.391670853047979], [12.795297700395361, 4.3912196993570936], [12.795478161871715, 4.3912196993570936], [12.795478161871715, 4.391039237880738], [12.79565862334807, 4.391039237880738], [12.79565862334807, 4.390858776404384], [12.795748854086247, 4.390858776404384], [12.795748854086247, 4.390768545666207], [12.795839084824424, 4.390768545666207], [12.795839084824424, 4.390497853451675], [12.796019546300778, 4.390497853451675], [12.796019546300778, 4.39031739197532], [12.795839084824424, 4.39031739197532], [12.795839084824424, 4.390136930498966], [12.796109777038955, 4.390136930498966], [12.796109777038955, 4.39031739197532], [12.796560930729843, 4.39031739197532], [12.796560930729843, 4.391309930095271], [12.796741392206197, 4.391309930095271], [12.796741392206197, 4.391400160833448], [12.796560930729843, 4.391400160833448], [12.796560930729843, 4.391580622309802], [12.796380469253489, 4.391580622309802], [12.796380469253489, 4.3917610837861565], [12.796109777038955, 4.3917610837861565], [12.796109777038955, 4.3918513145243345], [12.796019546300778, 4.3918513145243345], [12.796019546300778, 4.391941545262512], [12.79565862334807, 4.391941545262512]]]}}, {"id": "95", "type": "Feature", "properties": {"time_step": null}, "geometry": {"type": "Polygon", "coordinates": [[[12.794575854489942, 4.391941545262512], [12.794575854489942, 4.3917610837861565], [12.79430516227541, 4.3917610837861565], [12.79430516227541, 4.391670853047979], [12.794214931537233, 4.391670853047979], [12.794214931537233, 4.391580622309802], [12.794034470060879, 4.391580622309802], [12.794034470060879, 4.391400160833448], [12.793854008584525, 4.391400160833448], [12.793854008584525, 4.3912196993570936], [12.79331262415546, 4.3912196993570936], [12.79331262415546, 4.391039237880738], [12.793132162679106, 4.391039237880738], [12.793132162679106, 4.390858776404384], [12.793041931940929, 4.390858776404384], [12.793041931940929, 4.390768545666207], [12.793132162679106, 4.390768545666207], [12.793132162679106, 4.390497853451675], [12.793041931940929, 4.390497853451675], [12.793041931940929, 4.390407622713497], [12.792951701202751, 4.390407622713497], [12.792951701202751, 4.39031739197532], [12.793041931940929, 4.39031739197532], [12.793041931940929, 4.390136930498966], [12.79331262415546, 4.390136930498966], [12.79331262415546, 4.389956469022612], [12.793493085631814, 4.389956469022612], [12.793493085631814, 4.390136930498966], [12.79367354710817, 4.390136930498966], [12.79367354710817, 4.390407622713497], [12.793854008584525, 4.390407622713497], [12.793854008584525, 4.390497853451675], [12.794034470060879, 4.390497853451675], [12.794034470060879, 4.39067831492803], [12.794214931537233, 4.39067831492803], [12.794214931537233, 4.390858776404384], [12.794395393013588, 4.390858776404384], [12.794395393013588, 4.391039237880738], [12.794575854489942, 4.391039237880738], [12.794575854489942, 4.391400160833448], [12.794666085228119, 4.391400160833448], [12.794666085228119, 4.391490391571625], [12.794756315966296, 4.391490391571625], [12.794756315966296, 4.3917610837861565], [12.79493677744265, 4.3917610837861565], [12.79493677744265, 4.391941545262512], [12.794575854489942, 4.391941545262512]]]}}, {"id": "96", "type": "Feature", "properties": {"time_step": null}, "geometry": {"type": "Polygon", "coordinates": [[[12.76128071210253, 4.390768545666207], [12.76128071210253, 4.390588084189853], [12.76119048136435, 4.390588084189853], [12.76119048136435, 4.390407622713497], [12.761100250626173, 4.390407622713497], [12.761100250626173, 4.389685776808079], [12.761461173578883, 4.389685776808079], [12.761461173578883, 4.389776007546256], [12.76155140431706, 4.389776007546256], [12.76155140431706, 4.3898662382844345], [12.761641635055238, 4.3898662382844345], [12.761641635055238, 4.390588084189853], [12.761461173578883, 4.390588084189853], [12.761461173578883, 4.390768545666207], [12.76128071210253, 4.390768545666207]]]}}, {"id": "97", "type": "Feature", "properties": {"time_step": null}, "geometry": {"type": "Polygon", "coordinates": [[[12.782936089265075, 4.390227161237143], [12.782936089265075, 4.390046699760789], [12.783116550741429, 4.390046699760789], [12.783116550741429, 4.3898662382844345], [12.783477473694138, 4.3898662382844345], [12.783477473694138, 4.389685776808079], [12.783657935170492, 4.389685776808079], [12.783657935170492, 4.389324853855371], [12.783928627385023, 4.389324853855371], [12.783928627385023, 4.389415084593548], [12.7840188581232, 4.389415084593548], [12.7840188581232, 4.389505315331725], [12.784199319599555, 4.389505315331725], [12.784199319599555, 4.390227161237143], [12.782936089265075, 4.390227161237143]]]}}, {"id": "98", "type": "Feature", "properties": {"time_step": null}, "geometry": {"type": "Polygon", "coordinates": [[[12.814246155412588, 4.39031739197532], [12.814246155412588, 4.390136930498966], [12.814155924674411, 4.390136930498966], [12.814155924674411, 4.390046699760789], [12.814065693936234, 4.390046699760789], [12.814065693936234, 4.389776007546256], [12.814246155412588, 4.389776007546256], [12.814246155412588, 4.389415084593548], [12.814607078365297, 4.389415084593548], [12.814607078365297, 4.389324853855371], [12.814787539841651, 4.389324853855371], [12.814787539841651, 4.389776007546256], [12.814697309103474, 4.389776007546256], [12.814697309103474, 4.3898662382844345], [12.814787539841651, 4.3898662382844345], [12.814787539841651, 4.389956469022612], [12.814607078365297, 4.389956469022612], [12.814607078365297, 4.390046699760789], [12.814787539841651, 4.390046699760789], [12.814787539841651, 4.390136930498966], [12.814607078365297, 4.390136930498966], [12.814607078365297, 4.39031739197532], [12.814246155412588, 4.39031739197532]]]}}, {"id": "99", "type": "Feature", "properties": {"time_step": null}, "geometry": {"type": "Polygon", "coordinates": [[[12.781853320406947, 4.3923926989533975], [12.781853320406947, 4.392212237477043], [12.781672858930593, 4.392212237477043], [12.781672858930593, 4.392031776000689], [12.781492397454237, 4.392031776000689], [12.781492397454237, 4.3918513145243345], [12.781311935977882, 4.3918513145243345], [12.781311935977882, 4.391670853047979], [12.781131474501528, 4.391670853047979], [12.781131474501528, 4.391490391571625], [12.781221705239705, 4.391490391571625], [12.781221705239705, 4.391400160833448], [12.781311935977882, 4.391400160833448], [12.781311935977882, 4.390949007142561], [12.780951013025174, 4.390949007142561], [12.780951013025174, 4.391039237880738], [12.78077055154882, 4.391039237880738], [12.78077055154882, 4.390949007142561], [12.780590090072465, 4.390949007142561], [12.780590090072465, 4.390768545666207], [12.78040962859611, 4.390768545666207], [12.78040962859611, 4.390588084189853], [12.780229167119757, 4.390588084189853], [12.780229167119757, 4.390227161237143], [12.7800487056434, 4.390227161237143], [12.7800487056434, 4.390046699760789], [12.779868244167046, 4.390046699760789], [12.779868244167046, 4.3898662382844345], [12.779597551952515, 4.3898662382844345], [12.779597551952515, 4.389685776808079], [12.779507321214338, 4.389685776808079], [12.779507321214338, 4.389144392379016], [12.779687782690692, 4.389144392379016], [12.779687782690692, 4.388963930902661], [12.7800487056434, 4.388963930902661], [12.7800487056434, 4.389324853855371], [12.780229167119757, 4.389324853855371], [12.780229167119757, 4.389505315331725], [12.780319397857934, 4.389505315331725], [12.780319397857934, 4.389685776808079], [12.78040962859611, 4.389685776808079], [12.78040962859611, 4.389776007546256], [12.780590090072465, 4.389776007546256], [12.780590090072465, 4.389685776808079], [12.781311935977882, 4.389685776808079], [12.781311935977882, 4.3898662382844345], [12.781492397454237, 4.3898662382844345], [12.781492397454237, 4.390046699760789], [12.781672858930593, 4.390046699760789], [12.781672858930593, 4.390227161237143], [12.78176308966877, 4.390227161237143], [12.78176308966877, 4.39031739197532], [12.781853320406947, 4.39031739197532], [12.781853320406947, 4.390768545666207], [12.782033781883301, 4.390768545666207], [12.782033781883301, 4.391309930095271], [12.782575166312364, 4.391309930095271], [12.782575166312364, 4.3911294686189155], [12.783116550741429, 4.3911294686189155], [12.783116550741429, 4.391490391571625], [12.782936089265075, 4.391490391571625], [12.782936089265075, 4.391670853047979], [12.783116550741429, 4.391670853047979], [12.783116550741429, 4.3918513145243345], [12.783838396646846, 4.3918513145243345], [12.783838396646846, 4.392031776000689], [12.78374816590867, 4.392031776000689], [12.78374816590867, 4.392212237477043], [12.783567704432315, 4.392212237477043], [12.783567704432315, 4.3923926989533975], [12.781853320406947, 4.3923926989533975]], [[12.781853320406947, 4.3918513145243345], [12.782033781883301, 4.3918513145243345], [12.782033781883301, 4.391670853047979], [12.781853320406947, 4.391670853047979], [12.781853320406947, 4.3918513145243345]], [[12.782755627788719, 4.391490391571625], [12.782936089265075, 4.391490391571625], [12.782936089265075, 4.391309930095271], [12.782755627788719, 4.391309930095271], [12.782755627788719, 4.391490391571625]]]}}, {"id": "100", "type": "Feature", "properties": {"time_step": null}, "geometry": {"type": "Polygon", "coordinates": [[[12.82741984318647, 4.394558236669653], [12.82741984318647, 4.3943777751932975], [12.827239381710115, 4.3943777751932975], [12.827239381710115, 4.394197313716943], [12.82705892023376, 4.394197313716943], [12.82705892023376, 4.394016852240589], [12.826878458757406, 4.394016852240589], [12.826878458757406, 4.393475467811525], [12.826697997281052, 4.393475467811525], [12.826697997281052, 4.393295006335171], [12.826517535804697, 4.393295006335171], [12.826517535804697, 4.393024314120638], [12.82642730506652, 4.393024314120638], [12.82642730506652, 4.392934083382461], [12.826337074328343, 4.392934083382461], [12.826337074328343, 4.392753621906107], [12.826156612851989, 4.392753621906107], [12.826156612851989, 4.393295006335171], [12.826337074328343, 4.393295006335171], [12.826337074328343, 4.393475467811525], [12.826517535804697, 4.393475467811525], [12.826517535804697, 4.393655929287879], [12.826156612851989, 4.393655929287879], [12.826156612851989, 4.393836390764234], [12.825976151375633, 4.393836390764234], [12.825976151375633, 4.394016852240589], [12.825615228422924, 4.394016852240589], [12.825615228422924, 4.394197313716943], [12.82543476694657, 4.394197313716943], [12.82543476694657, 4.39428754445512], [12.825344536208393, 4.39428754445512], [12.825344536208393, 4.3943777751932975], [12.824712921041153, 4.3943777751932975], [12.824712921041153, 4.394197313716943], [12.824532459564796, 4.394197313716943], [12.824532459564796, 4.394107082978766], [12.824622690302974, 4.394107082978766], [12.824622690302974, 4.394016852240589], [12.822727844801252, 4.394016852240589], [12.822727844801252, 4.394107082978766], [12.822637614063074, 4.394107082978766], [12.822637614063074, 4.394016852240589], [12.822366921848543, 4.394016852240589], [12.822366921848543, 4.394107082978766], [12.822186460372189, 4.394107082978766], [12.822186460372189, 4.394197313716943], [12.822005998895834, 4.394197313716943], [12.822005998895834, 4.394016852240589], [12.821645075943124, 4.394016852240589], [12.821645075943124, 4.393836390764234], [12.821284152990415, 4.393836390764234], [12.821284152990415, 4.393655929287879], [12.821103691514061, 4.393655929287879], [12.821103691514061, 4.393295006335171], [12.821013460775884, 4.393295006335171], [12.821013460775884, 4.393204775596994], [12.821103691514061, 4.393204775596994], [12.821103691514061, 4.393114544858816], [12.821013460775884, 4.393114544858816], [12.821013460775884, 4.392934083382461], [12.821103691514061, 4.392934083382461], [12.821103691514061, 4.392843852644284], [12.821193922252238, 4.392843852644284], [12.821193922252238, 4.392753621906107], [12.821645075943124, 4.392753621906107], [12.821645075943124, 4.392573160429753], [12.82146461446677, 4.392573160429753], [12.82146461446677, 4.3923926989533975], [12.821103691514061, 4.3923926989533975], [12.821103691514061, 4.39266339116793], [12.821013460775884, 4.39266339116793], [12.821013460775884, 4.392753621906107], [12.820562307084996, 4.392753621906107], [12.820562307084996, 4.392573160429753], [12.820201384132288, 4.392573160429753], [12.820201384132288, 4.392753621906107], [12.819930691917756, 4.392753621906107], [12.819930691917756, 4.39266339116793], [12.819840461179579, 4.39266339116793], [12.819840461179579, 4.392573160429753], [12.819659999703225, 4.392573160429753], [12.819659999703225, 4.3923926989533975], [12.81947953822687, 4.3923926989533975], [12.81947953822687, 4.392031776000689], [12.819659999703225, 4.392031776000689], [12.819659999703225, 4.3918513145243345], [12.819840461179579, 4.3918513145243345], [12.819840461179579, 4.391670853047979], [12.820020922655933, 4.391670853047979], [12.820020922655933, 4.391490391571625], [12.820201384132288, 4.391490391571625], [12.820201384132288, 4.391309930095271], [12.820381845608642, 4.391309930095271], [12.820381845608642, 4.3912196993570936], [12.820201384132288, 4.3912196993570936], [12.820201384132288, 4.3911294686189155], [12.819659999703225, 4.3911294686189155], [12.819659999703225, 4.391309930095271], [12.81947953822687, 4.391309930095271], [12.81947953822687, 4.3911294686189155], [12.819389307488693, 4.3911294686189155], [12.819389307488693, 4.391039237880738], [12.819299076750516, 4.391039237880738], [12.819299076750516, 4.390949007142561], [12.819389307488693, 4.390949007142561], [12.819389307488693, 4.390858776404384], [12.81947953822687, 4.390858776404384], [12.81947953822687, 4.390588084189853], [12.819659999703225, 4.390588084189853], [12.819659999703225, 4.390407622713497], [12.819930691917756, 4.390407622713497], [12.819930691917756, 4.39031739197532], [12.82011115339411, 4.39031739197532], [12.82011115339411, 4.390407622713497], [12.820291614870465, 4.390407622713497], [12.820291614870465, 4.390497853451675], [12.820381845608642, 4.390497853451675], [12.820381845608642, 4.390768545666207], [12.820562307084996, 4.390768545666207], [12.820562307084996, 4.391039237880738], [12.820742768561352, 4.391039237880738], [12.820742768561352, 4.390949007142561], [12.820923230037707, 4.390949007142561], [12.820923230037707, 4.391039237880738], [12.821103691514061, 4.391039237880738], [12.821103691514061, 4.390949007142561], [12.821554845204947, 4.390949007142561], [12.821554845204947, 4.390858776404384], [12.821645075943124, 4.390858776404384], [12.821645075943124, 4.390768545666207], [12.822908306277606, 4.390768545666207], [12.822908306277606, 4.390949007142561], [12.82308876775396, 4.390949007142561], [12.82308876775396, 4.3911294686189155], [12.823269229230315, 4.3911294686189155], [12.823269229230315, 4.391309930095271], [12.82344969070667, 4.391309930095271], [12.82344969070667, 4.391490391571625], [12.823269229230315, 4.391490391571625], [12.823269229230315, 4.392122006738866], [12.823359459968493, 4.392122006738866], [12.823359459968493, 4.392212237477043], [12.82344969070667, 4.392212237477043], [12.82344969070667, 4.3923926989533975], [12.823630152183025, 4.3923926989533975], [12.823630152183025, 4.392212237477043], [12.823991075135734, 4.392212237477043], [12.823991075135734, 4.39230246821522], [12.824171536612088, 4.39230246821522], [12.824171536612088, 4.392212237477043], [12.824351998088442, 4.392212237477043], [12.824351998088442, 4.3918513145243345], [12.824532459564796, 4.3918513145243345], [12.824532459564796, 4.391670853047979], [12.824712921041153, 4.391670853047979], [12.824712921041153, 4.391490391571625], [12.82480315177933, 4.391490391571625], [12.82480315177933, 4.391400160833448], [12.824893382517507, 4.391400160833448], [12.824893382517507, 4.390949007142561], [12.825073843993861, 4.390949007142561], [12.825073843993861, 4.390768545666207], [12.824712921041153, 4.390768545666207], [12.824712921041153, 4.390588084189853], [12.824171536612088, 4.390588084189853], [12.824171536612088, 4.390949007142561], [12.823991075135734, 4.390949007142561], [12.823991075135734, 4.3911294686189155], [12.82381061365938, 4.3911294686189155], [12.82381061365938, 4.390949007142561], [12.82344969070667, 4.390949007142561], [12.82344969070667, 4.390588084189853], [12.823359459968493, 4.390588084189853], [12.823359459968493, 4.390407622713497], [12.82344969070667, 4.390407622713497], [12.82344969070667, 4.390227161237143], [12.82381061365938, 4.390227161237143], [12.82381061365938, 4.390046699760789], [12.823991075135734, 4.390046699760789], [12.823991075135734, 4.3898662382844345], [12.82381061365938, 4.3898662382844345], [12.82381061365938, 4.389505315331725], [12.823630152183025, 4.389505315331725], [12.823630152183025, 4.389144392379016], [12.82381061365938, 4.389144392379016], [12.82381061365938, 4.388963930902661], [12.824171536612088, 4.388963930902661], [12.824171536612088, 4.388783469426307], [12.824532459564796, 4.388783469426307], [12.824532459564796, 4.388963930902661], [12.824712921041153, 4.388963930902661], [12.824712921041153, 4.389144392379016], [12.824893382517507, 4.389144392379016], [12.824893382517507, 4.389415084593548], [12.824983613255684, 4.389415084593548], [12.824983613255684, 4.389505315331725], [12.825073843993861, 4.389505315331725], [12.825073843993861, 4.389685776808079], [12.825254305470215, 4.389685776808079], [12.825254305470215, 4.390407622713497], [12.82543476694657, 4.390407622713497], [12.82543476694657, 4.39031739197532], [12.825524997684747, 4.39031739197532], [12.825524997684747, 4.390227161237143], [12.826156612851989, 4.390227161237143], [12.826156612851989, 4.390407622713497], [12.826337074328343, 4.390407622713497], [12.826337074328343, 4.390949007142561], [12.826517535804697, 4.390949007142561], [12.826517535804697, 4.391039237880738], [12.826697997281052, 4.391039237880738], [12.826697997281052, 4.3911294686189155], [12.826878458757406, 4.3911294686189155], [12.826878458757406, 4.390949007142561], [12.826697997281052, 4.390949007142561], [12.826697997281052, 4.390227161237143], [12.826878458757406, 4.390227161237143], [12.826878458757406, 4.390046699760789], [12.827961227615534, 4.390046699760789], [12.827961227615534, 4.390227161237143], [12.828502612044597, 4.390227161237143], [12.828502612044597, 4.390046699760789], [12.828683073520951, 4.390046699760789], [12.828683073520951, 4.389144392379016], [12.828863534997307, 4.389144392379016], [12.828863534997307, 4.388963930902661], [12.828953765735484, 4.388963930902661], [12.828953765735484, 4.389054161640838], [12.829043996473661, 4.389054161640838], [12.829043996473661, 4.389144392379016], [12.82940491942637, 4.389144392379016], [12.82940491942637, 4.3892346231171935], [12.829495150164547, 4.3892346231171935], [12.829495150164547, 4.389324853855371], [12.829585380902724, 4.389324853855371], [12.829585380902724, 4.389505315331725], [12.830126765331789, 4.389505315331725], [12.830126765331789, 4.389324853855371], [12.830487688284498, 4.389324853855371], [12.830487688284498, 4.389144392379016], [12.83102907271356, 4.389144392379016], [12.83102907271356, 4.389324853855371], [12.830848611237206, 4.389324853855371], [12.830848611237206, 4.389685776808079], [12.830668149760852, 4.389685776808079], [12.830668149760852, 4.3898662382844345], [12.830487688284498, 4.3898662382844345], [12.830487688284498, 4.389956469022612], [12.83039745754632, 4.389956469022612], [12.83039745754632, 4.390046699760789], [12.830307226808143, 4.390046699760789], [12.830307226808143, 4.39031739197532], [12.830216996069966, 4.39031739197532], [12.830216996069966, 4.390407622713497], [12.830126765331789, 4.390407622713497], [12.830126765331789, 4.390949007142561], [12.829585380902724, 4.390949007142561], [12.829585380902724, 4.3911294686189155], [12.829765842379079, 4.3911294686189155], [12.829765842379079, 4.391309930095271], [12.829946303855433, 4.391309930095271], [12.829946303855433, 4.391490391571625], [12.830307226808143, 4.391490391571625], [12.830307226808143, 4.391400160833448], [12.830216996069966, 4.391400160833448], [12.830216996069966, 4.391309930095271], [12.830126765331789, 4.391309930095271], [12.830126765331789, 4.3911294686189155], [12.830307226808143, 4.3911294686189155], [12.830307226808143, 4.390949007142561], [12.830487688284498, 4.390949007142561], [12.830487688284498, 4.390768545666207], [12.830758380499029, 4.390768545666207], [12.830758380499029, 4.390588084189853], [12.830668149760852, 4.390588084189853], [12.830668149760852, 4.390407622713497], [12.830848611237206, 4.390407622713497], [12.830848611237206, 4.390227161237143], [12.83102907271356, 4.390227161237143], [12.83102907271356, 4.390046699760789], [12.831209534189915, 4.390046699760789], [12.831209534189915, 4.390407622713497], [12.83102907271356, 4.390407622713497], [12.83102907271356, 4.390588084189853], [12.83138999566627, 4.390588084189853], [12.83138999566627, 4.390768545666207], [12.831570457142625, 4.390768545666207], [12.831570457142625, 4.390858776404384], [12.83175091861898, 4.390858776404384], [12.83175091861898, 4.390949007142561], [12.831931380095334, 4.390949007142561], [12.831931380095334, 4.391309930095271], [12.832111841571688, 4.391309930095271], [12.832111841571688, 4.391490391571625], [12.832292303048042, 4.391490391571625], [12.832292303048042, 4.391670853047979], [12.832472764524397, 4.391670853047979], [12.832472764524397, 4.3918513145243345], [12.832833687477107, 4.3918513145243345], [12.832833687477107, 4.391941545262512], [12.832923918215284, 4.391941545262512], [12.832923918215284, 4.392031776000689], [12.833645764120702, 4.392031776000689], [12.833645764120702, 4.392753621906107], [12.833465302644347, 4.392753621906107], [12.833465302644347, 4.393114544858816], [12.832653226000751, 4.393114544858816], [12.832653226000751, 4.393024314120638], [12.832562995262574, 4.393024314120638], [12.832562995262574, 4.393114544858816], [12.832472764524397, 4.393114544858816], [12.832472764524397, 4.393024314120638], [12.83238253378622, 4.393024314120638], [12.83238253378622, 4.393114544858816], [12.832202072309865, 4.393114544858816], [12.832202072309865, 4.393295006335171], [12.832021610833511, 4.393295006335171], [12.832021610833511, 4.393475467811525], [12.831660687880802, 4.393475467811525], [12.831660687880802, 4.393295006335171], [12.831480226404448, 4.393295006335171], [12.831480226404448, 4.393114544858816], [12.831299764928092, 4.393114544858816], [12.831299764928092, 4.392934083382461], [12.831209534189915, 4.392934083382461], [12.831209534189915, 4.392753621906107], [12.830668149760852, 4.392753621906107], [12.830668149760852, 4.39266339116793], [12.830487688284498, 4.39266339116793], [12.830487688284498, 4.392753621906107], [12.829946303855433, 4.392753621906107], [12.829946303855433, 4.392934083382461], [12.829765842379079, 4.392934083382461], [12.829765842379079, 4.393114544858816], [12.829585380902724, 4.393114544858816], [12.829585380902724, 4.393295006335171], [12.829314688688193, 4.393295006335171], [12.829314688688193, 4.393385237073348], [12.829134227211838, 4.393385237073348], [12.829134227211838, 4.393295006335171], [12.829043996473661, 4.393295006335171], [12.829043996473661, 4.392212237477043], [12.828322150568242, 4.392212237477043], [12.828322150568242, 4.3923926989533975], [12.82841238130642, 4.3923926989533975], [12.82841238130642, 4.392482929691575], [12.828502612044597, 4.392482929691575], [12.828502612044597, 4.393114544858816], [12.828322150568242, 4.393114544858816], [12.828322150568242, 4.393655929287879], [12.828141689091888, 4.393655929287879], [12.828141689091888, 4.393836390764234], [12.827961227615534, 4.393836390764234], [12.827961227615534, 4.394197313716943], [12.82778076613918, 4.394197313716943], [12.82778076613918, 4.3943777751932975], [12.827600304662825, 4.3943777751932975], [12.827600304662825, 4.394558236669653], [12.82741984318647, 4.394558236669653]], [[12.825976151375633, 4.392753621906107], [12.826156612851989, 4.392753621906107], [12.826156612851989, 4.392573160429753], [12.825976151375633, 4.392573160429753], [12.825976151375633, 4.392753621906107]], [[12.820562307084996, 4.392573160429753], [12.820742768561352, 4.392573160429753], [12.820742768561352, 4.3923926989533975], [12.820562307084996, 4.3923926989533975], [12.820562307084996, 4.392573160429753]], [[12.825795689899278, 4.392573160429753], [12.825976151375633, 4.392573160429753], [12.825976151375633, 4.3923926989533975], [12.825795689899278, 4.3923926989533975], [12.825795689899278, 4.392573160429753]], [[12.820923230037707, 4.3923926989533975], [12.821103691514061, 4.3923926989533975], [12.821103691514061, 4.39230246821522], [12.820923230037707, 4.39230246821522], [12.820923230037707, 4.3923926989533975]], [[12.828141689091888, 4.392212237477043], [12.828322150568242, 4.392212237477043], [12.828322150568242, 4.392031776000689], [12.828141689091888, 4.392031776000689], [12.828141689091888, 4.392212237477043]], [[12.82705892023376, 4.391490391571625], [12.827149150971938, 4.391490391571625], [12.827149150971938, 4.391400160833448], [12.82705892023376, 4.391400160833448], [12.82705892023376, 4.391490391571625]], [[12.826156612851989, 4.391039237880738], [12.826246843590166, 4.391039237880738], [12.826246843590166, 4.390949007142561], [12.826156612851989, 4.390949007142561], [12.826156612851989, 4.391039237880738]], [[12.829043996473661, 4.390949007142561], [12.829585380902724, 4.390949007142561], [12.829585380902724, 4.390858776404384], [12.829495150164547, 4.390858776404384], [12.829495150164547, 4.390768545666207], [12.829224457950016, 4.390768545666207], [12.829224457950016, 4.390588084189853], [12.828863534997307, 4.390588084189853], [12.828863534997307, 4.390768545666207], [12.829043996473661, 4.390768545666207], [12.829043996473661, 4.390949007142561]]]}}, {"id": "101", "type": "Feature", "properties": {"time_step": null}, "geometry": {"type": "Polygon", "coordinates": [[[12.755145021906474, 4.389956469022612], [12.755145021906474, 4.3898662382844345], [12.755054791168297, 4.3898662382844345], [12.755054791168297, 4.389776007546256], [12.75496456043012, 4.389776007546256], [12.75496456043012, 4.3892346231171935], [12.755145021906474, 4.3892346231171935], [12.755145021906474, 4.388963930902661], [12.75523525264465, 4.388963930902661], [12.75523525264465, 4.388873700164484], [12.755325483382828, 4.388873700164484], [12.755325483382828, 4.38869323868813], [12.755866867811891, 4.38869323868813], [12.755866867811891, 4.389054161640838], [12.756047329288247, 4.389054161640838], [12.756047329288247, 4.3892346231171935], [12.756318021502778, 4.3892346231171935], [12.756318021502778, 4.389595546069902], [12.756227790764601, 4.389595546069902], [12.756227790764601, 4.389776007546256], [12.756137560026424, 4.389776007546256], [12.756137560026424, 4.3898662382844345], [12.756047329288247, 4.3898662382844345], [12.756047329288247, 4.389956469022612], [12.755145021906474, 4.389956469022612]]]}}, {"id": "102", "type": "Feature", "properties": {"time_step": null}, "geometry": {"type": "Polygon", "coordinates": [[[12.759385866600805, 4.389505315331725], [12.759385866600805, 4.389324853855371], [12.759295635862628, 4.389324853855371], [12.759295635862628, 4.3892346231171935], [12.759205405124451, 4.3892346231171935], [12.759205405124451, 4.389144392379016], [12.759115174386274, 4.389144392379016], [12.759115174386274, 4.388963930902661], [12.759024943648097, 4.388963930902661], [12.759024943648097, 4.3886030079499525], [12.75893471290992, 4.3886030079499525], [12.75893471290992, 4.388242084997243], [12.759024943648097, 4.388242084997243], [12.759024943648097, 4.388061623520889], [12.759295635862628, 4.388061623520889], [12.759295635862628, 4.3879713927827115], [12.759385866600805, 4.3879713927827115], [12.759385866600805, 4.387881162044534], [12.759746789553514, 4.387881162044534], [12.759746789553514, 4.388061623520889], [12.759837020291691, 4.388061623520889], [12.759837020291691, 4.388422546473597], [12.760017481768047, 4.388422546473597], [12.760017481768047, 4.3886030079499525], [12.760107712506224, 4.3886030079499525], [12.760107712506224, 4.388783469426307], [12.760197943244401, 4.388783469426307], [12.760197943244401, 4.388963930902661], [12.760017481768047, 4.388963930902661], [12.760017481768047, 4.389324853855371], [12.759837020291691, 4.389324853855371], [12.759837020291691, 4.389505315331725], [12.759385866600805, 4.389505315331725]]]}}, {"id": "103", "type": "Feature", "properties": {"time_step": null}, "geometry": {"type": "Polygon", "coordinates": [[[12.781311935977882, 4.388963930902661], [12.781311935977882, 4.388783469426307], [12.78077055154882, 4.388783469426307], [12.78077055154882, 4.388512777211775], [12.780680320810642, 4.388512777211775], [12.780680320810642, 4.388422546473597], [12.78077055154882, 4.388422546473597], [12.78077055154882, 4.387881162044534], [12.781311935977882, 4.387881162044534], [12.781311935977882, 4.388061623520889], [12.78140216671606, 4.388061623520889], [12.78140216671606, 4.388242084997243], [12.781853320406947, 4.388242084997243], [12.781853320406947, 4.388422546473597], [12.782033781883301, 4.388422546473597], [12.782033781883301, 4.3886030079499525], [12.781943551145124, 4.3886030079499525], [12.781943551145124, 4.38869323868813], [12.781853320406947, 4.38869323868813], [12.781853320406947, 4.388963930902661], [12.781311935977882, 4.388963930902661]]]}}, {"id": "104", "type": "Feature", "properties": {"time_step": null}, "geometry": {"type": "Polygon", "coordinates": [[[12.791508009391915, 4.388512777211775], [12.791508009391915, 4.38833231573542], [12.791417778653738, 4.38833231573542], [12.791417778653738, 4.388151854259066], [12.791508009391915, 4.388151854259066], [12.791508009391915, 4.387790931306357], [12.792590778250043, 4.387790931306357], [12.792590778250043, 4.388151854259066], [12.792410316773688, 4.388151854259066], [12.792410316773688, 4.38833231573542], [12.792229855297332, 4.38833231573542], [12.792229855297332, 4.388512777211775], [12.791508009391915, 4.388512777211775]]]}}, {"id": "105", "type": "Feature", "properties": {"time_step": null}, "geometry": {"type": "Polygon", "coordinates": [[[12.776890629807196, 4.388783469426307], [12.776890629807196, 4.38869323868813], [12.77680039906902, 4.38869323868813], [12.77680039906902, 4.3886030079499525], [12.776619937592665, 4.3886030079499525], [12.776619937592665, 4.388422546473597], [12.77643947611631, 4.388422546473597], [12.77643947611631, 4.38833231573542], [12.776349245378134, 4.38833231573542], [12.776349245378134, 4.388242084997243], [12.776259014639956, 4.388242084997243], [12.776259014639956, 4.387881162044534], [12.77643947611631, 4.387881162044534], [12.77643947611631, 4.387790931306357], [12.776529706854488, 4.387790931306357], [12.776529706854488, 4.387700700568179], [12.777522244974438, 4.387700700568179], [12.777522244974438, 4.388061623520889], [12.77743201423626, 4.388061623520889], [12.77743201423626, 4.388422546473597], [12.777341783498082, 4.388422546473597], [12.777341783498082, 4.3886030079499525], [12.777161322021728, 4.3886030079499525], [12.777161322021728, 4.388783469426307], [12.776890629807196, 4.388783469426307]]]}}, {"id": "106", "type": "Feature", "properties": {"time_step": null}, "geometry": {"type": "Polygon", "coordinates": [[[12.82778076613918, 4.388963930902661], [12.82778076613918, 4.388783469426307], [12.827690535401002, 4.388783469426307], [12.827690535401002, 4.388873700164484], [12.827600304662825, 4.388873700164484], [12.827600304662825, 4.388512777211775], [12.827510073924648, 4.388512777211775], [12.827510073924648, 4.388422546473597], [12.82741984318647, 4.388422546473597], [12.82741984318647, 4.3886030079499525], [12.827239381710115, 4.3886030079499525], [12.827239381710115, 4.388242084997243], [12.82741984318647, 4.388242084997243], [12.82741984318647, 4.387881162044534], [12.827600304662825, 4.387881162044534], [12.827600304662825, 4.387700700568179], [12.82778076613918, 4.387700700568179], [12.82778076613918, 4.387339777615471], [12.828322150568242, 4.387339777615471], [12.828322150568242, 4.387520239091825], [12.828502612044597, 4.387520239091825], [12.828502612044597, 4.388061623520889], [12.828683073520951, 4.388061623520889], [12.828683073520951, 4.388422546473597], [12.828322150568242, 4.388422546473597], [12.828322150568242, 4.388242084997243], [12.828141689091888, 4.388242084997243], [12.828141689091888, 4.388783469426307], [12.827961227615534, 4.388783469426307], [12.827961227615534, 4.388873700164484], [12.827870996877357, 4.388873700164484], [12.827870996877357, 4.388963930902661], [12.82778076613918, 4.388963930902661]], [[12.828141689091888, 4.388151854259066], [12.828322150568242, 4.388151854259066], [12.828322150568242, 4.388061623520889], [12.828141689091888, 4.388061623520889], [12.828141689091888, 4.388151854259066]]]}}, {"id": "107", "type": "Feature", "properties": {"time_step": null}, "geometry": {"type": "Polygon", "coordinates": [[[12.774093476923701, 4.388422546473597], [12.774093476923701, 4.3879713927827115], [12.774183707661878, 4.3879713927827115], [12.774183707661878, 4.387881162044534], [12.774273938400055, 4.387881162044534], [12.774273938400055, 4.387610469830002], [12.774093476923701, 4.387610469830002], [12.774093476923701, 4.387700700568179], [12.773732553970992, 4.387700700568179], [12.773732553970992, 4.387520239091825], [12.773552092494638, 4.387520239091825], [12.773552092494638, 4.387430008353648], [12.773642323232815, 4.387430008353648], [12.773642323232815, 4.387339777615471], [12.773732553970992, 4.387339777615471], [12.773732553970992, 4.387249546877293], [12.773913015447347, 4.387249546877293], [12.773913015447347, 4.387159316139116], [12.774003246185524, 4.387159316139116], [12.774003246185524, 4.387249546877293], [12.774093476923701, 4.387249546877293], [12.774093476923701, 4.387339777615471], [12.774273938400055, 4.387339777615471], [12.774273938400055, 4.387520239091825], [12.77445439987641, 4.387520239091825], [12.77445439987641, 4.387700700568179], [12.774634861352764, 4.387700700568179], [12.774634861352764, 4.388242084997243], [12.77445439987641, 4.388242084997243], [12.77445439987641, 4.388422546473597], [12.774093476923701, 4.388422546473597]]]}}, {"id": "108", "type": "Feature", "properties": {"time_step": null}, "geometry": {"type": "Polygon", "coordinates": [[[12.808110465216533, 4.387790931306357], [12.808110465216533, 4.387610469830002], [12.808020234478356, 4.387610469830002], [12.808020234478356, 4.387430008353648], [12.808110465216533, 4.387430008353648], [12.808110465216533, 4.387249546877293], [12.808290926692887, 4.387249546877293], [12.808290926692887, 4.386888623924584], [12.808651849645598, 4.386888623924584], [12.808651849645598, 4.387790931306357], [12.808110465216533, 4.387790931306357]]]}}, {"id": "109", "type": "Feature", "properties": {"time_step": null}, "geometry": {"type": "Polygon", "coordinates": [[[12.820923230037707, 4.387520239091825], [12.820923230037707, 4.387339777615471], [12.820652537823175, 4.387339777615471], [12.820652537823175, 4.387159316139116], [12.820562307084996, 4.387159316139116], [12.820562307084996, 4.386798393186407], [12.820742768561352, 4.386798393186407], [12.820742768561352, 4.38670816244823], [12.82083299929953, 4.38670816244823], [12.82083299929953, 4.386617931710052], [12.821103691514061, 4.386617931710052], [12.821103691514061, 4.386798393186407], [12.821284152990415, 4.386798393186407], [12.821284152990415, 4.387430008353648], [12.821193922252238, 4.387430008353648], [12.821193922252238, 4.387520239091825], [12.820923230037707, 4.387520239091825]]]}}, {"id": "110", "type": "Feature", "properties": {"time_step": null}, "geometry": {"type": "Polygon", "coordinates": [[[12.784560242552265, 4.387881162044534], [12.784560242552265, 4.387790931306357], [12.784470011814088, 4.387790931306357], [12.784470011814088, 4.387700700568179], [12.784379781075911, 4.387700700568179], [12.784379781075911, 4.387069085400938], [12.784470011814088, 4.387069085400938], [12.784470011814088, 4.386978854662761], [12.784650473290442, 4.386978854662761], [12.784650473290442, 4.386888623924584], [12.78474070402862, 4.386888623924584], [12.78474070402862, 4.386798393186407], [12.784921165504974, 4.386798393186407], [12.784921165504974, 4.386617931710052], [12.785101626981328, 4.386617931710052], [12.785101626981328, 4.386437470233697], [12.785282088457683, 4.386437470233697], [12.785282088457683, 4.386257008757343], [12.785552780672216, 4.386257008757343], [12.785552780672216, 4.38634723949552], [12.785643011410393, 4.38634723949552], [12.785643011410393, 4.386437470233697], [12.78573324214857, 4.386437470233697], [12.78573324214857, 4.386527700971875], [12.785823472886747, 4.386527700971875], [12.785823472886747, 4.38670816244823], [12.785913703624924, 4.38670816244823], [12.785913703624924, 4.386798393186407], [12.786003934363102, 4.386798393186407], [12.786003934363102, 4.387339777615471], [12.785282088457683, 4.387339777615471], [12.785282088457683, 4.387520239091825], [12.785101626981328, 4.387520239091825], [12.785101626981328, 4.387700700568179], [12.784921165504974, 4.387700700568179], [12.784921165504974, 4.387881162044534], [12.784560242552265, 4.387881162044534]]]}}, {"id": "111", "type": "Feature", "properties": {"time_step": null}, "geometry": {"type": "Polygon", "coordinates": [[[12.782484935574187, 4.387520239091825], [12.782484935574187, 4.387430008353648], [12.78239470483601, 4.387430008353648], [12.78239470483601, 4.387339777615471], [12.782214243359656, 4.387339777615471], [12.782214243359656, 4.386978854662761], [12.782033781883301, 4.386978854662761], [12.782033781883301, 4.386617931710052], [12.782214243359656, 4.386617931710052], [12.782214243359656, 4.386437470233697], [12.78239470483601, 4.386437470233697], [12.78239470483601, 4.386257008757343], [12.783116550741429, 4.386257008757343], [12.783116550741429, 4.386437470233697], [12.783477473694138, 4.386437470233697], [12.783477473694138, 4.386617931710052], [12.783838396646846, 4.386617931710052], [12.783838396646846, 4.387069085400938], [12.78374816590867, 4.387069085400938], [12.78374816590867, 4.387159316139116], [12.783477473694138, 4.387159316139116], [12.783477473694138, 4.387339777615471], [12.783116550741429, 4.387339777615471], [12.783116550741429, 4.387520239091825], [12.782484935574187, 4.387520239091825]]]}}, {"id": "112", "type": "Feature", "properties": {"time_step": null}, "geometry": {"type": "Polygon", "coordinates": [[[12.756408252240956, 4.386888623924584], [12.756408252240956, 4.38670816244823], [12.756318021502778, 4.38670816244823], [12.756318021502778, 4.386527700971875], [12.756227790764601, 4.386527700971875], [12.756227790764601, 4.385805855066457], [12.756769175193664, 4.385805855066457], [12.756769175193664, 4.3859863165428115], [12.756949636670019, 4.3859863165428115], [12.756949636670019, 4.38670816244823], [12.75658871371731, 4.38670816244823], [12.75658871371731, 4.386798393186407], [12.756498482979133, 4.386798393186407], [12.756498482979133, 4.386888623924584], [12.756408252240956, 4.386888623924584]]]}}, {"id": "113", "type": "Feature", "properties": {"time_step": null}, "geometry": {"type": "Polygon", "coordinates": [[[12.83337507190617, 4.389685776808079], [12.83337507190617, 4.389505315331725], [12.833194610429816, 4.389505315331725], [12.833194610429816, 4.389144392379016], [12.833014148953461, 4.389144392379016], [12.833014148953461, 4.388422546473597], [12.83337507190617, 4.388422546473597], [12.83337507190617, 4.388242084997243], [12.833014148953461, 4.388242084997243], [12.833014148953461, 4.388061623520889], [12.832833687477107, 4.388061623520889], [12.832833687477107, 4.387520239091825], [12.833014148953461, 4.387520239091825], [12.833014148953461, 4.387339777615471], [12.833194610429816, 4.387339777615471], [12.833194610429816, 4.387249546877293], [12.83337507190617, 4.387249546877293], [12.83337507190617, 4.387159316139116], [12.833645764120702, 4.387159316139116], [12.833645764120702, 4.387069085400938], [12.833735994858879, 4.387069085400938], [12.833735994858879, 4.386978854662761], [12.833916456335233, 4.386978854662761], [12.833916456335233, 4.386076547280989], [12.83409691781159, 4.386076547280989], [12.83409691781159, 4.385896085804634], [12.834277379287943, 4.385896085804634], [12.834277379287943, 4.385715624328279], [12.834638302240652, 4.385715624328279], [12.834638302240652, 4.386076547280989], [12.834818763717006, 4.386076547280989], [12.834818763717006, 4.386617931710052], [12.834638302240652, 4.386617931710052], [12.834638302240652, 4.386798393186407], [12.834457840764298, 4.386798393186407], [12.834457840764298, 4.386978854662761], [12.834277379287943, 4.386978854662761], [12.834277379287943, 4.387159316139116], [12.834457840764298, 4.387159316139116], [12.834457840764298, 4.387520239091825], [12.83436761002612, 4.387520239091825], [12.83436761002612, 4.387610469830002], [12.834277379287943, 4.387610469830002], [12.834277379287943, 4.387700700568179], [12.834457840764298, 4.387700700568179], [12.834457840764298, 4.387881162044534], [12.834638302240652, 4.387881162044534], [12.834638302240652, 4.388061623520889], [12.834818763717006, 4.388061623520889], [12.834818763717006, 4.388242084997243], [12.834638302240652, 4.388242084997243], [12.834638302240652, 4.3886030079499525], [12.834818763717006, 4.3886030079499525], [12.834818763717006, 4.389324853855371], [12.834638302240652, 4.389324853855371], [12.834638302240652, 4.389505315331725], [12.83409691781159, 4.389505315331725], [12.83409691781159, 4.389685776808079], [12.83337507190617, 4.389685776808079]]]}}, {"id": "114", "type": "Feature", "properties": {"time_step": null}, "geometry": {"type": "Polygon", "coordinates": [[[12.830216996069966, 4.387520239091825], [12.830216996069966, 4.387430008353648], [12.830126765331789, 4.387430008353648], [12.830126765331789, 4.387339777615471], [12.829946303855433, 4.387339777615471], [12.829946303855433, 4.387159316139116], [12.829765842379079, 4.387159316139116], [12.829765842379079, 4.386798393186407], [12.829585380902724, 4.386798393186407], [12.829585380902724, 4.386617931710052], [12.82940491942637, 4.386617931710052], [12.82940491942637, 4.38634723949552], [12.829495150164547, 4.38634723949552], [12.829495150164547, 4.386257008757343], [12.829585380902724, 4.386257008757343], [12.829585380902724, 4.386076547280989], [12.829856073117256, 4.386076547280989], [12.829856073117256, 4.3859863165428115], [12.829946303855433, 4.3859863165428115], [12.829946303855433, 4.385896085804634], [12.830126765331789, 4.385896085804634], [12.830126765331789, 4.385715624328279], [12.830307226808143, 4.385715624328279], [12.830307226808143, 4.385625393590102], [12.830487688284498, 4.385625393590102], [12.830487688284498, 4.385535162851925], [12.83102907271356, 4.385535162851925], [12.83102907271356, 4.385715624328279], [12.831209534189915, 4.385715624328279], [12.831209534189915, 4.386437470233697], [12.83138999566627, 4.386437470233697], [12.83138999566627, 4.387249546877293], [12.831209534189915, 4.387249546877293], [12.831209534189915, 4.387339777615471], [12.830848611237206, 4.387339777615471], [12.830848611237206, 4.387520239091825], [12.830216996069966, 4.387520239091825]]]}}, {"id": "115", "type": "Feature", "properties": {"time_step": null}, "geometry": {"type": "Polygon", "coordinates": [[[12.831931380095334, 4.386437470233697], [12.831931380095334, 4.386257008757343], [12.83175091861898, 4.386257008757343], [12.83175091861898, 4.386076547280989], [12.831660687880802, 4.386076547280989], [12.831660687880802, 4.385805855066457], [12.83175091861898, 4.385805855066457], [12.83175091861898, 4.385715624328279], [12.831931380095334, 4.385715624328279], [12.831931380095334, 4.385535162851925], [12.832292303048042, 4.385535162851925], [12.832292303048042, 4.385715624328279], [12.832472764524397, 4.385715624328279], [12.832472764524397, 4.386257008757343], [12.832292303048042, 4.386257008757343], [12.832292303048042, 4.386437470233697], [12.831931380095334, 4.386437470233697]]]}}, {"id": "116", "type": "Feature", "properties": {"time_step": null}, "geometry": {"type": "Polygon", "coordinates": [[[12.801072467638706, 4.386527700971875], [12.801072467638706, 4.38634723949552], [12.800892006162352, 4.38634723949552], [12.800892006162352, 4.386166778019166], [12.800711544685997, 4.386166778019166], [12.800711544685997, 4.385896085804634], [12.80062131394782, 4.385896085804634], [12.80062131394782, 4.3859863165428115], [12.800531083209643, 4.3859863165428115], [12.800531083209643, 4.386166778019166], [12.800350621733287, 4.386166778019166], [12.800350621733287, 4.386257008757343], [12.800170160256933, 4.386257008757343], [12.800170160256933, 4.38634723949552], [12.799448314351515, 4.38634723949552], [12.799448314351515, 4.385805855066457], [12.79962877582787, 4.385805855066457], [12.79962877582787, 4.385715624328279], [12.799809237304224, 4.385715624328279], [12.799809237304224, 4.385625393590102], [12.799267852875161, 4.385625393590102], [12.799267852875161, 4.385444932113748], [12.799177622136984, 4.385444932113748], [12.799177622136984, 4.3853547013755705], [12.799267852875161, 4.3853547013755705], [12.799267852875161, 4.385264470637393], [12.799448314351515, 4.385264470637393], [12.799448314351515, 4.385174239899216], [12.79962877582787, 4.385174239899216], [12.79962877582787, 4.385084009161038], [12.799899468042401, 4.385084009161038], [12.799899468042401, 4.384993778422861], [12.799989698780578, 4.384993778422861], [12.799989698780578, 4.385084009161038], [12.800170160256933, 4.385084009161038], [12.800170160256933, 4.385174239899216], [12.800350621733287, 4.385174239899216], [12.800350621733287, 4.385264470637393], [12.800531083209643, 4.385264470637393], [12.800531083209643, 4.385625393590102], [12.800711544685997, 4.385625393590102], [12.800711544685997, 4.385535162851925], [12.800801775424175, 4.385535162851925], [12.800801775424175, 4.385715624328279], [12.800711544685997, 4.385715624328279], [12.800711544685997, 4.385805855066457], [12.800892006162352, 4.385805855066457], [12.800892006162352, 4.385444932113748], [12.801072467638706, 4.385444932113748], [12.801072467638706, 4.385084009161038], [12.801433390591415, 4.385084009161038], [12.801433390591415, 4.385264470637393], [12.80125292911506, 4.385264470637393], [12.80125292911506, 4.385625393590102], [12.801433390591415, 4.385625393590102], [12.801433390591415, 4.386527700971875], [12.801072467638706, 4.386527700971875]], [[12.800982236900529, 4.385625393590102], [12.801072467638706, 4.385625393590102], [12.801072467638706, 4.385535162851925], [12.800982236900529, 4.385535162851925], [12.800982236900529, 4.385625393590102]]]}}, {"id": "117", "type": "Feature", "properties": {"time_step": null}, "geometry": {"type": "Polygon", "coordinates": [[[12.82705892023376, 4.385896085804634], [12.82705892023376, 4.385715624328279], [12.826878458757406, 4.385715624328279], [12.826878458757406, 4.385535162851925], [12.826607766542875, 4.385535162851925], [12.826607766542875, 4.3853547013755705], [12.826517535804697, 4.3853547013755705], [12.826517535804697, 4.384993778422861], [12.82705892023376, 4.384993778422861], [12.82705892023376, 4.385174239899216], [12.827600304662825, 4.385174239899216], [12.827600304662825, 4.384993778422861], [12.82778076613918, 4.384993778422861], [12.82778076613918, 4.3853547013755705], [12.827870996877357, 4.3853547013755705], [12.827870996877357, 4.385444932113748], [12.82778076613918, 4.385444932113748], [12.82778076613918, 4.385535162851925], [12.827961227615534, 4.385535162851925], [12.827961227615534, 4.385715624328279], [12.82741984318647, 4.385715624328279], [12.82741984318647, 4.385896085804634], [12.82705892023376, 4.385896085804634]]]}}, {"id": "118", "type": "Feature", "properties": {"time_step": null}, "geometry": {"type": "Polygon", "coordinates": [[[12.77084517034932, 4.385715624328279], [12.77084517034932, 4.385535162851925], [12.770754939611143, 4.385535162851925], [12.770754939611143, 4.3853547013755705], [12.770664708872964, 4.3853547013755705], [12.770664708872964, 4.385174239899216], [12.77048424739661, 4.385174239899216], [12.77048424739661, 4.384993778422861], [12.769762401491192, 4.384993778422861], [12.769762401491192, 4.384903547684684], [12.769581940014838, 4.384903547684684], [12.769581940014838, 4.3847230862083295], [12.76949170927666, 4.3847230862083295], [12.76949170927666, 4.384632855470152], [12.76985263222937, 4.384632855470152], [12.76985263222937, 4.3847230862083295], [12.769942862967547, 4.3847230862083295], [12.769942862967547, 4.384813316946507], [12.77048424739661, 4.384813316946507], [12.77048424739661, 4.384632855470152], [12.771025631825674, 4.384632855470152], [12.771025631825674, 4.384813316946507], [12.771206093302029, 4.384813316946507], [12.771206093302029, 4.385174239899216], [12.771025631825674, 4.385174239899216], [12.771025631825674, 4.385715624328279], [12.77084517034932, 4.385715624328279]]]}}, {"id": "119", "type": "Feature", "properties": {"time_step": null}, "geometry": {"type": "Polygon", "coordinates": [[[12.832653226000751, 4.386437470233697], [12.832653226000751, 4.385715624328279], [12.832472764524397, 4.385715624328279], [12.832472764524397, 4.3853547013755705], [12.832292303048042, 4.3853547013755705], [12.832292303048042, 4.384993778422861], [12.832472764524397, 4.384993778422861], [12.832472764524397, 4.384813316946507], [12.832833687477107, 4.384813316946507], [12.832833687477107, 4.384632855470152], [12.83337507190617, 4.384632855470152], [12.83337507190617, 4.384452393993798], [12.83409691781159, 4.384452393993798], [12.83409691781159, 4.384993778422861], [12.83400668707341, 4.384993778422861], [12.83400668707341, 4.385084009161038], [12.833916456335233, 4.385084009161038], [12.833916456335233, 4.3853547013755705], [12.833735994858879, 4.3853547013755705], [12.833735994858879, 4.385715624328279], [12.833916456335233, 4.385715624328279], [12.833916456335233, 4.386076547280989], [12.833735994858879, 4.386076547280989], [12.833735994858879, 4.386257008757343], [12.833194610429816, 4.386257008757343], [12.833194610429816, 4.386437470233697], [12.832653226000751, 4.386437470233697]]]}}, {"id": "120", "type": "Feature", "properties": {"time_step": null}, "geometry": {"type": "Polygon", "coordinates": [[[12.767777325251291, 4.385174239899216], [12.767777325251291, 4.384993778422861], [12.767596863774937, 4.384993778422861], [12.767596863774937, 4.384813316946507], [12.76750663303676, 4.384813316946507], [12.76750663303676, 4.3847230862083295], [12.767416402298583, 4.3847230862083295], [12.767416402298583, 4.384632855470152], [12.76750663303676, 4.384632855470152], [12.76750663303676, 4.384452393993798], [12.767596863774937, 4.384452393993798], [12.767596863774937, 4.384271932517443], [12.767957786727646, 4.384271932517443], [12.767957786727646, 4.3840914710410885], [12.76849917115671, 4.3840914710410885], [12.76849917115671, 4.384271932517443], [12.768679632633065, 4.384271932517443], [12.768679632633065, 4.38436216325562], [12.768769863371242, 4.38436216325562], [12.768769863371242, 4.384452393993798], [12.768679632633065, 4.384452393993798], [12.768679632633065, 4.384813316946507], [12.76849917115671, 4.384813316946507], [12.76849917115671, 4.384993778422861], [12.768138248204002, 4.384993778422861], [12.768138248204002, 4.385174239899216], [12.767777325251291, 4.385174239899216]]]}}, {"id": "121", "type": "Feature", "properties": {"time_step": null}, "geometry": {"type": "Polygon", "coordinates": [[[12.796200007777133, 4.389776007546256], [12.796200007777133, 4.389685776808079], [12.796019546300778, 4.389685776808079], [12.796019546300778, 4.389595546069902], [12.795839084824424, 4.389595546069902], [12.795839084824424, 4.389505315331725], [12.79565862334807, 4.389505315331725], [12.79565862334807, 4.389415084593548], [12.795297700395361, 4.389415084593548], [12.795297700395361, 4.38869323868813], [12.79502700818083, 4.38869323868813], [12.79502700818083, 4.388783469426307], [12.79493677744265, 4.388783469426307], [12.79493677744265, 4.388873700164484], [12.794666085228119, 4.388873700164484], [12.794666085228119, 4.388783469426307], [12.794575854489942, 4.388783469426307], [12.794575854489942, 4.38869323868813], [12.794395393013588, 4.38869323868813], [12.794395393013588, 4.388512777211775], [12.794214931537233, 4.388512777211775], [12.794214931537233, 4.38833231573542], [12.794124700799056, 4.38833231573542], [12.794124700799056, 4.388242084997243], [12.794214931537233, 4.388242084997243], [12.794214931537233, 4.388151854259066], [12.794124700799056, 4.388151854259066], [12.794124700799056, 4.388061623520889], [12.794214931537233, 4.388061623520889], [12.794214931537233, 4.387610469830002], [12.79367354710817, 4.387610469830002], [12.79367354710817, 4.387790931306357], [12.793493085631814, 4.387790931306357], [12.793493085631814, 4.3879713927827115], [12.793132162679106, 4.3879713927827115], [12.793132162679106, 4.387790931306357], [12.792951701202751, 4.387790931306357], [12.792951701202751, 4.387700700568179], [12.792861470464574, 4.387700700568179], [12.792861470464574, 4.387610469830002], [12.792590778250043, 4.387610469830002], [12.792590778250043, 4.387430008353648], [12.792229855297332, 4.387430008353648], [12.792229855297332, 4.387339777615471], [12.792139624559155, 4.387339777615471], [12.792139624559155, 4.387249546877293], [12.791868932344624, 4.387249546877293], [12.791868932344624, 4.387069085400938], [12.791778701606447, 4.387069085400938], [12.791778701606447, 4.386888623924584], [12.791598240130092, 4.386888623924584], [12.791598240130092, 4.38670816244823], [12.791508009391915, 4.38670816244823], [12.791508009391915, 4.386617931710052], [12.791598240130092, 4.386617931710052], [12.791598240130092, 4.386527700971875], [12.791417778653738, 4.386527700971875], [12.791417778653738, 4.38634723949552], [12.791598240130092, 4.38634723949552], [12.791598240130092, 4.386166778019166], [12.791778701606447, 4.386166778019166], [12.791778701606447, 4.3859863165428115], [12.791959163082801, 4.3859863165428115], [12.791959163082801, 4.385805855066457], [12.792320086035511, 4.385805855066457], [12.792320086035511, 4.3859863165428115], [12.79268100898822, 4.3859863165428115], [12.79268100898822, 4.386166778019166], [12.792861470464574, 4.386166778019166], [12.792861470464574, 4.385444932113748], [12.793041931940929, 4.385444932113748], [12.793041931940929, 4.385084009161038], [12.792861470464574, 4.385084009161038], [12.792861470464574, 4.385264470637393], [12.792771239726397, 4.385264470637393], [12.792771239726397, 4.385444932113748], [12.792500547511866, 4.385444932113748], [12.792500547511866, 4.385084009161038], [12.79268100898822, 4.385084009161038], [12.79268100898822, 4.384542624731975], [12.792861470464574, 4.384542624731975], [12.792861470464574, 4.384271932517443], [12.792951701202751, 4.384271932517443], [12.792951701202751, 4.384181701779266], [12.793041931940929, 4.384181701779266], [12.793041931940929, 4.384001240302911], [12.793132162679106, 4.384001240302911], [12.793132162679106, 4.383911009564734], [12.793222393417283, 4.383911009564734], [12.793222393417283, 4.383820778826557], [12.793583316369991, 4.383820778826557], [12.793583316369991, 4.384542624731975], [12.793402854893637, 4.384542624731975], [12.793402854893637, 4.3847230862083295], [12.793583316369991, 4.3847230862083295], [12.793583316369991, 4.384903547684684], [12.793944239322702, 4.384903547684684], [12.793944239322702, 4.385084009161038], [12.794124700799056, 4.385084009161038], [12.794124700799056, 4.385174239899216], [12.794214931537233, 4.385174239899216], [12.794214931537233, 4.385264470637393], [12.794395393013588, 4.385264470637393], [12.794395393013588, 4.385444932113748], [12.794575854489942, 4.385444932113748], [12.794575854489942, 4.385625393590102], [12.794756315966296, 4.385625393590102], [12.794756315966296, 4.385805855066457], [12.79493677744265, 4.385805855066457], [12.79493677744265, 4.3859863165428115], [12.795117238919007, 4.3859863165428115], [12.795117238919007, 4.38634723949552], [12.795297700395361, 4.38634723949552], [12.795297700395361, 4.386527700971875], [12.795478161871715, 4.386527700971875], [12.795478161871715, 4.38670816244823], [12.795568392609892, 4.38670816244823], [12.795568392609892, 4.386617931710052], [12.79565862334807, 4.386617931710052], [12.79565862334807, 4.386888623924584], [12.795839084824424, 4.386888623924584], [12.795839084824424, 4.387249546877293], [12.79629023851531, 4.387249546877293], [12.79629023851531, 4.387159316139116], [12.796380469253489, 4.387159316139116], [12.796380469253489, 4.387069085400938], [12.79728277663526, 4.387069085400938], [12.79728277663526, 4.387159316139116], [12.797373007373437, 4.387159316139116], [12.797373007373437, 4.387339777615471], [12.79728277663526, 4.387339777615471], [12.79728277663526, 4.387430008353648], [12.797463238111614, 4.387430008353648], [12.797463238111614, 4.3879713927827115], [12.797643699587969, 4.3879713927827115], [12.797643699587969, 4.388151854259066], [12.797463238111614, 4.388151854259066], [12.797463238111614, 4.38833231573542], [12.79728277663526, 4.38833231573542], [12.79728277663526, 4.388512777211775], [12.796921853682552, 4.388512777211775], [12.796921853682552, 4.38833231573542], [12.796741392206197, 4.38833231573542], [12.796741392206197, 4.388151854259066], [12.796380469253489, 4.388151854259066], [12.796380469253489, 4.388242084997243], [12.796019546300778, 4.388242084997243], [12.796019546300778, 4.388151854259066], [12.795748854086247, 4.388151854259066], [12.795748854086247, 4.388242084997243], [12.79565862334807, 4.388242084997243], [12.79565862334807, 4.38833231573542], [12.795839084824424, 4.38833231573542], [12.795839084824424, 4.388422546473597], [12.795929315562601, 4.388422546473597], [12.795929315562601, 4.388512777211775], [12.796380469253489, 4.388512777211775], [12.796380469253489, 4.38869323868813], [12.796741392206197, 4.38869323868813], [12.796741392206197, 4.388783469426307], [12.796831622944374, 4.388783469426307], [12.796831622944374, 4.388873700164484], [12.797102315158906, 4.388873700164484], [12.797102315158906, 4.389595546069902], [12.797012084420729, 4.389595546069902], [12.797012084420729, 4.389505315331725], [12.796921853682552, 4.389505315331725], [12.796921853682552, 4.389595546069902], [12.796741392206197, 4.389595546069902], [12.796741392206197, 4.389685776808079], [12.79629023851531, 4.389685776808079], [12.79629023851531, 4.389776007546256], [12.796200007777133, 4.389776007546256]], [[12.795117238919007, 4.38833231573542], [12.795478161871715, 4.38833231573542], [12.795478161871715, 4.388242084997243], [12.79565862334807, 4.388242084997243], [12.79565862334807, 4.387610469830002], [12.795478161871715, 4.387610469830002], [12.795478161871715, 4.3879713927827115], [12.795297700395361, 4.3879713927827115], [12.795297700395361, 4.388151854259066], [12.795117238919007, 4.388151854259066], [12.795117238919007, 4.38833231573542]], [[12.79331262415546, 4.386888623924584], [12.793854008584525, 4.386888623924584], [12.793854008584525, 4.38670816244823], [12.793944239322702, 4.38670816244823], [12.793944239322702, 4.386527700971875], [12.794034470060879, 4.386527700971875], [12.794034470060879, 4.38634723949552], [12.79367354710817, 4.38634723949552], [12.79367354710817, 4.386527700971875], [12.793132162679106, 4.386527700971875], [12.793132162679106, 4.38670816244823], [12.79331262415546, 4.38670816244823], [12.79331262415546, 4.386888623924584]], [[12.792951701202751, 4.386527700971875], [12.793041931940929, 4.386527700971875], [12.793041931940929, 4.386437470233697], [12.792951701202751, 4.386437470233697], [12.792951701202751, 4.386527700971875]], [[12.794034470060879, 4.38634723949552], [12.79430516227541, 4.38634723949552], [12.79430516227541, 4.386257008757343], [12.794395393013588, 4.386257008757343], [12.794395393013588, 4.386166778019166], [12.794034470060879, 4.386166778019166], [12.794034470060879, 4.38634723949552]]]}}, {"id": "122", "type": "Feature", "properties": {"time_step": null}, "geometry": {"type": "Polygon", "coordinates": [[[12.822908306277606, 4.388242084997243], [12.822908306277606, 4.388061623520889], [12.822727844801252, 4.388061623520889], [12.822727844801252, 4.3879713927827115], [12.822637614063074, 4.3879713927827115], [12.822637614063074, 4.387881162044534], [12.822547383324897, 4.387881162044534], [12.822547383324897, 4.386798393186407], [12.822366921848543, 4.386798393186407], [12.822366921848543, 4.386076547280989], [12.822276691110366, 4.386076547280989], [12.822276691110366, 4.385715624328279], [12.822366921848543, 4.385715624328279], [12.822366921848543, 4.385625393590102], [12.82245715258672, 4.385625393590102], [12.82245715258672, 4.385535162851925], [12.822727844801252, 4.385535162851925], [12.822727844801252, 4.384993778422861], [12.822908306277606, 4.384993778422861], [12.822908306277606, 4.384813316946507], [12.82308876775396, 4.384813316946507], [12.82308876775396, 4.384632855470152], [12.823178998492137, 4.384632855470152], [12.823178998492137, 4.384542624731975], [12.82308876775396, 4.384542624731975], [12.82308876775396, 4.384452393993798], [12.822998537015783, 4.384452393993798], [12.822998537015783, 4.3840914710410885], [12.82308876775396, 4.3840914710410885], [12.82308876775396, 4.383911009564734], [12.823178998492137, 4.383911009564734], [12.823178998492137, 4.383820778826557], [12.823269229230315, 4.383820778826557], [12.823269229230315, 4.383730548088379], [12.82344969070667, 4.383730548088379], [12.82344969070667, 4.384542624731975], [12.823269229230315, 4.384542624731975], [12.823269229230315, 4.384632855470152], [12.82344969070667, 4.384632855470152], [12.82344969070667, 4.384813316946507], [12.823630152183025, 4.384813316946507], [12.823630152183025, 4.385084009161038], [12.823539921444848, 4.385084009161038], [12.823539921444848, 4.385174239899216], [12.82344969070667, 4.385174239899216], [12.82344969070667, 4.3853547013755705], [12.823269229230315, 4.3853547013755705], [12.823269229230315, 4.385444932113748], [12.823178998492137, 4.385444932113748], [12.823178998492137, 4.385535162851925], [12.822998537015783, 4.385535162851925], [12.822998537015783, 4.385896085804634], [12.82308876775396, 4.385896085804634], [12.82308876775396, 4.386257008757343], [12.823269229230315, 4.386257008757343], [12.823269229230315, 4.386437470233697], [12.823630152183025, 4.386437470233697], [12.823630152183025, 4.386257008757343], [12.823991075135734, 4.386257008757343], [12.823991075135734, 4.38634723949552], [12.82408130587391, 4.38634723949552], [12.82408130587391, 4.386437470233697], [12.824351998088442, 4.386437470233697], [12.824351998088442, 4.386617931710052], [12.82444222882662, 4.386617931710052], [12.82444222882662, 4.386437470233697], [12.824532459564796, 4.386437470233697], [12.824532459564796, 4.38634723949552], [12.824622690302974, 4.38634723949552], [12.824622690302974, 4.386257008757343], [12.824893382517507, 4.386257008757343], [12.824893382517507, 4.386076547280989], [12.825344536208393, 4.386076547280989], [12.825344536208393, 4.386166778019166], [12.82543476694657, 4.386166778019166], [12.82543476694657, 4.386257008757343], [12.825615228422924, 4.386257008757343], [12.825615228422924, 4.386166778019166], [12.825795689899278, 4.386166778019166], [12.825795689899278, 4.386257008757343], [12.825976151375633, 4.386257008757343], [12.825976151375633, 4.386798393186407], [12.825795689899278, 4.386798393186407], [12.825795689899278, 4.386978854662761], [12.825254305470215, 4.386978854662761], [12.825254305470215, 4.387159316139116], [12.825073843993861, 4.387159316139116], [12.825073843993861, 4.387339777615471], [12.824893382517507, 4.387339777615471], [12.824893382517507, 4.387159316139116], [12.824712921041153, 4.387159316139116], [12.824712921041153, 4.386978854662761], [12.824532459564796, 4.386978854662761], [12.824532459564796, 4.387159316139116], [12.82444222882662, 4.387159316139116], [12.82444222882662, 4.387339777615471], [12.824171536612088, 4.387339777615471], [12.824171536612088, 4.387520239091825], [12.823900844397556, 4.387520239091825], [12.823900844397556, 4.387700700568179], [12.823630152183025, 4.387700700568179], [12.823630152183025, 4.387790931306357], [12.82344969070667, 4.387790931306357], [12.82344969070667, 4.387881162044534], [12.823269229230315, 4.387881162044534], [12.823269229230315, 4.388061623520889], [12.82308876775396, 4.388061623520889], [12.82308876775396, 4.388242084997243], [12.822908306277606, 4.388242084997243]]]}}, {"id": "123", "type": "Feature", "properties": {"time_step": null}, "geometry": {"type": "Polygon", "coordinates": [[[12.825254305470215, 4.385174239899216], [12.825254305470215, 4.384993778422861], [12.824893382517507, 4.384993778422861], [12.824893382517507, 4.384813316946507], [12.824712921041153, 4.384813316946507], [12.824712921041153, 4.384452393993798], [12.824532459564796, 4.384452393993798], [12.824532459564796, 4.384271932517443], [12.824351998088442, 4.384271932517443], [12.824351998088442, 4.383911009564734], [12.824532459564796, 4.383911009564734], [12.824532459564796, 4.383730548088379], [12.82543476694657, 4.383730548088379], [12.82543476694657, 4.385174239899216], [12.825254305470215, 4.385174239899216]]]}}, {"id": "124", "type": "Feature", "properties": {"time_step": null}, "geometry": {"type": "Polygon", "coordinates": [[[12.763085326866074, 4.384993778422861], [12.763085326866074, 4.384813316946507], [12.76290486538972, 4.384813316946507], [12.76290486538972, 4.383911009564734], [12.763265788342428, 4.383911009564734], [12.763265788342428, 4.383730548088379], [12.763626711295137, 4.383730548088379], [12.763626711295137, 4.383550086612025], [12.763807172771491, 4.383550086612025], [12.763807172771491, 4.383459855873848], [12.763897403509668, 4.383459855873848], [12.763897403509668, 4.38336962513567], [12.764168095724202, 4.38336962513567], [12.764168095724202, 4.383550086612025], [12.764258326462379, 4.383550086612025], [12.764258326462379, 4.383640317350202], [12.764168095724202, 4.383640317350202], [12.764168095724202, 4.384001240302911], [12.764258326462379, 4.384001240302911], [12.764258326462379, 4.3840914710410885], [12.764348557200556, 4.3840914710410885], [12.764348557200556, 4.384271932517443], [12.76452901867691, 4.384271932517443], [12.76452901867691, 4.384452393993798], [12.764168095724202, 4.384452393993798], [12.764168095724202, 4.384632855470152], [12.764077864986024, 4.384632855470152], [12.764077864986024, 4.384813316946507], [12.763987634247847, 4.384813316946507], [12.763987634247847, 4.384993778422861], [12.763085326866074, 4.384993778422861]]]}}, {"id": "125", "type": "Feature", "properties": {"time_step": null}, "geometry": {"type": "Polygon", "coordinates": [[[12.827239381710115, 4.384813316946507], [12.827239381710115, 4.384632855470152], [12.826878458757406, 4.384632855470152], [12.826878458757406, 4.384452393993798], [12.826517535804697, 4.384452393993798], [12.826517535804697, 4.384271932517443], [12.826337074328343, 4.384271932517443], [12.826337074328343, 4.3840914710410885], [12.826156612851989, 4.3840914710410885], [12.826156612851989, 4.383911009564734], [12.826246843590166, 4.383911009564734], [12.826246843590166, 4.383820778826557], [12.826156612851989, 4.383820778826557], [12.826156612851989, 4.383730548088379], [12.826607766542875, 4.383730548088379], [12.826607766542875, 4.383911009564734], [12.826878458757406, 4.383911009564734], [12.826878458757406, 4.383730548088379], [12.82705892023376, 4.383730548088379], [12.82705892023376, 4.38336962513567], [12.827239381710115, 4.38336962513567], [12.827239381710115, 4.383189163659316], [12.827961227615534, 4.383189163659316], [12.827961227615534, 4.38336962513567], [12.828141689091888, 4.38336962513567], [12.828141689091888, 4.383550086612025], [12.828322150568242, 4.383550086612025], [12.828322150568242, 4.383730548088379], [12.828502612044597, 4.383730548088379], [12.828502612044597, 4.384271932517443], [12.828322150568242, 4.384271932517443], [12.828322150568242, 4.384452393993798], [12.828231919830065, 4.384452393993798], [12.828231919830065, 4.384542624731975], [12.828141689091888, 4.384542624731975], [12.828141689091888, 4.384632855470152], [12.827961227615534, 4.384632855470152], [12.827961227615534, 4.384813316946507], [12.827239381710115, 4.384813316946507]]]}}, {"id": "126", "type": "Feature", "properties": {"time_step": null}, "geometry": {"type": "Polygon", "coordinates": [[[12.795387931133538, 4.383459855873848], [12.795387931133538, 4.382738009968429], [12.795568392609892, 4.382738009968429], [12.795568392609892, 4.382557548492075], [12.795748854086247, 4.382557548492075], [12.795748854086247, 4.38237708701572], [12.795929315562601, 4.38237708701572], [12.795929315562601, 4.382286856277543], [12.796019546300778, 4.382286856277543], [12.796019546300778, 4.382196625539366], [12.797012084420729, 4.382196625539366], [12.797012084420729, 4.38237708701572], [12.797373007373437, 4.38237708701572], [12.797373007373437, 4.382557548492075], [12.797463238111614, 4.382557548492075], [12.797463238111614, 4.382647779230252], [12.797553468849792, 4.382647779230252], [12.797553468849792, 4.382738009968429], [12.797373007373437, 4.382738009968429], [12.797373007373437, 4.382918471444784], [12.797012084420729, 4.382918471444784], [12.797012084420729, 4.383098932921139], [12.796470699991666, 4.383098932921139], [12.796470699991666, 4.383279394397493], [12.796109777038955, 4.383279394397493], [12.796109777038955, 4.38336962513567], [12.795929315562601, 4.38336962513567], [12.795929315562601, 4.383459855873848], [12.795387931133538, 4.383459855873848]]]}}, {"id": "127", "type": "Feature", "properties": {"time_step": null}, "geometry": {"type": "Polygon", "coordinates": [[[12.823991075135734, 4.383098932921139], [12.823991075135734, 4.383008702182961], [12.82381061365938, 4.383008702182961], [12.82381061365938, 4.382467317753898], [12.823720382921202, 4.382467317753898], [12.823720382921202, 4.38237708701572], [12.823630152183025, 4.38237708701572], [12.823630152183025, 4.382286856277543], [12.823991075135734, 4.382286856277543], [12.823991075135734, 4.3821063948011885], [12.824351998088442, 4.3821063948011885], [12.824351998088442, 4.382016164063011], [12.824532459564796, 4.382016164063011], [12.824532459564796, 4.381925933324834], [12.825073843993861, 4.381925933324834], [12.825073843993861, 4.3821063948011885], [12.825254305470215, 4.3821063948011885], [12.825254305470215, 4.382286856277543], [12.824893382517507, 4.382286856277543], [12.824893382517507, 4.382196625539366], [12.82480315177933, 4.382196625539366], [12.82480315177933, 4.3821063948011885], [12.82444222882662, 4.3821063948011885], [12.82444222882662, 4.382196625539366], [12.824351998088442, 4.382196625539366], [12.824351998088442, 4.383008702182961], [12.824171536612088, 4.383008702182961], [12.824171536612088, 4.383098932921139], [12.823991075135734, 4.383098932921139]]]}}, {"id": "128", "type": "Feature", "properties": {"time_step": null}, "geometry": {"type": "Polygon", "coordinates": [[[12.77481532282912, 4.3821063948011885], [12.77481532282912, 4.38174547184848], [12.774995784305474, 4.38174547184848], [12.774995784305474, 4.381565010372125], [12.775717630210892, 4.381565010372125], [12.775717630210892, 4.38138454889577], [12.7760785531636, 4.38138454889577], [12.7760785531636, 4.38174547184848], [12.775717630210892, 4.38174547184848], [12.775717630210892, 4.381925933324834], [12.775356707258183, 4.381925933324834], [12.775356707258183, 4.3821063948011885], [12.77481532282912, 4.3821063948011885]]]}}, {"id": "129", "type": "Feature", "properties": {"time_step": null}, "geometry": {"type": "Polygon", "coordinates": [[[12.834277379287943, 4.382647779230252], [12.834277379287943, 4.382467317753898], [12.83409691781159, 4.382467317753898], [12.83409691781159, 4.382286856277543], [12.833916456335233, 4.382286856277543], [12.833916456335233, 4.382196625539366], [12.833826225597056, 4.382196625539366], [12.833826225597056, 4.3821063948011885], [12.833735994858879, 4.3821063948011885], [12.833735994858879, 4.381925933324834], [12.833555533382524, 4.381925933324834], [12.833555533382524, 4.38138454889577], [12.834277379287943, 4.38138454889577], [12.834277379287943, 4.381565010372125], [12.834457840764298, 4.381565010372125], [12.834457840764298, 4.38174547184848], [12.834638302240652, 4.38174547184848], [12.834638302240652, 4.381925933324834], [12.834818763717006, 4.381925933324834], [12.834818763717006, 4.382286856277543], [12.83499922519336, 4.382286856277543], [12.83499922519336, 4.382647779230252], [12.834277379287943, 4.382647779230252]]]}}, {"id": "130", "type": "Feature", "properties": {"time_step": null}, "geometry": {"type": "Polygon", "coordinates": [[[12.801433390591415, 4.381835702586657], [12.801433390591415, 4.381655241110302], [12.80125292911506, 4.381655241110302], [12.80125292911506, 4.3814747796339475], [12.801072467638706, 4.3814747796339475], [12.801072467638706, 4.381294318157593], [12.80125292911506, 4.381294318157593], [12.80125292911506, 4.381204087419416], [12.801343159853237, 4.381204087419416], [12.801343159853237, 4.381294318157593], [12.801613852067769, 4.381294318157593], [12.801613852067769, 4.381113856681239], [12.802335697973188, 4.381113856681239], [12.802335697973188, 4.381294318157593], [12.802516159449542, 4.381294318157593], [12.802516159449542, 4.381655241110302], [12.802335697973188, 4.381655241110302], [12.802335697973188, 4.38174547184848], [12.80224546723501, 4.38174547184848], [12.80224546723501, 4.381835702586657], [12.801433390591415, 4.381835702586657]]]}}, {"id": "131", "type": "Feature", "properties": {"time_step": null}, "geometry": {"type": "Polygon", "coordinates": [[[12.83102907271356, 4.382467317753898], [12.83102907271356, 4.382286856277543], [12.830848611237206, 4.382286856277543], [12.830848611237206, 4.381565010372125], [12.831209534189915, 4.381565010372125], [12.831209534189915, 4.38138454889577], [12.83138999566627, 4.38138454889577], [12.83138999566627, 4.381023625943061], [12.83175091861898, 4.381023625943061], [12.83175091861898, 4.381204087419416], [12.832111841571688, 4.381204087419416], [12.832111841571688, 4.38138454889577], [12.832292303048042, 4.38138454889577], [12.832292303048042, 4.382286856277543], [12.831931380095334, 4.382286856277543], [12.831931380095334, 4.3821063948011885], [12.83175091861898, 4.3821063948011885], [12.83175091861898, 4.382286856277543], [12.831480226404448, 4.382286856277543], [12.831480226404448, 4.38237708701572], [12.83138999566627, 4.38237708701572], [12.83138999566627, 4.382467317753898], [12.83102907271356, 4.382467317753898]]]}}, {"id": "132", "type": "Feature", "properties": {"time_step": null}, "geometry": {"type": "Polygon", "coordinates": [[[12.821554845204947, 4.381655241110302], [12.821554845204947, 4.381565010372125], [12.82146461446677, 4.381565010372125], [12.82146461446677, 4.381113856681239], [12.821645075943124, 4.381113856681239], [12.821645075943124, 4.380752933728529], [12.822186460372189, 4.380752933728529], [12.822186460372189, 4.381294318157593], [12.822005998895834, 4.381294318157593], [12.822005998895834, 4.381655241110302], [12.821554845204947, 4.381655241110302]]]}}, {"id": "133", "type": "Feature", "properties": {"time_step": null}, "geometry": {"type": "Polygon", "coordinates": [[[12.819659999703225, 4.3814747796339475], [12.819659999703225, 4.38138454889577], [12.819569768965048, 4.38138454889577], [12.819569768965048, 4.381294318157593], [12.819299076750516, 4.381294318157593], [12.819299076750516, 4.381113856681239], [12.818938153797806, 4.381113856681239], [12.818938153797806, 4.380933395204884], [12.818847923059629, 4.380933395204884], [12.818847923059629, 4.380752933728529], [12.818938153797806, 4.380752933728529], [12.818938153797806, 4.380392010775821], [12.819028384535983, 4.380392010775821], [12.819028384535983, 4.380301780037643], [12.81911861527416, 4.380301780037643], [12.81911861527416, 4.3802115492994655], [12.819299076750516, 4.3802115492994655], [12.819299076750516, 4.380392010775821], [12.81947953822687, 4.380392010775821], [12.81947953822687, 4.380572472252175], [12.819659999703225, 4.380572472252175], [12.819659999703225, 4.380752933728529], [12.819840461179579, 4.380752933728529], [12.819840461179579, 4.380933395204884], [12.820020922655933, 4.380933395204884], [12.820020922655933, 4.381294318157593], [12.819840461179579, 4.381294318157593], [12.819840461179579, 4.3814747796339475], [12.819659999703225, 4.3814747796339475]]]}}, {"id": "134", "type": "Feature", "properties": {"time_step": null}, "geometry": {"type": "Polygon", "coordinates": [[[12.835811301836957, 4.381565010372125], [12.835811301836957, 4.3814747796339475], [12.83572107109878, 4.3814747796339475], [12.83572107109878, 4.38138454889577], [12.835540609622425, 4.38138454889577], [12.835540609622425, 4.381204087419416], [12.835450378884248, 4.381204087419416], [12.835450378884248, 4.381023625943061], [12.83536014814607, 4.381023625943061], [12.83536014814607, 4.3808431644667065], [12.835179686669715, 4.3808431644667065], [12.835179686669715, 4.380301780037643], [12.83536014814607, 4.380301780037643], [12.83536014814607, 4.380121318561288], [12.83572107109878, 4.380121318561288], [12.83572107109878, 4.379940857084934], [12.836081994051488, 4.379940857084934], [12.836081994051488, 4.380121318561288], [12.836533147742374, 4.380121318561288], [12.836533147742374, 4.380301780037643], [12.836262455527843, 4.380301780037643], [12.836262455527843, 4.3808431644667065], [12.836172224789665, 4.3808431644667065], [12.836172224789665, 4.381023625943061], [12.836081994051488, 4.381023625943061], [12.836081994051488, 4.38138454889577], [12.835901532575134, 4.38138454889577], [12.835901532575134, 4.381565010372125], [12.835811301836957, 4.381565010372125]]]}}, {"id": "135", "type": "Feature", "properties": {"time_step": null}, "geometry": {"type": "Polygon", "coordinates": [[[12.824171536612088, 4.380482241513998], [12.824171536612088, 4.380301780037643], [12.823359459968493, 4.380301780037643], [12.823359459968493, 4.380031087823111], [12.82344969070667, 4.380031087823111], [12.82344969070667, 4.380121318561288], [12.82381061365938, 4.380121318561288], [12.82381061365938, 4.380031087823111], [12.823900844397556, 4.380031087823111], [12.823900844397556, 4.379940857084934], [12.824171536612088, 4.379940857084934], [12.824171536612088, 4.380121318561288], [12.824532459564796, 4.380121318561288], [12.824532459564796, 4.380031087823111], [12.824622690302974, 4.380031087823111], [12.824622690302974, 4.379940857084934], [12.824893382517507, 4.379940857084934], [12.824893382517507, 4.380301780037643], [12.824532459564796, 4.380301780037643], [12.824532459564796, 4.380482241513998], [12.824171536612088, 4.380482241513998]]]}}, {"id": "136", "type": "Feature", "properties": {"time_step": null}, "geometry": {"type": "Polygon", "coordinates": [[[12.768860094109419, 4.381204087419416], [12.768860094109419, 4.381023625943061], [12.768679632633065, 4.381023625943061], [12.768679632633065, 4.380482241513998], [12.768860094109419, 4.380482241513998], [12.768860094109419, 4.380301780037643], [12.769040555585773, 4.380301780037643], [12.769040555585773, 4.380121318561288], [12.769221017062128, 4.380121318561288], [12.769221017062128, 4.379940857084934], [12.769311247800305, 4.379940857084934], [12.769311247800305, 4.380031087823111], [12.769401478538484, 4.380031087823111], [12.769401478538484, 4.379940857084934], [12.769581940014838, 4.379940857084934], [12.769581940014838, 4.37976039560858], [12.770123324443901, 4.37976039560858], [12.770123324443901, 4.380482241513998], [12.769942862967547, 4.380482241513998], [12.769942862967547, 4.380662702990352], [12.769762401491192, 4.380662702990352], [12.769762401491192, 4.3808431644667065], [12.769581940014838, 4.3808431644667065], [12.769581940014838, 4.381023625943061], [12.769401478538484, 4.381023625943061], [12.769401478538484, 4.381204087419416], [12.768860094109419, 4.381204087419416]]]}}, {"id": "137", "type": "Feature", "properties": {"time_step": null}, "geometry": {"type": "Polygon", "coordinates": [[[12.832833687477107, 4.38138454889577], [12.832833687477107, 4.381204087419416], [12.833014148953461, 4.381204087419416], [12.833014148953461, 4.381023625943061], [12.833194610429816, 4.381023625943061], [12.833194610429816, 4.3808431644667065], [12.83337507190617, 4.3808431644667065], [12.83337507190617, 4.380662702990352], [12.833194610429816, 4.380662702990352], [12.833194610429816, 4.380482241513998], [12.833014148953461, 4.380482241513998], [12.833014148953461, 4.380031087823111], [12.833104379691639, 4.380031087823111], [12.833104379691639, 4.379940857084934], [12.83337507190617, 4.379940857084934], [12.83337507190617, 4.37976039560858], [12.833735994858879, 4.37976039560858], [12.833735994858879, 4.379940857084934], [12.833916456335233, 4.379940857084934], [12.833916456335233, 4.380301780037643], [12.833735994858879, 4.380301780037643], [12.833735994858879, 4.381204087419416], [12.83337507190617, 4.381204087419416], [12.83337507190617, 4.38138454889577], [12.832833687477107, 4.38138454889577]]]}}, {"id": "138", "type": "Feature", "properties": {"time_step": null}, "geometry": {"type": "Polygon", "coordinates": [[[12.803057543878605, 4.381835702586657], [12.803057543878605, 4.381294318157593], [12.803238005354961, 4.381294318157593], [12.803238005354961, 4.381113856681239], [12.803057543878605, 4.381113856681239], [12.803057543878605, 4.380933395204884], [12.80287708240225, 4.380933395204884], [12.80287708240225, 4.380392010775821], [12.802786851664074, 4.380392010775821], [12.802786851664074, 4.3802115492994655], [12.80287708240225, 4.3802115492994655], [12.80287708240225, 4.379850626346757], [12.802967313140428, 4.379850626346757], [12.802967313140428, 4.379489703394047], [12.803147774616784, 4.379489703394047], [12.803147774616784, 4.379309241917693], [12.803689159045847, 4.379309241917693], [12.803689159045847, 4.37939947265587], [12.803779389784024, 4.37939947265587], [12.803779389784024, 4.379489703394047], [12.803959851260378, 4.379489703394047], [12.803959851260378, 4.380031087823111], [12.803779389784024, 4.380031087823111], [12.803779389784024, 4.380752933728529], [12.803689159045847, 4.380752933728529], [12.803689159045847, 4.3808431644667065], [12.80359892830767, 4.3808431644667065], [12.80359892830767, 4.381204087419416], [12.803689159045847, 4.381204087419416], [12.803689159045847, 4.381294318157593], [12.803779389784024, 4.381294318157593], [12.803779389784024, 4.381655241110302], [12.803508697569493, 4.381655241110302], [12.803508697569493, 4.38174547184848], [12.803418466831316, 4.38174547184848], [12.803418466831316, 4.381835702586657], [12.803057543878605, 4.381835702586657]]]}}, {"id": "139", "type": "Feature", "properties": {"time_step": null}, "geometry": {"type": "Polygon", "coordinates": [[[12.77048424739661, 4.379940857084934], [12.77048424739661, 4.37976039560858], [12.770394016658432, 4.37976039560858], [12.770394016658432, 4.379670164870402], [12.77048424739661, 4.379670164870402], [12.77048424739661, 4.37939947265587], [12.770574478134787, 4.37939947265587], [12.770574478134787, 4.379309241917693], [12.770664708872964, 4.379309241917693], [12.770664708872964, 4.379219011179516], [12.77084517034932, 4.379219011179516], [12.77084517034932, 4.379038549703162], [12.771025631825674, 4.379038549703162], [12.771025631825674, 4.379219011179516], [12.771206093302029, 4.379219011179516], [12.771206093302029, 4.379940857084934], [12.77048424739661, 4.379940857084934]]]}}, {"id": "140", "type": "Feature", "properties": {"time_step": null}, "geometry": {"type": "Polygon", "coordinates": [[[12.836442917004197, 4.37976039560858], [12.836442917004197, 4.379670164870402], [12.83635268626602, 4.379670164870402], [12.83635268626602, 4.379579934132225], [12.836262455527843, 4.379579934132225], [12.836262455527843, 4.37939947265587], [12.836081994051488, 4.37939947265587], [12.836081994051488, 4.379038549703162], [12.836262455527843, 4.379038549703162], [12.836262455527843, 4.378677626750452], [12.836442917004197, 4.378677626750452], [12.836442917004197, 4.378587396012275], [12.836533147742374, 4.378587396012275], [12.836533147742374, 4.378677626750452], [12.836984301433262, 4.378677626750452], [12.836984301433262, 4.3788580882268064], [12.837164762909616, 4.3788580882268064], [12.837164762909616, 4.379579934132225], [12.836803839956907, 4.379579934132225], [12.836803839956907, 4.37976039560858], [12.836442917004197, 4.37976039560858]]]}}, {"id": "141", "type": "Feature", "properties": {"time_step": null}, "geometry": {"type": "Polygon", "coordinates": [[[12.759295635862628, 4.380572472252175], [12.759295635862628, 4.380482241513998], [12.759205405124451, 4.380482241513998], [12.759205405124451, 4.380392010775821], [12.758754251433565, 4.380392010775821], [12.758754251433565, 4.379850626346757], [12.75857378995721, 4.379850626346757], [12.75857378995721, 4.37976039560858], [12.758664020695388, 4.37976039560858], [12.758664020695388, 4.379670164870402], [12.75857378995721, 4.379670164870402], [12.75857378995721, 4.379219011179516], [12.758664020695388, 4.379219011179516], [12.758664020695388, 4.379128780441339], [12.758754251433565, 4.379128780441339], [12.758754251433565, 4.378948318964984], [12.758844482171742, 4.378948318964984], [12.758844482171742, 4.378767857488629], [12.75893471290992, 4.378767857488629], [12.75893471290992, 4.378587396012275], [12.759295635862628, 4.378587396012275], [12.759295635862628, 4.378497165274098], [12.75956632807716, 4.378497165274098], [12.75956632807716, 4.378587396012275], [12.760017481768047, 4.378587396012275], [12.760017481768047, 4.3802115492994655], [12.759837020291691, 4.3802115492994655], [12.759837020291691, 4.380392010775821], [12.759656558815337, 4.380392010775821], [12.759656558815337, 4.380572472252175], [12.759295635862628, 4.380572472252175]]]}}, {"id": "142", "type": "Feature", "properties": {"time_step": null}, "geometry": {"type": "Polygon", "coordinates": [[[12.82741984318647, 4.38138454889577], [12.82741984318647, 4.381204087419416], [12.827239381710115, 4.381204087419416], [12.827239381710115, 4.381023625943061], [12.82741984318647, 4.381023625943061], [12.82741984318647, 4.379940857084934], [12.827510073924648, 4.379940857084934], [12.827510073924648, 4.379850626346757], [12.827600304662825, 4.379850626346757], [12.827600304662825, 4.379579934132225], [12.827690535401002, 4.379579934132225], [12.827690535401002, 4.37939947265587], [12.828502612044597, 4.37939947265587], [12.828502612044597, 4.379579934132225], [12.828683073520951, 4.379579934132225], [12.828683073520951, 4.379670164870402], [12.828863534997307, 4.379670164870402], [12.828863534997307, 4.379579934132225], [12.829043996473661, 4.379579934132225], [12.829043996473661, 4.37939947265587], [12.829224457950016, 4.37939947265587], [12.829224457950016, 4.379219011179516], [12.829134227211838, 4.379219011179516], [12.829134227211838, 4.379128780441339], [12.829043996473661, 4.379128780441339], [12.829043996473661, 4.3788580882268064], [12.829224457950016, 4.3788580882268064], [12.829224457950016, 4.378677626750452], [12.829495150164547, 4.378677626750452], [12.829495150164547, 4.378587396012275], [12.829585380902724, 4.378587396012275], [12.829585380902724, 4.378497165274098], [12.829946303855433, 4.378497165274098], [12.829946303855433, 4.379038549703162], [12.829585380902724, 4.379038549703162], [12.829585380902724, 4.37939947265587], [12.82940491942637, 4.37939947265587], [12.82940491942637, 4.379579934132225], [12.829314688688193, 4.379579934132225], [12.829314688688193, 4.37976039560858], [12.829224457950016, 4.37976039560858], [12.829224457950016, 4.380301780037643], [12.829043996473661, 4.380301780037643], [12.829043996473661, 4.3808431644667065], [12.828953765735484, 4.3808431644667065], [12.828953765735484, 4.381023625943061], [12.828863534997307, 4.381023625943061], [12.828863534997307, 4.38138454889577], [12.82741984318647, 4.38138454889577]]]}}, {"id": "143", "type": "Feature", "properties": {"time_step": null}, "geometry": {"type": "Polygon", "coordinates": [[[12.769221017062128, 4.37939947265587], [12.769221017062128, 4.379219011179516], [12.76913078632395, 4.379219011179516], [12.76913078632395, 4.379038549703162], [12.769221017062128, 4.379038549703162], [12.769221017062128, 4.3788580882268064], [12.769581940014838, 4.3788580882268064], [12.769581940014838, 4.378316703797743], [12.769762401491192, 4.378316703797743], [12.769762401491192, 4.378136242321388], [12.770303785920255, 4.378136242321388], [12.770303785920255, 4.378316703797743], [12.77048424739661, 4.378316703797743], [12.77048424739661, 4.378497165274098], [12.770664708872964, 4.378497165274098], [12.770664708872964, 4.3788580882268064], [12.77048424739661, 4.3788580882268064], [12.77048424739661, 4.379219011179516], [12.769401478538484, 4.379219011179516], [12.769401478538484, 4.37939947265587], [12.769221017062128, 4.37939947265587]]]}}, {"id": "144", "type": "Feature", "properties": {"time_step": null}, "geometry": {"type": "Polygon", "coordinates": [[[12.760197943244401, 4.3802115492994655], [12.760197943244401, 4.378587396012275], [12.760288173982579, 4.378587396012275], [12.760288173982579, 4.378497165274098], [12.760378404720756, 4.378497165274098], [12.760378404720756, 4.378406934535921], [12.760919789149819, 4.378406934535921], [12.760919789149819, 4.378046011583211], [12.761100250626173, 4.378046011583211], [12.761100250626173, 4.377955780845034], [12.76128071210253, 4.377955780845034], [12.76128071210253, 4.377865550106857], [12.761461173578883, 4.377865550106857], [12.761461173578883, 4.3776850886305025], [12.761641635055238, 4.3776850886305025], [12.761641635055238, 4.377865550106857], [12.761731865793415, 4.377865550106857], [12.761731865793415, 4.3776850886305025], [12.761822096531592, 4.3776850886305025], [12.761822096531592, 4.3775948578923245], [12.76191232726977, 4.3775948578923245], [12.76191232726977, 4.377504627154147], [12.762002558007946, 4.377504627154147], [12.762002558007946, 4.3775948578923245], [12.7621830194843, 4.3775948578923245], [12.7621830194843, 4.377865550106857], [12.762002558007946, 4.377865550106857], [12.762002558007946, 4.378587396012275], [12.761822096531592, 4.378587396012275], [12.761822096531592, 4.3782264730595655], [12.761731865793415, 4.3782264730595655], [12.761731865793415, 4.378046011583211], [12.761641635055238, 4.378046011583211], [12.761641635055238, 4.378767857488629], [12.761822096531592, 4.378767857488629], [12.761822096531592, 4.379038549703162], [12.762002558007946, 4.379038549703162], [12.762002558007946, 4.379128780441339], [12.762092788746124, 4.379128780441339], [12.762092788746124, 4.379309241917693], [12.7621830194843, 4.379309241917693], [12.7621830194843, 4.379489703394047], [12.761822096531592, 4.379489703394047], [12.761822096531592, 4.379670164870402], [12.761641635055238, 4.379670164870402], [12.761641635055238, 4.379850626346757], [12.761461173578883, 4.379850626346757], [12.761461173578883, 4.380031087823111], [12.76128071210253, 4.380031087823111], [12.76128071210253, 4.379850626346757], [12.761100250626173, 4.379850626346757], [12.761100250626173, 4.379670164870402], [12.760919789149819, 4.379670164870402], [12.760919789149819, 4.380031087823111], [12.760739327673464, 4.380031087823111], [12.760739327673464, 4.3802115492994655], [12.760197943244401, 4.3802115492994655]]]}}, {"id": "145", "type": "Feature", "properties": {"time_step": null}, "geometry": {"type": "Polygon", "coordinates": [[[12.804501235689443, 4.379489703394047], [12.804501235689443, 4.379309241917693], [12.804320774213087, 4.379309241917693], [12.804320774213087, 4.378948318964984], [12.804411004951264, 4.378948318964984], [12.804411004951264, 4.378767857488629], [12.80459146642762, 4.378767857488629], [12.80459146642762, 4.378587396012275], [12.804771927903975, 4.378587396012275], [12.804771927903975, 4.378406934535921], [12.804952389380329, 4.378406934535921], [12.804952389380329, 4.378046011583211], [12.805493773809392, 4.378046011583211], [12.805493773809392, 4.377865550106857], [12.805674235285746, 4.377865550106857], [12.805674235285746, 4.3776850886305025], [12.80594492750028, 4.3776850886305025], [12.80594492750028, 4.3775948578923245], [12.806035158238457, 4.3775948578923245], [12.806035158238457, 4.377504627154147], [12.806125388976634, 4.377504627154147], [12.806125388976634, 4.37741439641597], [12.806215619714811, 4.37741439641597], [12.806215619714811, 4.377324165677793], [12.806396081191165, 4.377324165677793], [12.806396081191165, 4.3776850886305025], [12.806305850452988, 4.3776850886305025], [12.806305850452988, 4.378046011583211], [12.806125388976634, 4.378046011583211], [12.806125388976634, 4.3782264730595655], [12.805764466023923, 4.3782264730595655], [12.805764466023923, 4.378406934535921], [12.80522308159486, 4.378406934535921], [12.80522308159486, 4.379128780441339], [12.805403543071215, 4.379128780441339], [12.805403543071215, 4.379309241917693], [12.80522308159486, 4.379309241917693], [12.80522308159486, 4.379489703394047], [12.804501235689443, 4.379489703394047]]]}}, {"id": "146", "type": "Feature", "properties": {"time_step": null}, "geometry": {"type": "Polygon", "coordinates": [[[12.797914391802502, 4.378767857488629], [12.797914391802502, 4.378587396012275], [12.797733930326148, 4.378587396012275], [12.797733930326148, 4.378316703797743], [12.797643699587969, 4.378316703797743], [12.797643699587969, 4.3782264730595655], [12.797553468849792, 4.3782264730595655], [12.797553468849792, 4.378046011583211], [12.797733930326148, 4.378046011583211], [12.797733930326148, 4.377865550106857], [12.797914391802502, 4.377865550106857], [12.797914391802502, 4.3776850886305025], [12.797733930326148, 4.3776850886305025], [12.797733930326148, 4.377143704201439], [12.798455776231565, 4.377143704201439], [12.798455776231565, 4.377324165677793], [12.79863623770792, 4.377324165677793], [12.79863623770792, 4.377504627154147], [12.798455776231565, 4.377504627154147], [12.798455776231565, 4.378587396012275], [12.79827531475521, 4.378587396012275], [12.79827531475521, 4.378767857488629], [12.797914391802502, 4.378767857488629]]]}}, {"id": "147", "type": "Feature", "properties": {"time_step": null}, "geometry": {"type": "Polygon", "coordinates": [[[12.836984301433262, 4.377955780845034], [12.836984301433262, 4.37741439641597], [12.836894070695084, 4.37741439641597], [12.836894070695084, 4.377324165677793], [12.836803839956907, 4.377324165677793], [12.836803839956907, 4.377053473463262], [12.836894070695084, 4.377053473463262], [12.836894070695084, 4.3769632427250835], [12.836984301433262, 4.3769632427250835], [12.836984301433262, 4.376873011986906], [12.837435455124147, 4.376873011986906], [12.837435455124147, 4.3775948578923245], [12.83734522438597, 4.3775948578923245], [12.83734522438597, 4.37777531936868], [12.837164762909616, 4.37777531936868], [12.837164762909616, 4.377955780845034], [12.836984301433262, 4.377955780845034]]]}}, {"id": "148", "type": "Feature", "properties": {"time_step": null}, "geometry": {"type": "Polygon", "coordinates": [[[12.82805145835371, 4.377504627154147], [12.82805145835371, 4.37741439641597], [12.827961227615534, 4.37741439641597], [12.827961227615534, 4.377233934939616], [12.82778076613918, 4.377233934939616], [12.82778076613918, 4.377143704201439], [12.827690535401002, 4.377143704201439], [12.827690535401002, 4.377053473463262], [12.827600304662825, 4.377053473463262], [12.827600304662825, 4.376692550510552], [12.827961227615534, 4.376692550510552], [12.827961227615534, 4.376782781248729], [12.828141689091888, 4.376782781248729], [12.828141689091888, 4.376873011986906], [12.828322150568242, 4.376873011986906], [12.828322150568242, 4.377053473463262], [12.82841238130642, 4.377053473463262], [12.82841238130642, 4.377233934939616], [12.828322150568242, 4.377233934939616], [12.828322150568242, 4.37741439641597], [12.828231919830065, 4.37741439641597], [12.828231919830065, 4.377504627154147], [12.82805145835371, 4.377504627154147]]]}}, {"id": "149", "type": "Feature", "properties": {"time_step": null}, "geometry": {"type": "Polygon", "coordinates": [[[12.823269229230315, 4.377324165677793], [12.823269229230315, 4.3769632427250835], [12.82344969070667, 4.3769632427250835], [12.82344969070667, 4.376782781248729], [12.823991075135734, 4.376782781248729], [12.823991075135734, 4.376602319772375], [12.824351998088442, 4.376602319772375], [12.824351998088442, 4.3769632427250835], [12.824532459564796, 4.3769632427250835], [12.824532459564796, 4.377324165677793], [12.824171536612088, 4.377324165677793], [12.824171536612088, 4.377143704201439], [12.823630152183025, 4.377143704201439], [12.823630152183025, 4.377324165677793], [12.823269229230315, 4.377324165677793]]]}}, {"id": "150", "type": "Feature", "properties": {"time_step": null}, "geometry": {"type": "Polygon", "coordinates": [[[12.800079929518756, 4.377504627154147], [12.800079929518756, 4.3769632427250835], [12.80026039099511, 4.3769632427250835], [12.80026039099511, 4.376331627557843], [12.800350621733287, 4.376331627557843], [12.800350621733287, 4.376241396819665], [12.80062131394782, 4.376241396819665], [12.80062131394782, 4.376421858296021], [12.800801775424175, 4.376421858296021], [12.800801775424175, 4.377324165677793], [12.80062131394782, 4.377324165677793], [12.80062131394782, 4.377504627154147], [12.800079929518756, 4.377504627154147]]]}}, {"id": "151", "type": "Feature", "properties": {"time_step": null}, "geometry": {"type": "Polygon", "coordinates": [[[12.763987634247847, 4.37741439641597], [12.763987634247847, 4.3769632427250835], [12.764077864986024, 4.3769632427250835], [12.764077864986024, 4.376873011986906], [12.764168095724202, 4.376873011986906], [12.764168095724202, 4.376692550510552], [12.764258326462379, 4.376692550510552], [12.764258326462379, 4.376602319772375], [12.764348557200556, 4.376602319772375], [12.764348557200556, 4.376421858296021], [12.76452901867691, 4.376421858296021], [12.76452901867691, 4.376241396819665], [12.764619249415087, 4.376241396819665], [12.764619249415087, 4.376331627557843], [12.764889941629619, 4.376331627557843], [12.764889941629619, 4.376512089034198], [12.765070403105973, 4.376512089034198], [12.765070403105973, 4.377143704201439], [12.764980172367796, 4.377143704201439], [12.764980172367796, 4.377233934939616], [12.764889941629619, 4.377233934939616], [12.764889941629619, 4.377324165677793], [12.764799710891442, 4.377324165677793], [12.764799710891442, 4.37741439641597], [12.763987634247847, 4.37741439641597]]]}}, {"id": "152", "type": "Feature", "properties": {"time_step": null}, "geometry": {"type": "Polygon", "coordinates": [[[12.820562307084996, 4.3769632427250835], [12.820562307084996, 4.376782781248729], [12.820201384132288, 4.376782781248729], [12.820201384132288, 4.376331627557843], [12.820381845608642, 4.376331627557843], [12.820381845608642, 4.376241396819665], [12.820562307084996, 4.376241396819665], [12.820562307084996, 4.376060935343311], [12.820742768561352, 4.376060935343311], [12.820742768561352, 4.376151166081488], [12.820923230037707, 4.376151166081488], [12.820923230037707, 4.376421858296021], [12.821103691514061, 4.376421858296021], [12.821103691514061, 4.376782781248729], [12.820923230037707, 4.376782781248729], [12.820923230037707, 4.3769632427250835], [12.820562307084996, 4.3769632427250835]]]}}, {"id": "153", "type": "Feature", "properties": {"time_step": null}, "geometry": {"type": "Polygon", "coordinates": [[[12.783657935170492, 4.377233934939616], [12.783657935170492, 4.377053473463262], [12.783477473694138, 4.377053473463262], [12.783477473694138, 4.376692550510552], [12.783116550741429, 4.376692550510552], [12.783116550741429, 4.376331627557843], [12.783477473694138, 4.376331627557843], [12.783477473694138, 4.376241396819665], [12.783567704432315, 4.376241396819665], [12.783567704432315, 4.376331627557843], [12.783657935170492, 4.376331627557843], [12.783657935170492, 4.376151166081488], [12.783838396646846, 4.376151166081488], [12.783838396646846, 4.376060935343311], [12.783928627385023, 4.376060935343311], [12.783928627385023, 4.376151166081488], [12.7840188581232, 4.376151166081488], [12.7840188581232, 4.376512089034198], [12.784109088861378, 4.376512089034198], [12.784109088861378, 4.376602319772375], [12.784199319599555, 4.376602319772375], [12.784199319599555, 4.376692550510552], [12.784109088861378, 4.376692550510552], [12.784109088861378, 4.376782781248729], [12.7840188581232, 4.376782781248729], [12.7840188581232, 4.377233934939616], [12.783657935170492, 4.377233934939616]]]}}, {"id": "154", "type": "Feature", "properties": {"time_step": null}, "geometry": {"type": "Polygon", "coordinates": [[[12.833916456335233, 4.376873011986906], [12.833916456335233, 4.376782781248729], [12.833826225597056, 4.376782781248729], [12.833826225597056, 4.376692550510552], [12.833555533382524, 4.376692550510552], [12.833555533382524, 4.376421858296021], [12.833465302644347, 4.376421858296021], [12.833465302644347, 4.376331627557843], [12.83337507190617, 4.376331627557843], [12.83337507190617, 4.375970704605134], [12.834277379287943, 4.375970704605134], [12.834277379287943, 4.376060935343311], [12.834457840764298, 4.376060935343311], [12.834457840764298, 4.376151166081488], [12.834818763717006, 4.376151166081488], [12.834818763717006, 4.376873011986906], [12.833916456335233, 4.376873011986906]]]}}, {"id": "155", "type": "Feature", "properties": {"time_step": null}, "geometry": {"type": "Polygon", "coordinates": [[[12.829224457950016, 4.376692550510552], [12.829224457950016, 4.376512089034198], [12.829043996473661, 4.376512089034198], [12.829043996473661, 4.376331627557843], [12.829314688688193, 4.376331627557843], [12.829314688688193, 4.376151166081488], [12.829585380902724, 4.376151166081488], [12.829585380902724, 4.375970704605134], [12.829946303855433, 4.375970704605134], [12.829946303855433, 4.37579024312878], [12.830307226808143, 4.37579024312878], [12.830307226808143, 4.376060935343311], [12.83039745754632, 4.376060935343311], [12.83039745754632, 4.376151166081488], [12.830487688284498, 4.376151166081488], [12.830487688284498, 4.376331627557843], [12.830307226808143, 4.376331627557843], [12.830307226808143, 4.376692550510552], [12.829224457950016, 4.376692550510552]]]}}, {"id": "156", "type": "Feature", "properties": {"time_step": null}, "geometry": {"type": "Polygon", "coordinates": [[[12.769401478538484, 4.376512089034198], [12.769401478538484, 4.375519550914247], [12.769581940014838, 4.375519550914247], [12.769581940014838, 4.37542932017607], [12.770213555182078, 4.37542932017607], [12.770213555182078, 4.375519550914247], [12.770303785920255, 4.375519550914247], [12.770303785920255, 4.376512089034198], [12.769942862967547, 4.376512089034198], [12.769942862967547, 4.376331627557843], [12.769762401491192, 4.376331627557843], [12.769762401491192, 4.376512089034198], [12.769401478538484, 4.376512089034198]]]}}, {"id": "157", "type": "Feature", "properties": {"time_step": null}, "geometry": {"type": "Polygon", "coordinates": [[[12.809824849241902, 4.37741439641597], [12.809824849241902, 4.377324165677793], [12.80955415702737, 4.377324165677793], [12.80955415702737, 4.377143704201439], [12.80919323407466, 4.377143704201439], [12.80919323407466, 4.3769632427250835], [12.809012772598306, 4.3769632427250835], [12.809012772598306, 4.376602319772375], [12.80892254186013, 4.376602319772375], [12.80892254186013, 4.376421858296021], [12.808832311121952, 4.376421858296021], [12.808832311121952, 4.376060935343311], [12.80892254186013, 4.376060935343311], [12.80892254186013, 4.3757000123906025], [12.809103003336483, 4.3757000123906025], [12.809103003336483, 4.375519550914247], [12.809283464812838, 4.375519550914247], [12.809283464812838, 4.375339089437893], [12.809463926289192, 4.375339089437893], [12.809463926289192, 4.37579024312878], [12.809373695551015, 4.37579024312878], [12.809373695551015, 4.375880473866957], [12.80955415702737, 4.375880473866957], [12.80955415702737, 4.376060935343311], [12.809734618503724, 4.376060935343311], [12.809734618503724, 4.376241396819665], [12.80991507998008, 4.376241396819665], [12.80991507998008, 4.376421858296021], [12.810095541456434, 4.376421858296021], [12.810095541456434, 4.3769632427250835], [12.810005310718257, 4.3769632427250835], [12.810005310718257, 4.377143704201439], [12.810095541456434, 4.377143704201439], [12.810095541456434, 4.377324165677793], [12.80991507998008, 4.377324165677793], [12.80991507998008, 4.37741439641597], [12.809824849241902, 4.37741439641597]]]}}, {"id": "158", "type": "Feature", "properties": {"time_step": null}, "geometry": {"type": "Polygon", "coordinates": [[[12.758844482171742, 4.376421858296021], [12.758844482171742, 4.376331627557843], [12.758754251433565, 4.376331627557843], [12.758754251433565, 4.376241396819665], [12.758664020695388, 4.376241396819665], [12.758664020695388, 4.3757000123906025], [12.75857378995721, 4.3757000123906025], [12.75857378995721, 4.375519550914247], [12.758664020695388, 4.375519550914247], [12.758664020695388, 4.375339089437893], [12.758844482171742, 4.375339089437893], [12.758844482171742, 4.375519550914247], [12.759205405124451, 4.375519550914247], [12.759205405124451, 4.376060935343311], [12.759024943648097, 4.376060935343311], [12.759024943648097, 4.376421858296021], [12.758844482171742, 4.376421858296021]]]}}, {"id": "159", "type": "Feature", "properties": {"time_step": null}, "geometry": {"type": "Polygon", "coordinates": [[[12.818396769368743, 4.376241396819665], [12.818396769368743, 4.376151166081488], [12.818306538630566, 4.376151166081488], [12.818306538630566, 4.376060935343311], [12.818216307892389, 4.376060935343311], [12.818216307892389, 4.3757000123906025], [12.818396769368743, 4.3757000123906025], [12.818396769368743, 4.375519550914247], [12.818577230845097, 4.375519550914247], [12.818577230845097, 4.375339089437893], [12.818667461583274, 4.375339089437893], [12.818667461583274, 4.375158627961539], [12.818757692321451, 4.375158627961539], [12.818757692321451, 4.3750683972233615], [12.818938153797806, 4.3750683972233615], [12.818938153797806, 4.374978166485184], [12.81947953822687, 4.374978166485184], [12.81947953822687, 4.375880473866957], [12.819299076750516, 4.375880473866957], [12.819299076750516, 4.376060935343311], [12.81911861527416, 4.376060935343311], [12.81911861527416, 4.376151166081488], [12.818757692321451, 4.376151166081488], [12.818757692321451, 4.376241396819665], [12.818396769368743, 4.376241396819665]]]}}, {"id": "160", "type": "Feature", "properties": {"time_step": null}, "geometry": {"type": "Polygon", "coordinates": [[[12.814155924674411, 4.375880473866957], [12.814155924674411, 4.37579024312878], [12.814065693936234, 4.37579024312878], [12.814065693936234, 4.375519550914247], [12.814246155412588, 4.375519550914247], [12.814246155412588, 4.37542932017607], [12.814336386150766, 4.37542932017607], [12.814336386150766, 4.375519550914247], [12.81451684762712, 4.375519550914247], [12.81451684762712, 4.375339089437893], [12.814607078365297, 4.375339089437893], [12.814607078365297, 4.375158627961539], [12.814787539841651, 4.375158627961539], [12.814787539841651, 4.374887935747006], [12.814968001318006, 4.374887935747006], [12.814968001318006, 4.374978166485184], [12.81514846279436, 4.374978166485184], [12.81514846279436, 4.375339089437893], [12.814968001318006, 4.375339089437893], [12.814968001318006, 4.375519550914247], [12.814787539841651, 4.375519550914247], [12.814787539841651, 4.375609781652424], [12.814607078365297, 4.375609781652424], [12.814607078365297, 4.3757000123906025], [12.814426616888943, 4.3757000123906025], [12.814426616888943, 4.375880473866957], [12.814155924674411, 4.375880473866957]]]}}, {"id": "161", "type": "Feature", "properties": {"time_step": null}, "geometry": {"type": "Polygon", "coordinates": [[[12.79863623770792, 4.376782781248729], [12.79863623770792, 4.376692550510552], [12.798455776231565, 4.376692550510552], [12.798455776231565, 4.376602319772375], [12.79827531475521, 4.376602319772375], [12.79827531475521, 4.376421858296021], [12.798185084017033, 4.376421858296021], [12.798185084017033, 4.376241396819665], [12.798094853278856, 4.376241396819665], [12.798094853278856, 4.376060935343311], [12.79827531475521, 4.376060935343311], [12.79827531475521, 4.375970704605134], [12.798455776231565, 4.375970704605134], [12.798455776231565, 4.375880473866957], [12.798816699184274, 4.375880473866957], [12.798816699184274, 4.375519550914247], [12.798997160660628, 4.375519550914247], [12.798997160660628, 4.375158627961539], [12.799177622136984, 4.375158627961539], [12.799177622136984, 4.374978166485184], [12.799358083613338, 4.374978166485184], [12.799358083613338, 4.374797705008829], [12.799538545089693, 4.374797705008829], [12.799538545089693, 4.374978166485184], [12.799899468042401, 4.374978166485184], [12.799899468042401, 4.3750683972233615], [12.800079929518756, 4.3750683972233615], [12.800079929518756, 4.375339089437893], [12.799899468042401, 4.375339089437893], [12.799899468042401, 4.376421858296021], [12.799358083613338, 4.376421858296021], [12.799358083613338, 4.376602319772375], [12.798997160660628, 4.376602319772375], [12.798997160660628, 4.376782781248729], [12.79863623770792, 4.376782781248729]]]}}, {"id": "162", "type": "Feature", "properties": {"time_step": null}, "geometry": {"type": "Polygon", "coordinates": [[[12.802425928711365, 4.375519550914247], [12.802425928711365, 4.375339089437893], [12.80224546723501, 4.375339089437893], [12.80224546723501, 4.374797705008829], [12.802425928711365, 4.374797705008829], [12.802425928711365, 4.374707474270652], [12.802696620925897, 4.374707474270652], [12.802696620925897, 4.374617243532475], [12.803328236093138, 4.374617243532475], [12.803328236093138, 4.374797705008829], [12.803508697569493, 4.374797705008829], [12.803508697569493, 4.374978166485184], [12.803328236093138, 4.374978166485184], [12.803328236093138, 4.375158627961539], [12.803147774616784, 4.375158627961539], [12.803147774616784, 4.375519550914247], [12.802425928711365, 4.375519550914247]]]}}, {"id": "163", "type": "Feature", "properties": {"time_step": null}, "geometry": {"type": "Polygon", "coordinates": [[[12.806396081191165, 4.375519550914247], [12.806396081191165, 4.375339089437893], [12.806215619714811, 4.375339089437893], [12.806215619714811, 4.374617243532475], [12.806757004143874, 4.374617243532475], [12.806757004143874, 4.374797705008829], [12.806937465620228, 4.374797705008829], [12.806937465620228, 4.374978166485184], [12.806757004143874, 4.374978166485184], [12.806757004143874, 4.375158627961539], [12.807027696358405, 4.375158627961539], [12.807027696358405, 4.3750683972233615], [12.807117927096582, 4.3750683972233615], [12.807117927096582, 4.374978166485184], [12.807839773002001, 4.374978166485184], [12.807839773002001, 4.375339089437893], [12.807659311525647, 4.375339089437893], [12.807659311525647, 4.37542932017607], [12.807478850049293, 4.37542932017607], [12.807478850049293, 4.375519550914247], [12.806396081191165, 4.375519550914247]]]}}, {"id": "164", "type": "Feature", "properties": {"time_step": null}, "geometry": {"type": "Polygon", "coordinates": [[[12.813704770983524, 4.375158627961539], [12.813704770983524, 4.374978166485184], [12.813434078768992, 4.374978166485184], [12.813434078768992, 4.374887935747006], [12.813343848030815, 4.374887935747006], [12.813343848030815, 4.3744367820561205], [12.81388523245988, 4.3744367820561205], [12.81388523245988, 4.374527012794298], [12.814065693936234, 4.374527012794298], [12.814065693936234, 4.374617243532475], [12.814246155412588, 4.374617243532475], [12.814246155412588, 4.375158627961539], [12.813704770983524, 4.375158627961539]]]}}, {"id": "165", "type": "Feature", "properties": {"time_step": null}, "geometry": {"type": "Polygon", "coordinates": [[[12.782755627788719, 4.374887935747006], [12.782755627788719, 4.374707474270652], [12.782575166312364, 4.374707474270652], [12.782575166312364, 4.374166089841588], [12.782936089265075, 4.374166089841588], [12.782936089265075, 4.3738051668888795], [12.783297012217783, 4.3738051668888795], [12.783297012217783, 4.373985628365234], [12.783477473694138, 4.373985628365234], [12.783477473694138, 4.374166089841588], [12.783657935170492, 4.374166089841588], [12.783657935170492, 4.374346551317943], [12.783567704432315, 4.374346551317943], [12.783567704432315, 4.374527012794298], [12.783477473694138, 4.374527012794298], [12.783477473694138, 4.374617243532475], [12.78338724295596, 4.374617243532475], [12.78338724295596, 4.374707474270652], [12.783297012217783, 4.374707474270652], [12.783297012217783, 4.374887935747006], [12.782755627788719, 4.374887935747006]]]}}, {"id": "166", "type": "Feature", "properties": {"time_step": null}, "geometry": {"type": "Polygon", "coordinates": [[[12.78871085650842, 4.376151166081488], [12.78871085650842, 4.375880473866957], [12.788891317984774, 4.375880473866957], [12.788891317984774, 4.37579024312878], [12.78871085650842, 4.37579024312878], [12.78871085650842, 4.375609781652424], [12.788530395032065, 4.375609781652424], [12.788530395032065, 4.375248858699716], [12.788620625770243, 4.375248858699716], [12.788620625770243, 4.375158627961539], [12.78871085650842, 4.375158627961539], [12.78871085650842, 4.3750683972233615], [12.788349933555711, 4.3750683972233615], [12.788349933555711, 4.374707474270652], [12.788259702817534, 4.374707474270652], [12.788259702817534, 4.374617243532475], [12.788169472079355, 4.374617243532475], [12.788169472079355, 4.374166089841588], [12.788349933555711, 4.374166089841588], [12.788349933555711, 4.373985628365234], [12.788620625770243, 4.373985628365234], [12.788620625770243, 4.373895397627057], [12.78871085650842, 4.373895397627057], [12.78871085650842, 4.3738051668888795], [12.789071779461128, 4.3738051668888795], [12.789071779461128, 4.373714936150702], [12.789252240937483, 4.373714936150702], [12.789252240937483, 4.373624705412524], [12.789974086842902, 4.373624705412524], [12.789974086842902, 4.373534474674347], [12.790154548319256, 4.373534474674347], [12.790154548319256, 4.373624705412524], [12.79033500979561, 4.373624705412524], [12.79033500979561, 4.374256320579765], [12.790425240533787, 4.374256320579765], [12.790425240533787, 4.374346551317943], [12.790515471271965, 4.374346551317943], [12.790515471271965, 4.374527012794298], [12.790605702010142, 4.374527012794298], [12.790605702010142, 4.374617243532475], [12.790695932748319, 4.374617243532475], [12.790695932748319, 4.374887935747006], [12.79105685570103, 4.374887935747006], [12.79105685570103, 4.37542932017607], [12.790876394224673, 4.37542932017607], [12.790876394224673, 4.375609781652424], [12.790244779057433, 4.375609781652424], [12.790244779057433, 4.3757000123906025], [12.790154548319256, 4.3757000123906025], [12.790154548319256, 4.37579024312878], [12.789793625366547, 4.37579024312878], [12.789793625366547, 4.375970704605134], [12.789432702413837, 4.375970704605134], [12.789432702413837, 4.376151166081488], [12.78871085650842, 4.376151166081488]], [[12.788801087246597, 4.3750683972233615], [12.788891317984774, 4.3750683972233615], [12.788891317984774, 4.374978166485184], [12.788801087246597, 4.374978166485184], [12.788801087246597, 4.3750683972233615]]]}}, {"id": "167", "type": "Feature", "properties": {"time_step": null}, "geometry": {"type": "Polygon", "coordinates": [[[12.82308876775396, 4.374797705008829], [12.82308876775396, 4.374617243532475], [12.822908306277606, 4.374617243532475], [12.822908306277606, 4.3744367820561205], [12.822818075539429, 4.3744367820561205], [12.822818075539429, 4.374346551317943], [12.822727844801252, 4.374346551317943], [12.822727844801252, 4.373354013197993], [12.823269229230315, 4.373354013197993], [12.823269229230315, 4.373534474674347], [12.823359459968493, 4.373534474674347], [12.823359459968493, 4.373714936150702], [12.82344969070667, 4.373714936150702], [12.82344969070667, 4.374075859103411], [12.823630152183025, 4.374075859103411], [12.823630152183025, 4.3744367820561205], [12.823539921444848, 4.3744367820561205], [12.823539921444848, 4.374617243532475], [12.82344969070667, 4.374617243532475], [12.82344969070667, 4.374797705008829], [12.82308876775396, 4.374797705008829]]]}}, {"id": "168", "type": "Feature", "properties": {"time_step": null}, "geometry": {"type": "Polygon", "coordinates": [[[12.812802463601752, 4.374166089841588], [12.812802463601752, 4.374075859103411], [12.812712232863575, 4.374075859103411], [12.812712232863575, 4.373895397627057], [12.812622002125398, 4.373895397627057], [12.812622002125398, 4.373624705412524], [12.812712232863575, 4.373624705412524], [12.812712232863575, 4.373534474674347], [12.812802463601752, 4.373534474674347], [12.812802463601752, 4.373354013197993], [12.81316338655446, 4.373354013197993], [12.81316338655446, 4.373534474674347], [12.813343848030815, 4.373534474674347], [12.813343848030815, 4.374075859103411], [12.81316338655446, 4.374075859103411], [12.81316338655446, 4.374166089841588], [12.812802463601752, 4.374166089841588]]]}}, {"id": "169", "type": "Feature", "properties": {"time_step": null}, "geometry": {"type": "Polygon", "coordinates": [[[12.773913015447347, 4.373083320983461], [12.773913015447347, 4.372541936554398], [12.774093476923701, 4.372541936554398], [12.774093476923701, 4.372361475078043], [12.774905553567297, 4.372361475078043], [12.774905553567297, 4.3724517058162204], [12.774995784305474, 4.3724517058162204], [12.774995784305474, 4.372722398030752], [12.774634861352764, 4.372722398030752], [12.774634861352764, 4.372902859507106], [12.77445439987641, 4.372902859507106], [12.77445439987641, 4.373083320983461], [12.773913015447347, 4.373083320983461]]]}}, {"id": "170", "type": "Feature", "properties": {"time_step": null}, "geometry": {"type": "Polygon", "coordinates": [[[12.829946303855433, 4.37344424393617], [12.829946303855433, 4.373354013197993], [12.83003653459361, 4.373354013197993], [12.83003653459361, 4.373263782459816], [12.830126765331789, 4.373263782459816], [12.830126765331789, 4.373083320983461], [12.830307226808143, 4.373083320983461], [12.830307226808143, 4.372902859507106], [12.830487688284498, 4.372902859507106], [12.830487688284498, 4.372541936554398], [12.830307226808143, 4.372541936554398], [12.830307226808143, 4.372361475078043], [12.830126765331789, 4.372361475078043], [12.830126765331789, 4.372181013601688], [12.829946303855433, 4.372181013601688], [12.829946303855433, 4.371639629172625], [12.830307226808143, 4.371639629172625], [12.830307226808143, 4.3718200906489795], [12.831299764928092, 4.3718200906489795], [12.831299764928092, 4.371910321387157], [12.83138999566627, 4.371910321387157], [12.83138999566627, 4.372000552125334], [12.831480226404448, 4.372000552125334], [12.831480226404448, 4.372090782863511], [12.831570457142625, 4.372090782863511], [12.831570457142625, 4.372541936554398], [12.83138999566627, 4.372541936554398], [12.83138999566627, 4.372812628768929], [12.831209534189915, 4.372812628768929], [12.831209534189915, 4.372902859507106], [12.83102907271356, 4.372902859507106], [12.83102907271356, 4.373263782459816], [12.830848611237206, 4.373263782459816], [12.830848611237206, 4.37344424393617], [12.829946303855433, 4.37344424393617]]]}}, {"id": "171", "type": "Feature", "properties": {"time_step": null}, "geometry": {"type": "Polygon", "coordinates": [[[12.837074532171439, 4.372812628768929], [12.837074532171439, 4.372722398030752], [12.836803839956907, 4.372722398030752], [12.836803839956907, 4.372541936554398], [12.836984301433262, 4.372541936554398], [12.836984301433262, 4.372361475078043], [12.836623378480551, 4.372361475078043], [12.836623378480551, 4.372181013601688], [12.836442917004197, 4.372181013601688], [12.836442917004197, 4.3718200906489795], [12.836623378480551, 4.3718200906489795], [12.836623378480551, 4.371729859910802], [12.836713609218728, 4.371729859910802], [12.836713609218728, 4.371639629172625], [12.836984301433262, 4.371639629172625], [12.836984301433262, 4.372181013601688], [12.837164762909616, 4.372181013601688], [12.837164762909616, 4.372000552125334], [12.837435455124147, 4.372000552125334], [12.837435455124147, 4.372722398030752], [12.83734522438597, 4.372722398030752], [12.83734522438597, 4.372812628768929], [12.837074532171439, 4.372812628768929]]]}}, {"id": "172", "type": "Feature", "properties": {"time_step": null}, "geometry": {"type": "Polygon", "coordinates": [[[12.807298388572939, 4.372632167292575], [12.807298388572939, 4.3724517058162204], [12.807117927096582, 4.3724517058162204], [12.807117927096582, 4.371549398434447], [12.807749542263824, 4.371549398434447], [12.807749542263824, 4.371729859910802], [12.807839773002001, 4.371729859910802], [12.807839773002001, 4.372271244339865], [12.807659311525647, 4.372271244339865], [12.807659311525647, 4.3724517058162204], [12.807478850049293, 4.3724517058162204], [12.807478850049293, 4.372541936554398], [12.807388619311116, 4.372541936554398], [12.807388619311116, 4.372632167292575], [12.807298388572939, 4.372632167292575]]]}}, {"id": "173", "type": "Feature", "properties": {"time_step": null}, "geometry": {"type": "Polygon", "coordinates": [[[12.760739327673464, 4.372271244339865], [12.760739327673464, 4.372181013601688], [12.760649096935287, 4.372181013601688], [12.760649096935287, 4.3711884754817385], [12.76119048136435, 4.3711884754817385], [12.76119048136435, 4.371549398434447], [12.76128071210253, 4.371549398434447], [12.76128071210253, 4.371729859910802], [12.761370942840706, 4.371729859910802], [12.761370942840706, 4.371910321387157], [12.761461173578883, 4.371910321387157], [12.761461173578883, 4.372000552125334], [12.76155140431706, 4.372000552125334], [12.76155140431706, 4.372090782863511], [12.76119048136435, 4.372090782863511], [12.76119048136435, 4.372181013601688], [12.761100250626173, 4.372181013601688], [12.761100250626173, 4.372271244339865], [12.760739327673464, 4.372271244339865]]]}}, {"id": "174", "type": "Feature", "properties": {"time_step": null}, "geometry": {"type": "Polygon", "coordinates": [[[12.806396081191165, 4.372812628768929], [12.806396081191165, 4.372632167292575], [12.806215619714811, 4.372632167292575], [12.806215619714811, 4.3724517058162204], [12.805854696762102, 4.3724517058162204], [12.805854696762102, 4.372271244339865], [12.805674235285746, 4.372271244339865], [12.805674235285746, 4.372090782863511], [12.805493773809392, 4.372090782863511], [12.805493773809392, 4.371729859910802], [12.805674235285746, 4.371729859910802], [12.805674235285746, 4.371368936958093], [12.806035158238457, 4.371368936958093], [12.806035158238457, 4.3711884754817385], [12.80657654266752, 4.3711884754817385], [12.80657654266752, 4.371368936958093], [12.806757004143874, 4.371368936958093], [12.806757004143874, 4.371549398434447], [12.806937465620228, 4.371549398434447], [12.806937465620228, 4.372271244339865], [12.806757004143874, 4.372271244339865], [12.806757004143874, 4.372812628768929], [12.806396081191165, 4.372812628768929]]]}}, {"id": "175", "type": "Feature", "properties": {"time_step": null}, "geometry": {"type": "Polygon", "coordinates": [[[12.762363480960655, 4.376421858296021], [12.762363480960655, 4.376331627557843], [12.762273250222478, 4.376331627557843], [12.762273250222478, 4.376241396819665], [12.762092788746124, 4.376241396819665], [12.762092788746124, 4.376060935343311], [12.761641635055238, 4.376060935343311], [12.761641635055238, 4.375970704605134], [12.76155140431706, 4.375970704605134], [12.76155140431706, 4.376060935343311], [12.761461173578883, 4.376060935343311], [12.761461173578883, 4.375880473866957], [12.76128071210253, 4.375880473866957], [12.76128071210253, 4.37579024312878], [12.761370942840706, 4.37579024312878], [12.761370942840706, 4.375339089437893], [12.76155140431706, 4.375339089437893], [12.76155140431706, 4.375158627961539], [12.761731865793415, 4.375158627961539], [12.761731865793415, 4.374978166485184], [12.762002558007946, 4.374978166485184], [12.762002558007946, 4.374887935747006], [12.762092788746124, 4.374887935747006], [12.762092788746124, 4.374707474270652], [12.7621830194843, 4.374707474270652], [12.7621830194843, 4.374617243532475], [12.762273250222478, 4.374617243532475], [12.762273250222478, 4.374075859103411], [12.762363480960655, 4.374075859103411], [12.762363480960655, 4.373895397627057], [12.762453711698832, 4.373895397627057], [12.762453711698832, 4.373714936150702], [12.76254394243701, 4.373714936150702], [12.76254394243701, 4.373624705412524], [12.762634173175188, 4.373624705412524], [12.762634173175188, 4.372632167292575], [12.762724403913365, 4.372632167292575], [12.762724403913365, 4.3724517058162204], [12.762814634651543, 4.3724517058162204], [12.762814634651543, 4.372271244339865], [12.762995096127897, 4.372271244339865], [12.762995096127897, 4.372090782863511], [12.763085326866074, 4.372090782863511], [12.763085326866074, 4.372000552125334], [12.763175557604251, 4.372000552125334], [12.763175557604251, 4.371729859910802], [12.762995096127897, 4.371729859910802], [12.762995096127897, 4.371368936958093], [12.763356019080605, 4.371368936958093], [12.763356019080605, 4.3711884754817385], [12.763897403509668, 4.3711884754817385], [12.763897403509668, 4.371278706219916], [12.763987634247847, 4.371278706219916], [12.763987634247847, 4.371368936958093], [12.764077864986024, 4.371368936958093], [12.764077864986024, 4.3724517058162204], [12.763987634247847, 4.3724517058162204], [12.763987634247847, 4.372632167292575], [12.76353648055696, 4.372632167292575], [12.76353648055696, 4.372812628768929], [12.763356019080605, 4.372812628768929], [12.763356019080605, 4.373173551721639], [12.763175557604251, 4.373173551721639], [12.763175557604251, 4.373534474674347], [12.762995096127897, 4.373534474674347], [12.762995096127897, 4.373895397627057], [12.763085326866074, 4.373895397627057], [12.763085326866074, 4.373985628365234], [12.763175557604251, 4.373985628365234], [12.763175557604251, 4.374256320579765], [12.763085326866074, 4.374256320579765], [12.763085326866074, 4.374346551317943], [12.762995096127897, 4.374346551317943], [12.762995096127897, 4.374797705008829], [12.76290486538972, 4.374797705008829], [12.76290486538972, 4.375880473866957], [12.762814634651543, 4.375880473866957], [12.762814634651543, 4.376060935343311], [12.762724403913365, 4.376060935343311], [12.762724403913365, 4.376241396819665], [12.76254394243701, 4.376241396819665], [12.76254394243701, 4.376421858296021], [12.762363480960655, 4.376421858296021]]]}}, {"id": "176", "type": "Feature", "properties": {"time_step": null}, "geometry": {"type": "Polygon", "coordinates": [[[12.779236628999806, 4.373895397627057], [12.779236628999806, 4.3738051668888795], [12.779056167523452, 4.3738051668888795], [12.779056167523452, 4.37344424393617], [12.779146398261629, 4.37344424393617], [12.779146398261629, 4.373263782459816], [12.779326859737983, 4.373263782459816], [12.779326859737983, 4.372902859507106], [12.779146398261629, 4.372902859507106], [12.779146398261629, 4.372722398030752], [12.778965936785275, 4.372722398030752], [12.778965936785275, 4.3718200906489795], [12.778875706047097, 4.3718200906489795], [12.778875706047097, 4.371729859910802], [12.778965936785275, 4.371729859910802], [12.778965936785275, 4.371639629172625], [12.778785475308919, 4.371639629172625], [12.778785475308919, 4.370737321790852], [12.778965936785275, 4.370737321790852], [12.778965936785275, 4.3705568603144975], [12.779146398261629, 4.3705568603144975], [12.779146398261629, 4.37046662957632], [12.77941709047616, 4.37046662957632], [12.77941709047616, 4.3705568603144975], [12.779687782690692, 4.3705568603144975], [12.779687782690692, 4.370737321790852], [12.779868244167046, 4.370737321790852], [12.779868244167046, 4.370917783267206], [12.780229167119757, 4.370917783267206], [12.780229167119757, 4.371098244743561], [12.78040962859611, 4.371098244743561], [12.78040962859611, 4.372000552125334], [12.780590090072465, 4.372000552125334], [12.780590090072465, 4.371639629172625], [12.78077055154882, 4.371639629172625], [12.78077055154882, 4.37145916769627], [12.780951013025174, 4.37145916769627], [12.780951013025174, 4.371278706219916], [12.781131474501528, 4.371278706219916], [12.781131474501528, 4.371098244743561], [12.781672858930593, 4.371098244743561], [12.781672858930593, 4.370917783267206], [12.781853320406947, 4.370917783267206], [12.781853320406947, 4.371008014005384], [12.782033781883301, 4.371008014005384], [12.782033781883301, 4.371098244743561], [12.78239470483601, 4.371098244743561], [12.78239470483601, 4.371278706219916], [12.782575166312364, 4.371278706219916], [12.782575166312364, 4.3718200906489795], [12.78239470483601, 4.3718200906489795], [12.78239470483601, 4.372541936554398], [12.782214243359656, 4.372541936554398], [12.782214243359656, 4.372722398030752], [12.781853320406947, 4.372722398030752], [12.781853320406947, 4.372902859507106], [12.781582628192416, 4.372902859507106], [12.781582628192416, 4.372993090245284], [12.781492397454237, 4.372993090245284], [12.781492397454237, 4.373083320983461], [12.781131474501528, 4.373083320983461], [12.781131474501528, 4.372902859507106], [12.780951013025174, 4.372902859507106], [12.780951013025174, 4.372812628768929], [12.780860782286997, 4.372812628768929], [12.780860782286997, 4.372722398030752], [12.780680320810642, 4.372722398030752], [12.780680320810642, 4.372541936554398], [12.780590090072465, 4.372541936554398], [12.780590090072465, 4.3724517058162204], [12.780499859334288, 4.3724517058162204], [12.780499859334288, 4.372361475078043], [12.78040962859611, 4.372361475078043], [12.78040962859611, 4.372181013601688], [12.780319397857934, 4.372181013601688], [12.780319397857934, 4.372361475078043], [12.780229167119757, 4.372361475078043], [12.780229167119757, 4.373083320983461], [12.7800487056434, 4.373083320983461], [12.7800487056434, 4.37344424393617], [12.779868244167046, 4.37344424393617], [12.779868244167046, 4.3738051668888795], [12.779326859737983, 4.3738051668888795], [12.779326859737983, 4.373895397627057], [12.779236628999806, 4.373895397627057]]]}}, {"id": "177", "type": "Feature", "properties": {"time_step": null}, "geometry": {"type": "Polygon", "coordinates": [[[12.81947953822687, 4.371729859910802], [12.81947953822687, 4.371549398434447], [12.819299076750516, 4.371549398434447], [12.819299076750516, 4.3711884754817385], [12.819208846012337, 4.3711884754817385], [12.819208846012337, 4.371098244743561], [12.81911861527416, 4.371098244743561], [12.81911861527416, 4.371008014005384], [12.819028384535983, 4.371008014005384], [12.819028384535983, 4.370917783267206], [12.818938153797806, 4.370917783267206], [12.818938153797806, 4.370827552529029], [12.81911861527416, 4.370827552529029], [12.81911861527416, 4.370286168099966], [12.81947953822687, 4.370286168099966], [12.81947953822687, 4.37046662957632], [12.819659999703225, 4.37046662957632], [12.819659999703225, 4.370647091052675], [12.81947953822687, 4.370647091052675], [12.81947953822687, 4.370827552529029], [12.819569768965048, 4.370827552529029], [12.819569768965048, 4.370737321790852], [12.819659999703225, 4.370737321790852], [12.819659999703225, 4.3711884754817385], [12.819840461179579, 4.3711884754817385], [12.819840461179579, 4.37145916769627], [12.819750230441402, 4.37145916769627], [12.819750230441402, 4.371729859910802], [12.81947953822687, 4.371729859910802]]]}}, {"id": "178", "type": "Feature", "properties": {"time_step": null}, "geometry": {"type": "Polygon", "coordinates": [[[12.829765842379079, 4.370737321790852], [12.829765842379079, 4.37046662957632], [12.829675611640901, 4.37046662957632], [12.829675611640901, 4.370376398838143], [12.829765842379079, 4.370376398838143], [12.829765842379079, 4.370105706623611], [12.83003653459361, 4.370105706623611], [12.83003653459361, 4.370195937361788], [12.830307226808143, 4.370195937361788], [12.830307226808143, 4.370105706623611], [12.83039745754632, 4.370105706623611], [12.83039745754632, 4.370015475885434], [12.830487688284498, 4.370015475885434], [12.830487688284498, 4.370195937361788], [12.830668149760852, 4.370195937361788], [12.830668149760852, 4.370737321790852], [12.830487688284498, 4.370737321790852], [12.830487688284498, 4.3705568603144975], [12.830307226808143, 4.3705568603144975], [12.830307226808143, 4.370737321790852], [12.829765842379079, 4.370737321790852]]]}}, {"id": "179", "type": "Feature", "properties": {"time_step": null}, "geometry": {"type": "Polygon", "coordinates": [[[12.81686284681973, 4.370827552529029], [12.81686284681973, 4.370647091052675], [12.816501923867019, 4.370647091052675], [12.816501923867019, 4.37046662957632], [12.81614100091431, 4.37046662957632], [12.81614100091431, 4.370647091052675], [12.815960539437956, 4.370647091052675], [12.815960539437956, 4.370737321790852], [12.815870308699779, 4.370737321790852], [12.815870308699779, 4.370647091052675], [12.815780077961602, 4.370647091052675], [12.815780077961602, 4.370286168099966], [12.815689847223425, 4.370286168099966], [12.815689847223425, 4.370105706623611], [12.815780077961602, 4.370105706623611], [12.815780077961602, 4.3699252451472566], [12.816501923867019, 4.3699252451472566], [12.816501923867019, 4.370015475885434], [12.816682385343375, 4.370015475885434], [12.816682385343375, 4.370286168099966], [12.81686284681973, 4.370286168099966], [12.81686284681973, 4.37046662957632], [12.817043308296084, 4.37046662957632], [12.817043308296084, 4.370286168099966], [12.817223769772438, 4.370286168099966], [12.817223769772438, 4.370195937361788], [12.817314000510615, 4.370195937361788], [12.817314000510615, 4.370105706623611], [12.817584692725147, 4.370105706623611], [12.817584692725147, 4.3705568603144975], [12.81749446198697, 4.3705568603144975], [12.81749446198697, 4.370647091052675], [12.817314000510615, 4.370647091052675], [12.817314000510615, 4.370827552529029], [12.81686284681973, 4.370827552529029]]]}}, {"id": "180", "type": "Feature", "properties": {"time_step": null}, "geometry": {"type": "Polygon", "coordinates": [[[12.804411004951264, 4.373895397627057], [12.804411004951264, 4.373714936150702], [12.80423054347491, 4.373714936150702], [12.80423054347491, 4.372993090245284], [12.804050081998556, 4.372993090245284], [12.804050081998556, 4.372271244339865], [12.803508697569493, 4.372271244339865], [12.803508697569493, 4.372722398030752], [12.803418466831316, 4.372722398030752], [12.803418466831316, 4.372632167292575], [12.802967313140428, 4.372632167292575], [12.802967313140428, 4.372541936554398], [12.80287708240225, 4.372541936554398], [12.80287708240225, 4.3724517058162204], [12.802967313140428, 4.3724517058162204], [12.802967313140428, 4.372090782863511], [12.80260639018772, 4.372090782863511], [12.80260639018772, 4.371910321387157], [12.802425928711365, 4.371910321387157], [12.802425928711365, 4.371729859910802], [12.802516159449542, 4.371729859910802], [12.802516159449542, 4.371639629172625], [12.80260639018772, 4.371639629172625], [12.80260639018772, 4.371368936958093], [12.802786851664074, 4.371368936958093], [12.802786851664074, 4.3711884754817385], [12.803147774616784, 4.3711884754817385], [12.803147774616784, 4.370737321790852], [12.803057543878605, 4.370737321790852], [12.803057543878605, 4.370647091052675], [12.803147774616784, 4.370647091052675], [12.803147774616784, 4.370286168099966], [12.803238005354961, 4.370286168099966], [12.803238005354961, 4.370195937361788], [12.803328236093138, 4.370195937361788], [12.803328236093138, 4.3699252451472566], [12.803508697569493, 4.3699252451472566], [12.803508697569493, 4.369835014409079], [12.803689159045847, 4.369835014409079], [12.803689159045847, 4.3699252451472566], [12.803779389784024, 4.3699252451472566], [12.803779389784024, 4.370015475885434], [12.803869620522201, 4.370015475885434], [12.803869620522201, 4.370647091052675], [12.804050081998556, 4.370647091052675], [12.804050081998556, 4.370827552529029], [12.80423054347491, 4.370827552529029], [12.80423054347491, 4.371008014005384], [12.804050081998556, 4.371008014005384], [12.804050081998556, 4.37145916769627], [12.803959851260378, 4.37145916769627], [12.803959851260378, 4.371729859910802], [12.804050081998556, 4.371729859910802], [12.804050081998556, 4.372090782863511], [12.804411004951264, 4.372090782863511], [12.804411004951264, 4.371910321387157], [12.80459146642762, 4.371910321387157], [12.80459146642762, 4.3718200906489795], [12.804771927903975, 4.3718200906489795], [12.804771927903975, 4.3711884754817385], [12.805132850856683, 4.3711884754817385], [12.805132850856683, 4.371368936958093], [12.805313312333038, 4.371368936958093], [12.805313312333038, 4.37145916769627], [12.805403543071215, 4.37145916769627], [12.805403543071215, 4.371549398434447], [12.805493773809392, 4.371549398434447], [12.805493773809392, 4.371729859910802], [12.805313312333038, 4.371729859910802], [12.805313312333038, 4.371910321387157], [12.804771927903975, 4.371910321387157], [12.804771927903975, 4.372000552125334], [12.804952389380329, 4.372000552125334], [12.804952389380329, 4.3724517058162204], [12.805042620118506, 4.3724517058162204], [12.805042620118506, 4.372632167292575], [12.805313312333038, 4.372632167292575], [12.805313312333038, 4.372812628768929], [12.805493773809392, 4.372812628768929], [12.805493773809392, 4.372902859507106], [12.805674235285746, 4.372902859507106], [12.805674235285746, 4.373173551721639], [12.805584004547569, 4.373173551721639], [12.805584004547569, 4.373354013197993], [12.805493773809392, 4.373354013197993], [12.805493773809392, 4.373534474674347], [12.805132850856683, 4.373534474674347], [12.805132850856683, 4.373714936150702], [12.804771927903975, 4.373714936150702], [12.804771927903975, 4.373895397627057], [12.804411004951264, 4.373895397627057]]]}}, {"id": "181", "type": "Feature", "properties": {"time_step": null}, "geometry": {"type": "Polygon", "coordinates": [[[12.808742080383775, 4.374256320579765], [12.808742080383775, 4.374075859103411], [12.80820069595471, 4.374075859103411], [12.80820069595471, 4.373895397627057], [12.808381157431064, 4.373895397627057], [12.808381157431064, 4.373714936150702], [12.808742080383775, 4.373714936150702], [12.808742080383775, 4.373534474674347], [12.808651849645598, 4.373534474674347], [12.808651849645598, 4.37344424393617], [12.808742080383775, 4.37344424393617], [12.808742080383775, 4.373354013197993], [12.808381157431064, 4.373354013197993], [12.808381157431064, 4.373173551721639], [12.807839773002001, 4.373173551721639], [12.807839773002001, 4.372993090245284], [12.80820069595471, 4.372993090245284], [12.80820069595471, 4.372812628768929], [12.808742080383775, 4.372812628768929], [12.808742080383775, 4.372993090245284], [12.80892254186013, 4.372993090245284], [12.80892254186013, 4.372722398030752], [12.809012772598306, 4.372722398030752], [12.809012772598306, 4.372632167292575], [12.809283464812838, 4.372632167292575], [12.809283464812838, 4.3724517058162204], [12.809824849241902, 4.3724517058162204], [12.809824849241902, 4.372541936554398], [12.80991507998008, 4.372541936554398], [12.80991507998008, 4.372632167292575], [12.810185772194611, 4.372632167292575], [12.810185772194611, 4.372541936554398], [12.810095541456434, 4.372541936554398], [12.810095541456434, 4.3724517058162204], [12.810727156623674, 4.3724517058162204], [12.810727156623674, 4.372361475078043], [12.810636925885497, 4.372361475078043], [12.810636925885497, 4.372271244339865], [12.81054669514732, 4.372271244339865], [12.81054669514732, 4.372090782863511], [12.810366233670965, 4.372090782863511], [12.810366233670965, 4.372000552125334], [12.810185772194611, 4.372000552125334], [12.810185772194611, 4.372090782863511], [12.809463926289192, 4.372090782863511], [12.809463926289192, 4.372271244339865], [12.809103003336483, 4.372271244339865], [12.809103003336483, 4.372181013601688], [12.809283464812838, 4.372181013601688], [12.809283464812838, 4.372090782863511], [12.809103003336483, 4.372090782863511], [12.809103003336483, 4.372000552125334], [12.80919323407466, 4.372000552125334], [12.80919323407466, 4.371910321387157], [12.809103003336483, 4.371910321387157], [12.809103003336483, 4.370917783267206], [12.80919323407466, 4.370917783267206], [12.80919323407466, 4.370827552529029], [12.809373695551015, 4.370827552529029], [12.809373695551015, 4.370737321790852], [12.809463926289192, 4.370737321790852], [12.809463926289192, 4.370827552529029], [12.809644387765546, 4.370827552529029], [12.809644387765546, 4.370917783267206], [12.80955415702737, 4.370917783267206], [12.80955415702737, 4.371098244743561], [12.809463926289192, 4.371098244743561], [12.809463926289192, 4.3711884754817385], [12.809824849241902, 4.3711884754817385], [12.809824849241902, 4.370827552529029], [12.810005310718257, 4.370827552529029], [12.810005310718257, 4.370647091052675], [12.810185772194611, 4.370647091052675], [12.810185772194611, 4.37046662957632], [12.810366233670965, 4.37046662957632], [12.810366233670965, 4.370286168099966], [12.81054669514732, 4.370286168099966], [12.81054669514732, 4.3699252451472566], [12.810727156623674, 4.3699252451472566], [12.810727156623674, 4.369744783670902], [12.811178310314562, 4.369744783670902], [12.811178310314562, 4.369654552932725], [12.811268541052739, 4.369654552932725], [12.811268541052739, 4.369744783670902], [12.811358771790916, 4.369744783670902], [12.811358771790916, 4.370105706623611], [12.811268541052739, 4.370105706623611], [12.811268541052739, 4.37046662957632], [12.811629464005447, 4.37046662957632], [12.811629464005447, 4.370647091052675], [12.811809925481802, 4.370647091052675], [12.811809925481802, 4.371008014005384], [12.81217084843451, 4.371008014005384], [12.81217084843451, 4.3711884754817385], [12.812261079172687, 4.3711884754817385], [12.812261079172687, 4.371368936958093], [12.812351309910865, 4.371368936958093], [12.812351309910865, 4.371549398434447], [12.81253177138722, 4.371549398434447], [12.81253177138722, 4.372090782863511], [12.812351309910865, 4.372090782863511], [12.812351309910865, 4.372271244339865], [12.812261079172687, 4.372271244339865], [12.812261079172687, 4.372361475078043], [12.81217084843451, 4.372361475078043], [12.81217084843451, 4.372632167292575], [12.811990386958156, 4.372632167292575], [12.811990386958156, 4.372812628768929], [12.811809925481802, 4.372812628768929], [12.811809925481802, 4.372993090245284], [12.811719694743624, 4.372993090245284], [12.811719694743624, 4.373083320983461], [12.811629464005447, 4.373083320983461], [12.811629464005447, 4.373173551721639], [12.811268541052739, 4.373173551721639], [12.811268541052739, 4.373354013197993], [12.810907618100028, 4.373354013197993], [12.810907618100028, 4.373263782459816], [12.810727156623674, 4.373263782459816], [12.810727156623674, 4.373354013197993], [12.81054669514732, 4.373354013197993], [12.81054669514732, 4.373534474674347], [12.810366233670965, 4.373534474674347], [12.810366233670965, 4.373714936150702], [12.810185772194611, 4.373714936150702], [12.810185772194611, 4.373895397627057], [12.810005310718257, 4.373895397627057], [12.810005310718257, 4.374256320579765], [12.809283464812838, 4.374256320579765], [12.809283464812838, 4.374075859103411], [12.809103003336483, 4.374075859103411], [12.809103003336483, 4.374256320579765], [12.808742080383775, 4.374256320579765]]]}}, {"id": "182", "type": "Feature", "properties": {"time_step": null}, "geometry": {"type": "Polygon", "coordinates": [[[12.80062131394782, 4.370827552529029], [12.80062131394782, 4.370737321790852], [12.800531083209643, 4.370737321790852], [12.800531083209643, 4.370647091052675], [12.800170160256933, 4.370647091052675], [12.800170160256933, 4.3705568603144975], [12.800079929518756, 4.3705568603144975], [12.800079929518756, 4.37046662957632], [12.799899468042401, 4.37046662957632], [12.799899468042401, 4.370286168099966], [12.799809237304224, 4.370286168099966], [12.799809237304224, 4.370195937361788], [12.799899468042401, 4.370195937361788], [12.799899468042401, 4.370015475885434], [12.799989698780578, 4.370015475885434], [12.799989698780578, 4.3699252451472566], [12.800170160256933, 4.3699252451472566], [12.800170160256933, 4.369835014409079], [12.80026039099511, 4.369835014409079], [12.80026039099511, 4.369744783670902], [12.80062131394782, 4.369744783670902], [12.80062131394782, 4.369654552932725], [12.800711544685997, 4.369654552932725], [12.800711544685997, 4.369744783670902], [12.800982236900529, 4.369744783670902], [12.800982236900529, 4.3699252451472566], [12.800892006162352, 4.3699252451472566], [12.800892006162352, 4.370015475885434], [12.800801775424175, 4.370015475885434], [12.800801775424175, 4.370195937361788], [12.80062131394782, 4.370195937361788], [12.80062131394782, 4.370286168099966], [12.800440852471466, 4.370286168099966], [12.800440852471466, 4.37046662957632], [12.80062131394782, 4.37046662957632], [12.80062131394782, 4.3705568603144975], [12.800711544685997, 4.3705568603144975], [12.800711544685997, 4.370827552529029], [12.80062131394782, 4.370827552529029]]]}}, {"id": "183", "type": "Feature", "properties": {"time_step": null}, "geometry": {"type": "Polygon", "coordinates": [[[12.802065005758656, 4.371008014005384], [12.802065005758656, 4.370917783267206], [12.801884544282302, 4.370917783267206], [12.801884544282302, 4.370827552529029], [12.801704082805946, 4.370827552529029], [12.801704082805946, 4.370647091052675], [12.801523621329592, 4.370647091052675], [12.801523621329592, 4.3705568603144975], [12.801343159853237, 4.3705568603144975], [12.801343159853237, 4.37046662957632], [12.801162698376883, 4.37046662957632], [12.801162698376883, 4.370286168099966], [12.800982236900529, 4.370286168099966], [12.800982236900529, 4.3699252451472566], [12.801162698376883, 4.3699252451472566], [12.801162698376883, 4.369744783670902], [12.801343159853237, 4.369744783670902], [12.801343159853237, 4.369564322194547], [12.801704082805946, 4.369564322194547], [12.801704082805946, 4.369654552932725], [12.801794313544125, 4.369654552932725], [12.801794313544125, 4.369744783670902], [12.801884544282302, 4.369744783670902], [12.801884544282302, 4.369835014409079], [12.80197477502048, 4.369835014409079], [12.80197477502048, 4.3699252451472566], [12.802425928711365, 4.3699252451472566], [12.802425928711365, 4.370286168099966], [12.802335697973188, 4.370286168099966], [12.802335697973188, 4.37046662957632], [12.80224546723501, 4.37046662957632], [12.80224546723501, 4.371008014005384], [12.802065005758656, 4.371008014005384]]]}}, {"id": "184", "type": "Feature", "properties": {"time_step": null}, "geometry": {"type": "Polygon", "coordinates": [[[12.762273250222478, 4.37046662957632], [12.762273250222478, 4.370376398838143], [12.762092788746124, 4.370376398838143], [12.762092788746124, 4.370286168099966], [12.76191232726977, 4.370286168099966], [12.76191232726977, 4.369564322194547], [12.762092788746124, 4.369564322194547], [12.762092788746124, 4.369383860718193], [12.762363480960655, 4.369383860718193], [12.762363480960655, 4.369293629980016], [12.762453711698832, 4.369293629980016], [12.762453711698832, 4.369203399241838], [12.762634173175188, 4.369203399241838], [12.762634173175188, 4.369293629980016], [12.762814634651543, 4.369293629980016], [12.762814634651543, 4.369654552932725], [12.76290486538972, 4.369654552932725], [12.76290486538972, 4.369744783670902], [12.762814634651543, 4.369744783670902], [12.762814634651543, 4.37046662957632], [12.762273250222478, 4.37046662957632]]]}}, {"id": "185", "type": "Feature", "properties": {"time_step": null}, "geometry": {"type": "Polygon", "coordinates": [[[12.820742768561352, 4.370105706623611], [12.820742768561352, 4.369744783670902], [12.82083299929953, 4.369744783670902], [12.82083299929953, 4.369654552932725], [12.820742768561352, 4.369654552932725], [12.820742768561352, 4.369564322194547], [12.820923230037707, 4.369564322194547], [12.820923230037707, 4.369383860718193], [12.821284152990415, 4.369383860718193], [12.821284152990415, 4.369203399241838], [12.821645075943124, 4.369203399241838], [12.821645075943124, 4.369383860718193], [12.821825537419478, 4.369383860718193], [12.821825537419478, 4.36947409145637], [12.821735306681301, 4.36947409145637], [12.821735306681301, 4.369564322194547], [12.82146461446677, 4.369564322194547], [12.82146461446677, 4.369744783670902], [12.821284152990415, 4.369744783670902], [12.821284152990415, 4.3699252451472566], [12.821103691514061, 4.3699252451472566], [12.821103691514061, 4.370105706623611], [12.820742768561352, 4.370105706623611]]]}}, {"id": "186", "type": "Feature", "properties": {"time_step": null}, "geometry": {"type": "Polygon", "coordinates": [[[12.809734618503724, 4.369744783670902], [12.809734618503724, 4.369654552932725], [12.809644387765546, 4.369654552932725], [12.809644387765546, 4.368842476289129], [12.810366233670965, 4.368842476289129], [12.810366233670965, 4.369022937765484], [12.81054669514732, 4.369022937765484], [12.81054669514732, 4.369203399241838], [12.810366233670965, 4.369203399241838], [12.810366233670965, 4.369383860718193], [12.810185772194611, 4.369383860718193], [12.810185772194611, 4.369564322194547], [12.80991507998008, 4.369564322194547], [12.80991507998008, 4.369654552932725], [12.809824849241902, 4.369654552932725], [12.809824849241902, 4.369744783670902], [12.809734618503724, 4.369744783670902]]]}}, {"id": "187", "type": "Feature", "properties": {"time_step": null}, "geometry": {"type": "Polygon", "coordinates": [[[12.828141689091888, 4.3699252451472566], [12.828141689091888, 4.36947409145637], [12.82805145835371, 4.36947409145637], [12.82805145835371, 4.369383860718193], [12.827961227615534, 4.369383860718193], [12.827961227615534, 4.369022937765484], [12.827870996877357, 4.369022937765484], [12.827870996877357, 4.368932707027307], [12.82778076613918, 4.368932707027307], [12.82778076613918, 4.368662014812775], [12.827961227615534, 4.368662014812775], [12.827961227615534, 4.3685717840745975], [12.82805145835371, 4.3685717840745975], [12.82805145835371, 4.36848155333642], [12.828322150568242, 4.36848155333642], [12.828322150568242, 4.368391322598243], [12.828592842782774, 4.368391322598243], [12.828592842782774, 4.368301091860066], [12.828683073520951, 4.368301091860066], [12.828683073520951, 4.36848155333642], [12.828863534997307, 4.36848155333642], [12.828863534997307, 4.368662014812775], [12.828683073520951, 4.368662014812775], [12.828683073520951, 4.368842476289129], [12.828592842782774, 4.368842476289129], [12.828592842782774, 4.369022937765484], [12.828683073520951, 4.369022937765484], [12.828683073520951, 4.369383860718193], [12.828863534997307, 4.369383860718193], [12.828863534997307, 4.3699252451472566], [12.828141689091888, 4.3699252451472566]]]}}, {"id": "188", "type": "Feature", "properties": {"time_step": null}, "geometry": {"type": "Polygon", "coordinates": [[[12.836442917004197, 4.369113168503661], [12.836442917004197, 4.368842476289129], [12.836623378480551, 4.368842476289129], [12.836623378480551, 4.3685717840745975], [12.836713609218728, 4.3685717840745975], [12.836713609218728, 4.368210861121888], [12.836984301433262, 4.368210861121888], [12.836984301433262, 4.368120630383711], [12.837074532171439, 4.368120630383711], [12.837074532171439, 4.368210861121888], [12.83734522438597, 4.368210861121888], [12.83734522438597, 4.368391322598243], [12.837435455124147, 4.368391322598243], [12.837435455124147, 4.369113168503661], [12.837074532171439, 4.369113168503661], [12.837074532171439, 4.368932707027307], [12.836803839956907, 4.368932707027307], [12.836803839956907, 4.369113168503661], [12.836442917004197, 4.369113168503661]]]}}, {"id": "189", "type": "Feature", "properties": {"time_step": null}, "geometry": {"type": "Polygon", "coordinates": [[[12.811629464005447, 4.369564322194547], [12.811629464005447, 4.36947409145637], [12.81153923326727, 4.36947409145637], [12.81153923326727, 4.369383860718193], [12.811449002529093, 4.369383860718193], [12.811449002529093, 4.369203399241838], [12.811358771790916, 4.369203399241838], [12.811358771790916, 4.369113168503661], [12.811268541052739, 4.369113168503661], [12.811268541052739, 4.368932707027307], [12.811178310314562, 4.368932707027307], [12.811178310314562, 4.368842476289129], [12.811088079576383, 4.368842476289129], [12.811088079576383, 4.36848155333642], [12.811178310314562, 4.36848155333642], [12.811178310314562, 4.368391322598243], [12.811268541052739, 4.368391322598243], [12.811268541052739, 4.368301091860066], [12.811358771790916, 4.368301091860066], [12.811358771790916, 4.368210861121888], [12.811449002529093, 4.368210861121888], [12.811449002529093, 4.368120630383711], [12.811629464005447, 4.368120630383711], [12.811629464005447, 4.368210861121888], [12.811719694743624, 4.368210861121888], [12.811719694743624, 4.368301091860066], [12.811990386958156, 4.368301091860066], [12.811990386958156, 4.36848155333642], [12.81217084843451, 4.36848155333642], [12.81217084843451, 4.368842476289129], [12.812261079172687, 4.368842476289129], [12.812261079172687, 4.368932707027307], [12.812351309910865, 4.368932707027307], [12.812351309910865, 4.369383860718193], [12.81217084843451, 4.369383860718193], [12.81217084843451, 4.369564322194547], [12.811629464005447, 4.369564322194547]]]}}, {"id": "190", "type": "Feature", "properties": {"time_step": null}, "geometry": {"type": "Polygon", "coordinates": [[[12.822366921848543, 4.3699252451472566], [12.822366921848543, 4.368842476289129], [12.822186460372189, 4.368842476289129], [12.822186460372189, 4.36848155333642], [12.822366921848543, 4.36848155333642], [12.822366921848543, 4.368301091860066], [12.822547383324897, 4.368301091860066], [12.822547383324897, 4.368210861121888], [12.822637614063074, 4.368210861121888], [12.822637614063074, 4.368120630383711], [12.822908306277606, 4.368120630383711], [12.822908306277606, 4.368301091860066], [12.82308876775396, 4.368301091860066], [12.82308876775396, 4.368842476289129], [12.823178998492137, 4.368842476289129], [12.823178998492137, 4.369022937765484], [12.823269229230315, 4.369022937765484], [12.823269229230315, 4.369203399241838], [12.82344969070667, 4.369203399241838], [12.82344969070667, 4.369383860718193], [12.823630152183025, 4.369383860718193], [12.823630152183025, 4.3699252451472566], [12.822366921848543, 4.3699252451472566]], [[12.82245715258672, 4.369835014409079], [12.822547383324897, 4.369835014409079], [12.822547383324897, 4.369744783670902], [12.82245715258672, 4.369744783670902], [12.82245715258672, 4.369835014409079]]]}}, {"id": "191", "type": "Feature", "properties": {"time_step": null}, "geometry": {"type": "Polygon", "coordinates": [[[12.834277379287943, 4.369113168503661], [12.834277379287943, 4.368932707027307], [12.83409691781159, 4.368932707027307], [12.83409691781159, 4.368752245550952], [12.83400668707341, 4.368752245550952], [12.83400668707341, 4.368662014812775], [12.833916456335233, 4.368662014812775], [12.833916456335233, 4.368210861121888], [12.83409691781159, 4.368210861121888], [12.83409691781159, 4.368030399645534], [12.834277379287943, 4.368030399645534], [12.834277379287943, 4.3679401689073565], [12.83436761002612, 4.3679401689073565], [12.83436761002612, 4.367849938169179], [12.83499922519336, 4.367849938169179], [12.83499922519336, 4.3685717840745975], [12.834818763717006, 4.3685717840745975], [12.834818763717006, 4.369113168503661], [12.834277379287943, 4.369113168503661]]]}}, {"id": "192", "type": "Feature", "properties": {"time_step": null}, "geometry": {"type": "Polygon", "coordinates": [[[12.797192545897083, 4.369293629980016], [12.797192545897083, 4.369113168503661], [12.796831622944374, 4.369113168503661], [12.796831622944374, 4.368932707027307], [12.79665116146802, 4.368932707027307], [12.79665116146802, 4.368752245550952], [12.79629023851531, 4.368752245550952], [12.79629023851531, 4.3685717840745975], [12.796109777038955, 4.3685717840745975], [12.796109777038955, 4.368301091860066], [12.796019546300778, 4.368301091860066], [12.796019546300778, 4.368210861121888], [12.795929315562601, 4.368210861121888], [12.795929315562601, 4.367849938169179], [12.79665116146802, 4.367849938169179], [12.79665116146802, 4.368030399645534], [12.797012084420729, 4.368030399645534], [12.797012084420729, 4.368120630383711], [12.797192545897083, 4.368120630383711], [12.797192545897083, 4.368210861121888], [12.797373007373437, 4.368210861121888], [12.797373007373437, 4.368120630383711], [12.797733930326148, 4.368120630383711], [12.797733930326148, 4.368210861121888], [12.797914391802502, 4.368210861121888], [12.797914391802502, 4.369113168503661], [12.797733930326148, 4.369113168503661], [12.797733930326148, 4.369293629980016], [12.797192545897083, 4.369293629980016]]]}}, {"id": "193", "type": "Feature", "properties": {"time_step": null}, "geometry": {"type": "Polygon", "coordinates": [[[12.802065005758656, 4.368842476289129], [12.802065005758656, 4.368662014812775], [12.801884544282302, 4.368662014812775], [12.801884544282302, 4.3685717840745975], [12.801794313544125, 4.3685717840745975], [12.801794313544125, 4.36848155333642], [12.801704082805946, 4.36848155333642], [12.801704082805946, 4.368301091860066], [12.801523621329592, 4.368301091860066], [12.801523621329592, 4.3679401689073565], [12.801704082805946, 4.3679401689073565], [12.801704082805946, 4.367759707431002], [12.802335697973188, 4.367759707431002], [12.802335697973188, 4.367849938169179], [12.802425928711365, 4.367849938169179], [12.802425928711365, 4.36848155333642], [12.80224546723501, 4.36848155333642], [12.80224546723501, 4.368842476289129], [12.802065005758656, 4.368842476289129]]]}}, {"id": "194", "type": "Feature", "properties": {"time_step": null}, "geometry": {"type": "Polygon", "coordinates": [[[12.829224457950016, 4.3699252451472566], [12.829224457950016, 4.369744783670902], [12.82940491942637, 4.369744783670902], [12.82940491942637, 4.369383860718193], [12.829585380902724, 4.369383860718193], [12.829585380902724, 4.369022937765484], [12.829765842379079, 4.369022937765484], [12.829765842379079, 4.368752245550952], [12.829856073117256, 4.368752245550952], [12.829856073117256, 4.368662014812775], [12.829946303855433, 4.368662014812775], [12.829946303855433, 4.368301091860066], [12.830126765331789, 4.368301091860066], [12.830126765331789, 4.368120630383711], [12.830307226808143, 4.368120630383711], [12.830307226808143, 4.3679401689073565], [12.830487688284498, 4.3679401689073565], [12.830487688284498, 4.367759707431002], [12.830668149760852, 4.367759707431002], [12.830668149760852, 4.367398784478293], [12.83102907271356, 4.367398784478293], [12.83102907271356, 4.3673085537401155], [12.831119303451738, 4.3673085537401155], [12.831119303451738, 4.367218323001938], [12.831209534189915, 4.367218323001938], [12.831209534189915, 4.367398784478293], [12.83138999566627, 4.367398784478293], [12.83138999566627, 4.367579245954648], [12.831570457142625, 4.367579245954648], [12.831570457142625, 4.367849938169179], [12.83175091861898, 4.367849938169179], [12.83175091861898, 4.368030399645534], [12.831570457142625, 4.368030399645534], [12.831570457142625, 4.368210861121888], [12.83138999566627, 4.368210861121888], [12.83138999566627, 4.368391322598243], [12.831209534189915, 4.368391322598243], [12.831209534189915, 4.368752245550952], [12.83102907271356, 4.368752245550952], [12.83102907271356, 4.368932707027307], [12.830848611237206, 4.368932707027307], [12.830848611237206, 4.369113168503661], [12.830758380499029, 4.369113168503661], [12.830758380499029, 4.369022937765484], [12.830668149760852, 4.369022937765484], [12.830668149760852, 4.369293629980016], [12.830577919022675, 4.369293629980016], [12.830577919022675, 4.369203399241838], [12.830307226808143, 4.369203399241838], [12.830307226808143, 4.369383860718193], [12.830126765331789, 4.369383860718193], [12.830126765331789, 4.369564322194547], [12.829946303855433, 4.369564322194547], [12.829946303855433, 4.369744783670902], [12.829675611640901, 4.369744783670902], [12.829675611640901, 4.369835014409079], [12.829585380902724, 4.369835014409079], [12.829585380902724, 4.3699252451472566], [12.829224457950016, 4.3699252451472566]]]}}, {"id": "195", "type": "Feature", "properties": {"time_step": null}, "geometry": {"type": "Polygon", "coordinates": [[[12.807027696358405, 4.369203399241838], [12.807027696358405, 4.369022937765484], [12.806757004143874, 4.369022937765484], [12.806757004143874, 4.368842476289129], [12.80657654266752, 4.368842476289129], [12.80657654266752, 4.368662014812775], [12.806396081191165, 4.368662014812775], [12.806396081191165, 4.368301091860066], [12.806305850452988, 4.368301091860066], [12.806305850452988, 4.368120630383711], [12.806215619714811, 4.368120630383711], [12.806215619714811, 4.3679401689073565], [12.806305850452988, 4.3679401689073565], [12.806305850452988, 4.367759707431002], [12.806396081191165, 4.367759707431002], [12.806396081191165, 4.367669476692825], [12.806305850452988, 4.367669476692825], [12.806305850452988, 4.367579245954648], [12.806035158238457, 4.367579245954648], [12.806035158238457, 4.3673085537401155], [12.806215619714811, 4.3673085537401155], [12.806215619714811, 4.367037861525584], [12.806396081191165, 4.367037861525584], [12.806396081191165, 4.366857400049229], [12.80657654266752, 4.366857400049229], [12.80657654266752, 4.366767169311052], [12.806757004143874, 4.366767169311052], [12.806757004143874, 4.366947630787407], [12.806847234882051, 4.366947630787407], [12.806847234882051, 4.367037861525584], [12.806757004143874, 4.367037861525584], [12.806757004143874, 4.367128092263761], [12.80657654266752, 4.367128092263761], [12.80657654266752, 4.367398784478293], [12.806396081191165, 4.367398784478293], [12.806396081191165, 4.367579245954648], [12.806757004143874, 4.367579245954648], [12.806757004143874, 4.3673085537401155], [12.806847234882051, 4.3673085537401155], [12.806847234882051, 4.367218323001938], [12.807117927096582, 4.367218323001938], [12.807117927096582, 4.367398784478293], [12.807298388572939, 4.367398784478293], [12.807298388572939, 4.367579245954648], [12.807478850049293, 4.367579245954648], [12.807478850049293, 4.367849938169179], [12.807659311525647, 4.367849938169179], [12.807659311525647, 4.368030399645534], [12.807839773002001, 4.368030399645534], [12.807839773002001, 4.368120630383711], [12.808020234478356, 4.368120630383711], [12.808020234478356, 4.368301091860066], [12.80820069595471, 4.368301091860066], [12.80820069595471, 4.368842476289129], [12.808020234478356, 4.368842476289129], [12.808020234478356, 4.369022937765484], [12.807839773002001, 4.369022937765484], [12.807839773002001, 4.369203399241838], [12.807027696358405, 4.369203399241838]]]}}, {"id": "196", "type": "Feature", "properties": {"time_step": null}, "geometry": {"type": "Polygon", "coordinates": [[[12.775807860949069, 4.368210861121888], [12.775807860949069, 4.368030399645534], [12.775717630210892, 4.368030399645534], [12.775717630210892, 4.36748901521647], [12.775537168734537, 4.36748901521647], [12.775537168734537, 4.366767169311052], [12.775898091687246, 4.366767169311052], [12.775898091687246, 4.366857400049229], [12.7760785531636, 4.366857400049229], [12.7760785531636, 4.366947630787407], [12.77643947611631, 4.366947630787407], [12.77643947611631, 4.367128092263761], [12.776619937592665, 4.367128092263761], [12.776619937592665, 4.3673085537401155], [12.77680039906902, 4.3673085537401155], [12.77680039906902, 4.367849938169179], [12.776619937592665, 4.367849938169179], [12.776619937592665, 4.368030399645534], [12.776259014639956, 4.368030399645534], [12.776259014639956, 4.368210861121888], [12.775807860949069, 4.368210861121888]]]}}, {"id": "197", "type": "Feature", "properties": {"time_step": null}, "geometry": {"type": "Polygon", "coordinates": [[[12.825073843993861, 4.369564322194547], [12.825073843993861, 4.369383860718193], [12.824712921041153, 4.369383860718193], [12.824712921041153, 4.369203399241838], [12.824532459564796, 4.369203399241838], [12.824532459564796, 4.36848155333642], [12.824622690302974, 4.36848155333642], [12.824622690302974, 4.3685717840745975], [12.824712921041153, 4.3685717840745975], [12.824712921041153, 4.36848155333642], [12.824893382517507, 4.36848155333642], [12.824893382517507, 4.368391322598243], [12.824983613255684, 4.368391322598243], [12.824983613255684, 4.368301091860066], [12.825073843993861, 4.368301091860066], [12.825073843993861, 4.36848155333642], [12.825164074732038, 4.36848155333642], [12.825164074732038, 4.368301091860066], [12.825254305470215, 4.368301091860066], [12.825254305470215, 4.368120630383711], [12.82543476694657, 4.368120630383711], [12.82543476694657, 4.3679401689073565], [12.825795689899278, 4.3679401689073565], [12.825795689899278, 4.368120630383711], [12.825976151375633, 4.368120630383711], [12.825976151375633, 4.368301091860066], [12.825885920637456, 4.368301091860066], [12.825885920637456, 4.368391322598243], [12.825795689899278, 4.368391322598243], [12.825795689899278, 4.36848155333642], [12.825705459161101, 4.36848155333642], [12.825705459161101, 4.3685717840745975], [12.825615228422924, 4.3685717840745975], [12.825615228422924, 4.368662014812775], [12.825795689899278, 4.368662014812775], [12.825795689899278, 4.368752245550952], [12.825976151375633, 4.368752245550952], [12.825976151375633, 4.36848155333642], [12.826066382113812, 4.36848155333642], [12.826066382113812, 4.368391322598243], [12.826156612851989, 4.368391322598243], [12.826156612851989, 4.368301091860066], [12.826337074328343, 4.368301091860066], [12.826337074328343, 4.3679401689073565], [12.826517535804697, 4.3679401689073565], [12.826517535804697, 4.367579245954648], [12.826697997281052, 4.367579245954648], [12.826697997281052, 4.367398784478293], [12.826878458757406, 4.367398784478293], [12.826878458757406, 4.366857400049229], [12.82705892023376, 4.366857400049229], [12.82705892023376, 4.366767169311052], [12.827239381710115, 4.366767169311052], [12.827239381710115, 4.3666769385728745], [12.82741984318647, 4.3666769385728745], [12.82741984318647, 4.366767169311052], [12.827600304662825, 4.366767169311052], [12.827600304662825, 4.366857400049229], [12.82778076613918, 4.366857400049229], [12.82778076613918, 4.367037861525584], [12.827961227615534, 4.367037861525584], [12.827961227615534, 4.367218323001938], [12.828141689091888, 4.367218323001938], [12.828141689091888, 4.367759707431002], [12.827961227615534, 4.367759707431002], [12.827961227615534, 4.367849938169179], [12.827870996877357, 4.367849938169179], [12.827870996877357, 4.3679401689073565], [12.82741984318647, 4.3679401689073565], [12.82741984318647, 4.368120630383711], [12.827329612448292, 4.368120630383711], [12.827329612448292, 4.368210861121888], [12.82741984318647, 4.368210861121888], [12.82741984318647, 4.368301091860066], [12.827239381710115, 4.368301091860066], [12.827239381710115, 4.368842476289129], [12.827149150971938, 4.368842476289129], [12.827149150971938, 4.369022937765484], [12.827329612448292, 4.369022937765484], [12.827329612448292, 4.368932707027307], [12.82741984318647, 4.368932707027307], [12.82741984318647, 4.368842476289129], [12.827510073924648, 4.368842476289129], [12.827510073924648, 4.368932707027307], [12.827600304662825, 4.368932707027307], [12.827600304662825, 4.369203399241838], [12.827510073924648, 4.369203399241838], [12.827510073924648, 4.369293629980016], [12.82741984318647, 4.369293629980016], [12.82741984318647, 4.369383860718193], [12.82705892023376, 4.369383860718193], [12.82705892023376, 4.369293629980016], [12.826968689495583, 4.369293629980016], [12.826968689495583, 4.369564322194547], [12.826517535804697, 4.369564322194547], [12.826517535804697, 4.369383860718193], [12.826337074328343, 4.369383860718193], [12.826337074328343, 4.369203399241838], [12.826156612851989, 4.369203399241838], [12.826156612851989, 4.369383860718193], [12.825615228422924, 4.369383860718193], [12.825615228422924, 4.36947409145637], [12.825524997684747, 4.36947409145637], [12.825524997684747, 4.369564322194547], [12.825073843993861, 4.369564322194547]], [[12.825344536208393, 4.368301091860066], [12.82543476694657, 4.368301091860066], [12.82543476694657, 4.368210861121888], [12.825344536208393, 4.368210861121888], [12.825344536208393, 4.368301091860066]]]}}, {"id": "198", "type": "Feature", "properties": {"time_step": null}, "geometry": {"type": "Polygon", "coordinates": [[[12.82940491942637, 4.3679401689073565], [12.82940491942637, 4.367579245954648], [12.829314688688193, 4.367579245954648], [12.829314688688193, 4.367398784478293], [12.829224457950016, 4.367398784478293], [12.829224457950016, 4.367128092263761], [12.829134227211838, 4.367128092263761], [12.829134227211838, 4.367037861525584], [12.829043996473661, 4.367037861525584], [12.829043996473661, 4.366947630787407], [12.828953765735484, 4.366947630787407], [12.828953765735484, 4.3666769385728745], [12.829585380902724, 4.3666769385728745], [12.829585380902724, 4.3673085537401155], [12.829675611640901, 4.3673085537401155], [12.829675611640901, 4.367398784478293], [12.829585380902724, 4.367398784478293], [12.829585380902724, 4.3679401689073565], [12.82940491942637, 4.3679401689073565]]]}}, {"id": "199", "type": "Feature", "properties": {"time_step": null}, "geometry": {"type": "Polygon", "coordinates": [[[12.828322150568242, 4.367579245954648], [12.828322150568242, 4.367037861525584], [12.828141689091888, 4.367037861525584], [12.828141689091888, 4.366857400049229], [12.827961227615534, 4.366857400049229], [12.827961227615534, 4.3666769385728745], [12.828502612044597, 4.3666769385728745], [12.828502612044597, 4.366857400049229], [12.828683073520951, 4.366857400049229], [12.828683073520951, 4.367037861525584], [12.828863534997307, 4.367037861525584], [12.828863534997307, 4.367128092263761], [12.828953765735484, 4.367128092263761], [12.828953765735484, 4.367218323001938], [12.829043996473661, 4.367218323001938], [12.829043996473661, 4.367579245954648], [12.828322150568242, 4.367579245954648]]]}}, {"id": "200", "type": "Feature", "properties": {"time_step": null}, "geometry": {"type": "Polygon", "coordinates": [[[12.79863623770792, 4.371368936958093], [12.79863623770792, 4.3711884754817385], [12.798455776231565, 4.3711884754817385], [12.798455776231565, 4.370917783267206], [12.798365545493388, 4.370917783267206], [12.798365545493388, 4.371098244743561], [12.79827531475521, 4.371098244743561], [12.79827531475521, 4.3711884754817385], [12.797914391802502, 4.3711884754817385], [12.797914391802502, 4.371098244743561], [12.797733930326148, 4.371098244743561], [12.797733930326148, 4.370917783267206], [12.797463238111614, 4.370917783267206], [12.797463238111614, 4.370737321790852], [12.797373007373437, 4.370737321790852], [12.797373007373437, 4.3705568603144975], [12.796831622944374, 4.3705568603144975], [12.796831622944374, 4.370827552529029], [12.796741392206197, 4.370827552529029], [12.796741392206197, 4.370917783267206], [12.795748854086247, 4.370917783267206], [12.795748854086247, 4.370737321790852], [12.795387931133538, 4.370737321790852], [12.795387931133538, 4.37046662957632], [12.795478161871715, 4.37046662957632], [12.795478161871715, 4.370376398838143], [12.795568392609892, 4.370376398838143], [12.795568392609892, 4.370195937361788], [12.795929315562601, 4.370195937361788], [12.795929315562601, 4.370015475885434], [12.796109777038955, 4.370015475885434], [12.796109777038955, 4.369654552932725], [12.796200007777133, 4.369654552932725], [12.796200007777133, 4.369564322194547], [12.79629023851531, 4.369564322194547], [12.79629023851531, 4.369383860718193], [12.796470699991666, 4.369383860718193], [12.796470699991666, 4.369293629980016], [12.796831622944374, 4.369293629980016], [12.796831622944374, 4.36947409145637], [12.797012084420729, 4.36947409145637], [12.797012084420729, 4.369654552932725], [12.797192545897083, 4.369654552932725], [12.797192545897083, 4.369835014409079], [12.79728277663526, 4.369835014409079], [12.79728277663526, 4.370015475885434], [12.797373007373437, 4.370015475885434], [12.797373007373437, 4.370195937361788], [12.797733930326148, 4.370195937361788], [12.797733930326148, 4.370376398838143], [12.798094853278856, 4.370376398838143], [12.798094853278856, 4.3705568603144975], [12.79827531475521, 4.3705568603144975], [12.79827531475521, 4.369835014409079], [12.798455776231565, 4.369835014409079], [12.798455776231565, 4.369654552932725], [12.79863623770792, 4.369654552932725], [12.79863623770792, 4.36947409145637], [12.798816699184274, 4.36947409145637], [12.798816699184274, 4.369293629980016], [12.799177622136984, 4.369293629980016], [12.799177622136984, 4.368932707027307], [12.798997160660628, 4.368932707027307], [12.798997160660628, 4.3685717840745975], [12.799087391398807, 4.3685717840745975], [12.799087391398807, 4.368391322598243], [12.799177622136984, 4.368391322598243], [12.799177622136984, 4.368030399645534], [12.799267852875161, 4.368030399645534], [12.799267852875161, 4.367849938169179], [12.799989698780578, 4.367849938169179], [12.799989698780578, 4.367669476692825], [12.80026039099511, 4.367669476692825], [12.80026039099511, 4.367128092263761], [12.800440852471466, 4.367128092263761], [12.800440852471466, 4.366947630787407], [12.800801775424175, 4.366947630787407], [12.800801775424175, 4.366767169311052], [12.801072467638706, 4.366767169311052], [12.801072467638706, 4.3666769385728745], [12.801162698376883, 4.3666769385728745], [12.801162698376883, 4.366586707834697], [12.801343159853237, 4.366586707834697], [12.801343159853237, 4.366406246358343], [12.801433390591415, 4.366406246358343], [12.801433390591415, 4.36649647709652], [12.801704082805946, 4.36649647709652], [12.801704082805946, 4.366586707834697], [12.801794313544125, 4.366586707834697], [12.801794313544125, 4.3666769385728745], [12.801884544282302, 4.3666769385728745], [12.801884544282302, 4.367037861525584], [12.801704082805946, 4.367037861525584], [12.801704082805946, 4.367218323001938], [12.801523621329592, 4.367218323001938], [12.801523621329592, 4.367398784478293], [12.801162698376883, 4.367398784478293], [12.801162698376883, 4.368210861121888], [12.801072467638706, 4.368210861121888], [12.801072467638706, 4.368120630383711], [12.800801775424175, 4.368120630383711], [12.800801775424175, 4.367759707431002], [12.80062131394782, 4.367759707431002], [12.80062131394782, 4.3679401689073565], [12.800531083209643, 4.3679401689073565], [12.800531083209643, 4.368030399645534], [12.80062131394782, 4.368030399645534], [12.80062131394782, 4.368210861121888], [12.800440852471466, 4.368210861121888], [12.800440852471466, 4.36848155333642], [12.80062131394782, 4.36848155333642], [12.80062131394782, 4.368932707027307], [12.800711544685997, 4.368932707027307], [12.800711544685997, 4.369022937765484], [12.800801775424175, 4.369022937765484], [12.800801775424175, 4.369203399241838], [12.800982236900529, 4.369203399241838], [12.800982236900529, 4.369293629980016], [12.800892006162352, 4.369293629980016], [12.800892006162352, 4.369383860718193], [12.801162698376883, 4.369383860718193], [12.801162698376883, 4.369564322194547], [12.80026039099511, 4.369564322194547], [12.80026039099511, 4.369654552932725], [12.800079929518756, 4.369654552932725], [12.800079929518756, 4.369744783670902], [12.799809237304224, 4.369744783670902], [12.799809237304224, 4.369835014409079], [12.799719006566047, 4.369835014409079], [12.799719006566047, 4.369744783670902], [12.799538545089693, 4.369744783670902], [12.799538545089693, 4.369654552932725], [12.799177622136984, 4.369654552932725], [12.799177622136984, 4.3699252451472566], [12.799358083613338, 4.3699252451472566], [12.799358083613338, 4.370105706623611], [12.799538545089693, 4.370105706623611], [12.799538545089693, 4.370286168099966], [12.799448314351515, 4.370286168099966], [12.799448314351515, 4.37046662957632], [12.799358083613338, 4.37046662957632], [12.799358083613338, 4.370647091052675], [12.799448314351515, 4.370647091052675], [12.799448314351515, 4.370827552529029], [12.799358083613338, 4.370827552529029], [12.799358083613338, 4.371008014005384], [12.799177622136984, 4.371008014005384], [12.799177622136984, 4.3711884754817385], [12.79890692992245, 4.3711884754817385], [12.79890692992245, 4.371278706219916], [12.798726468446096, 4.371278706219916], [12.798726468446096, 4.371368936958093], [12.79863623770792, 4.371368936958093]]]}}, {"id": "201", "type": "Feature", "properties": {"time_step": null}, "geometry": {"type": "Polygon", "coordinates": [[[12.818306538630566, 4.3679401689073565], [12.818306538630566, 4.367849938169179], [12.818216307892389, 4.367849938169179], [12.818216307892389, 4.367759707431002], [12.818126077154211, 4.367759707431002], [12.818126077154211, 4.367398784478293], [12.817945615677857, 4.367398784478293], [12.817945615677857, 4.367218323001938], [12.818126077154211, 4.367218323001938], [12.818126077154211, 4.367037861525584], [12.818306538630566, 4.367037861525584], [12.818306538630566, 4.366857400049229], [12.81848700010692, 4.366857400049229], [12.81848700010692, 4.3666769385728745], [12.818847923059629, 4.3666769385728745], [12.818847923059629, 4.366586707834697], [12.818757692321451, 4.366586707834697], [12.818757692321451, 4.36649647709652], [12.818667461583274, 4.36649647709652], [12.818667461583274, 4.366135554143811], [12.818847923059629, 4.366135554143811], [12.818847923059629, 4.365955092667456], [12.818938153797806, 4.365955092667456], [12.818938153797806, 4.365864861929279], [12.819028384535983, 4.365864861929279], [12.819028384535983, 4.365774631191102], [12.819389307488693, 4.365774631191102], [12.819389307488693, 4.365955092667456], [12.819569768965048, 4.365955092667456], [12.819569768965048, 4.366045323405634], [12.819750230441402, 4.366045323405634], [12.819750230441402, 4.366135554143811], [12.819840461179579, 4.366135554143811], [12.819840461179579, 4.366225784881989], [12.819750230441402, 4.366225784881989], [12.819750230441402, 4.36649647709652], [12.820562307084996, 4.36649647709652], [12.820562307084996, 4.366586707834697], [12.820652537823175, 4.366586707834697], [12.820652537823175, 4.367218323001938], [12.82047207634682, 4.367218323001938], [12.82047207634682, 4.367398784478293], [12.820291614870465, 4.367398784478293], [12.820291614870465, 4.367579245954648], [12.819750230441402, 4.367579245954648], [12.819750230441402, 4.367759707431002], [12.819299076750516, 4.367759707431002], [12.819299076750516, 4.36748901521647], [12.819208846012337, 4.36748901521647], [12.819208846012337, 4.367037861525584], [12.819389307488693, 4.367037861525584], [12.819389307488693, 4.366857400049229], [12.819028384535983, 4.366857400049229], [12.819028384535983, 4.366947630787407], [12.81911861527416, 4.366947630787407], [12.81911861527416, 4.367398784478293], [12.819028384535983, 4.367398784478293], [12.819028384535983, 4.367759707431002], [12.818847923059629, 4.367759707431002], [12.818847923059629, 4.367849938169179], [12.818757692321451, 4.367849938169179], [12.818757692321451, 4.3679401689073565], [12.818306538630566, 4.3679401689073565]], [[12.818847923059629, 4.366767169311052], [12.819028384535983, 4.366767169311052], [12.819028384535983, 4.3666769385728745], [12.818847923059629, 4.3666769385728745], [12.818847923059629, 4.366767169311052]]]}}, {"id": "202", "type": "Feature", "properties": {"time_step": null}, "geometry": {"type": "Polygon", "coordinates": [[[12.814336386150766, 4.366225784881989], [12.814336386150766, 4.366135554143811], [12.814155924674411, 4.366135554143811], [12.814155924674411, 4.365774631191102], [12.813975463198057, 4.365774631191102], [12.813975463198057, 4.365594169714748], [12.814065693936234, 4.365594169714748], [12.814065693936234, 4.365413708238393], [12.814155924674411, 4.365413708238393], [12.814155924674411, 4.365233246762038], [12.815058232056183, 4.365233246762038], [12.815058232056183, 4.365413708238393], [12.815419155008893, 4.365413708238393], [12.815419155008893, 4.365594169714748], [12.81550938574707, 4.365594169714748], [12.81550938574707, 4.365684400452925], [12.815599616485247, 4.365684400452925], [12.815599616485247, 4.365955092667456], [12.81550938574707, 4.365955092667456], [12.81550938574707, 4.365774631191102], [12.815419155008893, 4.365774631191102], [12.815419155008893, 4.365864861929279], [12.815328924270716, 4.365864861929279], [12.815328924270716, 4.365774631191102], [12.815238693532539, 4.365774631191102], [12.815238693532539, 4.365864861929279], [12.815058232056183, 4.365864861929279], [12.815058232056183, 4.365955092667456], [12.814697309103474, 4.365955092667456], [12.814697309103474, 4.366045323405634], [12.814607078365297, 4.366045323405634], [12.814607078365297, 4.366135554143811], [12.814426616888943, 4.366135554143811], [12.814426616888943, 4.366225784881989], [12.814336386150766, 4.366225784881989]]]}}, {"id": "203", "type": "Feature", "properties": {"time_step": null}, "geometry": {"type": "Polygon", "coordinates": [[[12.832833687477107, 4.366225784881989], [12.832833687477107, 4.366135554143811], [12.832743456738928, 4.366135554143811], [12.832743456738928, 4.365955092667456], [12.832653226000751, 4.365955092667456], [12.832653226000751, 4.365774631191102], [12.832472764524397, 4.365774631191102], [12.832472764524397, 4.365594169714748], [12.832833687477107, 4.365594169714748], [12.832833687477107, 4.365323477500215], [12.832923918215284, 4.365323477500215], [12.832923918215284, 4.365233246762038], [12.833194610429816, 4.365233246762038], [12.833194610429816, 4.365323477500215], [12.83337507190617, 4.365323477500215], [12.83337507190617, 4.365143016023861], [12.833735994858879, 4.365143016023861], [12.833735994858879, 4.366045323405634], [12.833194610429816, 4.366045323405634], [12.833194610429816, 4.366225784881989], [12.832833687477107, 4.366225784881989]]]}}, {"id": "204", "type": "Feature", "properties": {"time_step": null}, "geometry": {"type": "Polygon", "coordinates": [[[12.815960539437956, 4.36649647709652], [12.815960539437956, 4.366045323405634], [12.816050770176133, 4.366045323405634], [12.816050770176133, 4.365955092667456], [12.81614100091431, 4.365955092667456], [12.81614100091431, 4.365684400452925], [12.816231231652488, 4.365684400452925], [12.816231231652488, 4.365594169714748], [12.816321462390665, 4.365594169714748], [12.816321462390665, 4.365413708238393], [12.816501923867019, 4.365413708238393], [12.816501923867019, 4.365143016023861], [12.816592154605198, 4.365143016023861], [12.816592154605198, 4.365052785285684], [12.817043308296084, 4.365052785285684], [12.817043308296084, 4.365233246762038], [12.817133539034261, 4.365233246762038], [12.817133539034261, 4.365413708238393], [12.817223769772438, 4.365413708238393], [12.817223769772438, 4.365774631191102], [12.817945615677857, 4.365774631191102], [12.817945615677857, 4.365594169714748], [12.818126077154211, 4.365594169714748], [12.818126077154211, 4.36550393897657], [12.818306538630566, 4.36550393897657], [12.818306538630566, 4.365413708238393], [12.81848700010692, 4.365413708238393], [12.81848700010692, 4.366135554143811], [12.816682385343375, 4.366135554143811], [12.816682385343375, 4.366316015620166], [12.816592154605198, 4.366316015620166], [12.816592154605198, 4.366406246358343], [12.816501923867019, 4.366406246358343], [12.816501923867019, 4.36649647709652], [12.815960539437956, 4.36649647709652]]]}}, {"id": "205", "type": "Feature", "properties": {"time_step": null}, "geometry": {"type": "Polygon", "coordinates": [[[12.830668149760852, 4.365955092667456], [12.830668149760852, 4.365594169714748], [12.830848611237206, 4.365594169714748], [12.830848611237206, 4.365413708238393], [12.83102907271356, 4.365413708238393], [12.83102907271356, 4.365233246762038], [12.831119303451738, 4.365233246762038], [12.831119303451738, 4.365052785285684], [12.831570457142625, 4.365052785285684], [12.831570457142625, 4.365233246762038], [12.83175091861898, 4.365233246762038], [12.83175091861898, 4.365955092667456], [12.830668149760852, 4.365955092667456]]]}}, {"id": "206", "type": "Feature", "properties": {"time_step": null}, "geometry": {"type": "Polygon", "coordinates": [[[12.809283464812838, 4.366857400049229], [12.809283464812838, 4.366135554143811], [12.809103003336483, 4.366135554143811], [12.809103003336483, 4.365774631191102], [12.80892254186013, 4.365774631191102], [12.80892254186013, 4.365413708238393], [12.808742080383775, 4.365413708238393], [12.808742080383775, 4.365052785285684], [12.808651849645598, 4.365052785285684], [12.808651849645598, 4.36487232380933], [12.808742080383775, 4.36487232380933], [12.808742080383775, 4.3646918623329745], [12.809463926289192, 4.3646918623329745], [12.809463926289192, 4.36487232380933], [12.809644387765546, 4.36487232380933], [12.809644387765546, 4.364962554547507], [12.809734618503724, 4.364962554547507], [12.809734618503724, 4.365052785285684], [12.809824849241902, 4.365052785285684], [12.809824849241902, 4.365413708238393], [12.810005310718257, 4.365413708238393], [12.810005310718257, 4.365594169714748], [12.809824849241902, 4.365594169714748], [12.809824849241902, 4.365955092667456], [12.809734618503724, 4.365955092667456], [12.809734618503724, 4.366316015620166], [12.809824849241902, 4.366316015620166], [12.809824849241902, 4.3666769385728745], [12.809734618503724, 4.3666769385728745], [12.809734618503724, 4.366857400049229], [12.809283464812838, 4.366857400049229]]]}}, {"id": "207", "type": "Feature", "properties": {"time_step": null}, "geometry": {"type": "Polygon", "coordinates": [[[12.821915768157655, 4.365052785285684], [12.821915768157655, 4.36487232380933], [12.821645075943124, 4.36487232380933], [12.821645075943124, 4.364782093071152], [12.821554845204947, 4.364782093071152], [12.821554845204947, 4.3646918623329745], [12.821374383728593, 4.3646918623329745], [12.821374383728593, 4.363970016427556], [12.82245715258672, 4.363970016427556], [12.82245715258672, 4.364150477903911], [12.822637614063074, 4.364150477903911], [12.822637614063074, 4.364330939380266], [12.822818075539429, 4.364330939380266], [12.822818075539429, 4.3646918623329745], [12.822637614063074, 4.3646918623329745], [12.822637614063074, 4.36487232380933], [12.822276691110366, 4.36487232380933], [12.822276691110366, 4.365052785285684], [12.821915768157655, 4.365052785285684]]]}}, {"id": "208", "type": "Feature", "properties": {"time_step": null}, "geometry": {"type": "Polygon", "coordinates": [[[12.819208846012337, 4.365052785285684], [12.819208846012337, 4.36487232380933], [12.818847923059629, 4.36487232380933], [12.818847923059629, 4.3646918623329745], [12.818757692321451, 4.3646918623329745], [12.818757692321451, 4.36451140085662], [12.818667461583274, 4.36451140085662], [12.818667461583274, 4.364150477903911], [12.818757692321451, 4.364150477903911], [12.818757692321451, 4.3640602471657335], [12.818847923059629, 4.3640602471657335], [12.818847923059629, 4.363970016427556], [12.819208846012337, 4.363970016427556], [12.819208846012337, 4.364150477903911], [12.819389307488693, 4.364150477903911], [12.819389307488693, 4.36451140085662], [12.819569768965048, 4.36451140085662], [12.819569768965048, 4.365052785285684], [12.819208846012337, 4.365052785285684]]]}}, {"id": "209", "type": "Feature", "properties": {"time_step": null}, "geometry": {"type": "Polygon", "coordinates": [[[12.761100250626173, 4.367037861525584], [12.761100250626173, 4.366947630787407], [12.761010019887996, 4.366947630787407], [12.761010019887996, 4.366857400049229], [12.760829558411642, 4.366857400049229], [12.760829558411642, 4.3666769385728745], [12.760739327673464, 4.3666769385728745], [12.760739327673464, 4.36649647709652], [12.760829558411642, 4.36649647709652], [12.760829558411642, 4.366316015620166], [12.760919789149819, 4.366316015620166], [12.760919789149819, 4.366225784881989], [12.761010019887996, 4.366225784881989], [12.761010019887996, 4.366135554143811], [12.761100250626173, 4.366135554143811], [12.761100250626173, 4.366045323405634], [12.76119048136435, 4.366045323405634], [12.76119048136435, 4.365955092667456], [12.76155140431706, 4.365955092667456], [12.76155140431706, 4.365774631191102], [12.761370942840706, 4.365774631191102], [12.761370942840706, 4.365594169714748], [12.76119048136435, 4.365594169714748], [12.76119048136435, 4.365413708238393], [12.760649096935287, 4.365413708238393], [12.760649096935287, 4.36550393897657], [12.76055886619711, 4.36550393897657], [12.76055886619711, 4.365413708238393], [12.760107712506224, 4.365413708238393], [12.760107712506224, 4.365233246762038], [12.75992725102987, 4.365233246762038], [12.75992725102987, 4.365052785285684], [12.759746789553514, 4.365052785285684], [12.759746789553514, 4.36487232380933], [12.75956632807716, 4.36487232380933], [12.75956632807716, 4.3646918623329745], [12.759385866600805, 4.3646918623329745], [12.759385866600805, 4.364421170118443], [12.759295635862628, 4.364421170118443], [12.759295635862628, 4.364330939380266], [12.759385866600805, 4.364330939380266], [12.759385866600805, 4.364150477903911], [12.75956632807716, 4.364150477903911], [12.75956632807716, 4.363970016427556], [12.759746789553514, 4.363970016427556], [12.759746789553514, 4.3640602471657335], [12.75992725102987, 4.3640602471657335], [12.75992725102987, 4.364150477903911], [12.760107712506224, 4.364150477903911], [12.760107712506224, 4.364330939380266], [12.760288173982579, 4.364330939380266], [12.760288173982579, 4.364421170118443], [12.760378404720756, 4.364421170118443], [12.760378404720756, 4.36451140085662], [12.760649096935287, 4.36451140085662], [12.760649096935287, 4.364601631594797], [12.760829558411642, 4.364601631594797], [12.760829558411642, 4.3646918623329745], [12.76119048136435, 4.3646918623329745], [12.76119048136435, 4.36487232380933], [12.76128071210253, 4.36487232380933], [12.76128071210253, 4.364782093071152], [12.761461173578883, 4.364782093071152], [12.761461173578883, 4.36487232380933], [12.76155140431706, 4.36487232380933], [12.76155140431706, 4.364962554547507], [12.761641635055238, 4.364962554547507], [12.761641635055238, 4.365052785285684], [12.761731865793415, 4.365052785285684], [12.761731865793415, 4.365233246762038], [12.76191232726977, 4.365233246762038], [12.76191232726977, 4.365774631191102], [12.762273250222478, 4.365774631191102], [12.762273250222478, 4.365955092667456], [12.762453711698832, 4.365955092667456], [12.762453711698832, 4.366316015620166], [12.76191232726977, 4.366316015620166], [12.76191232726977, 4.366857400049229], [12.76155140431706, 4.366857400049229], [12.76155140431706, 4.367037861525584], [12.761100250626173, 4.367037861525584]], [[12.761731865793415, 4.366316015620166], [12.761822096531592, 4.366316015620166], [12.761822096531592, 4.366225784881989], [12.761731865793415, 4.366225784881989], [12.761731865793415, 4.366316015620166]], [[12.76155140431706, 4.366045323405634], [12.761731865793415, 4.366045323405634], [12.761731865793415, 4.365955092667456], [12.76155140431706, 4.365955092667456], [12.76155140431706, 4.366045323405634]], [[12.761731865793415, 4.365864861929279], [12.761822096531592, 4.365864861929279], [12.761822096531592, 4.365774631191102], [12.761731865793415, 4.365774631191102], [12.761731865793415, 4.365864861929279]]]}}, {"id": "210", "type": "Feature", "properties": {"time_step": null}, "geometry": {"type": "Polygon", "coordinates": [[[12.804771927903975, 4.367218323001938], [12.804771927903975, 4.367037861525584], [12.80459146642762, 4.367037861525584], [12.80459146642762, 4.36649647709652], [12.804771927903975, 4.36649647709652], [12.804771927903975, 4.366135554143811], [12.804952389380329, 4.366135554143811], [12.804952389380329, 4.366045323405634], [12.805042620118506, 4.366045323405634], [12.805042620118506, 4.365955092667456], [12.805493773809392, 4.365955092667456], [12.805493773809392, 4.365774631191102], [12.805674235285746, 4.365774631191102], [12.805674235285746, 4.365594169714748], [12.805493773809392, 4.365594169714748], [12.805493773809392, 4.36550393897657], [12.805403543071215, 4.36550393897657], [12.805403543071215, 4.365413708238393], [12.805132850856683, 4.365413708238393], [12.805132850856683, 4.365323477500215], [12.805042620118506, 4.365323477500215], [12.805042620118506, 4.365233246762038], [12.804771927903975, 4.365233246762038], [12.804771927903975, 4.365052785285684], [12.80459146642762, 4.365052785285684], [12.80459146642762, 4.36487232380933], [12.804411004951264, 4.36487232380933], [12.804411004951264, 4.3646918623329745], [12.804320774213087, 4.3646918623329745], [12.804320774213087, 4.36451140085662], [12.80423054347491, 4.36451140085662], [12.80423054347491, 4.364330939380266], [12.804411004951264, 4.364330939380266], [12.804411004951264, 4.364150477903911], [12.80459146642762, 4.364150477903911], [12.80459146642762, 4.363970016427556], [12.804771927903975, 4.363970016427556], [12.804771927903975, 4.363699324213025], [12.804862158642152, 4.363699324213025], [12.804862158642152, 4.363609093474848], [12.804952389380329, 4.363609093474848], [12.804952389380329, 4.3634286319984925], [12.805313312333038, 4.3634286319984925], [12.805313312333038, 4.363248170522138], [12.805854696762102, 4.363248170522138], [12.805854696762102, 4.3634286319984925], [12.806035158238457, 4.3634286319984925], [12.806035158238457, 4.363518862736671], [12.806215619714811, 4.363518862736671], [12.806215619714811, 4.363789554951202], [12.806396081191165, 4.363789554951202], [12.806396081191165, 4.363970016427556], [12.806666773405697, 4.363970016427556], [12.806666773405697, 4.364150477903911], [12.806757004143874, 4.364150477903911], [12.806757004143874, 4.364330939380266], [12.806937465620228, 4.364330939380266], [12.806937465620228, 4.364601631594797], [12.807027696358405, 4.364601631594797], [12.807027696358405, 4.3646918623329745], [12.806937465620228, 4.3646918623329745], [12.806937465620228, 4.36487232380933], [12.807027696358405, 4.36487232380933], [12.807027696358405, 4.364782093071152], [12.807117927096582, 4.364782093071152], [12.807117927096582, 4.3646918623329745], [12.807208157834761, 4.3646918623329745], [12.807208157834761, 4.364782093071152], [12.807298388572939, 4.364782093071152], [12.807298388572939, 4.36487232380933], [12.807478850049293, 4.36487232380933], [12.807478850049293, 4.365052785285684], [12.807659311525647, 4.365052785285684], [12.807659311525647, 4.365233246762038], [12.807839773002001, 4.365233246762038], [12.807839773002001, 4.365594169714748], [12.807659311525647, 4.365594169714748], [12.807659311525647, 4.365774631191102], [12.807298388572939, 4.365774631191102], [12.807298388572939, 4.365955092667456], [12.807208157834761, 4.365955092667456], [12.807208157834761, 4.366135554143811], [12.807117927096582, 4.366135554143811], [12.807117927096582, 4.366316015620166], [12.806937465620228, 4.366316015620166], [12.806937465620228, 4.366406246358343], [12.806757004143874, 4.366406246358343], [12.806757004143874, 4.36649647709652], [12.80657654266752, 4.36649647709652], [12.80657654266752, 4.366316015620166], [12.806396081191165, 4.366316015620166], [12.806396081191165, 4.366135554143811], [12.806215619714811, 4.366135554143811], [12.806215619714811, 4.3666769385728745], [12.806035158238457, 4.3666769385728745], [12.806035158238457, 4.366857400049229], [12.805854696762102, 4.366857400049229], [12.805854696762102, 4.367037861525584], [12.805313312333038, 4.367037861525584], [12.805313312333038, 4.367218323001938], [12.804771927903975, 4.367218323001938]]]}}, {"id": "211", "type": "Feature", "properties": {"time_step": null}, "geometry": {"type": "Polygon", "coordinates": [[[12.819930691917756, 4.3646918623329745], [12.819930691917756, 4.364601631594797], [12.819840461179579, 4.364601631594797], [12.819840461179579, 4.36451140085662], [12.819750230441402, 4.36451140085662], [12.819750230441402, 4.364421170118443], [12.819659999703225, 4.364421170118443], [12.819659999703225, 4.364330939380266], [12.819569768965048, 4.364330939380266], [12.819569768965048, 4.364150477903911], [12.81947953822687, 4.364150477903911], [12.81947953822687, 4.363970016427556], [12.819569768965048, 4.363970016427556], [12.819569768965048, 4.3634286319984925], [12.819750230441402, 4.3634286319984925], [12.819750230441402, 4.363338401260315], [12.819840461179579, 4.363338401260315], [12.819840461179579, 4.363248170522138], [12.819930691917756, 4.363248170522138], [12.819930691917756, 4.363789554951202], [12.820020922655933, 4.363789554951202], [12.820020922655933, 4.363970016427556], [12.82011115339411, 4.363970016427556], [12.82011115339411, 4.3646918623329745], [12.819930691917756, 4.3646918623329745]]]}}, {"id": "212", "type": "Feature", "properties": {"time_step": null}, "geometry": {"type": "Polygon", "coordinates": [[[12.82047207634682, 4.364330939380266], [12.82047207634682, 4.364240708642089], [12.820381845608642, 4.364240708642089], [12.820381845608642, 4.364150477903911], [12.820291614870465, 4.364150477903911], [12.820291614870465, 4.363970016427556], [12.82011115339411, 4.363970016427556], [12.82011115339411, 4.363609093474848], [12.820201384132288, 4.363609093474848], [12.820201384132288, 4.363518862736671], [12.820291614870465, 4.363518862736671], [12.820291614870465, 4.3634286319984925], [12.82047207634682, 4.3634286319984925], [12.82047207634682, 4.363248170522138], [12.820652537823175, 4.363248170522138], [12.820652537823175, 4.363067709045784], [12.82083299929953, 4.363067709045784], [12.82083299929953, 4.36288724756943], [12.821193922252238, 4.36288724756943], [12.821193922252238, 4.362977478307607], [12.821284152990415, 4.362977478307607], [12.821284152990415, 4.36288724756943], [12.821374383728593, 4.36288724756943], [12.821374383728593, 4.362977478307607], [12.821554845204947, 4.362977478307607], [12.821554845204947, 4.363067709045784], [12.821735306681301, 4.363067709045784], [12.821735306681301, 4.363609093474848], [12.82146461446677, 4.363609093474848], [12.82146461446677, 4.363699324213025], [12.821374383728593, 4.363699324213025], [12.821374383728593, 4.363789554951202], [12.821193922252238, 4.363789554951202], [12.821193922252238, 4.363970016427556], [12.821013460775884, 4.363970016427556], [12.821013460775884, 4.364330939380266], [12.82047207634682, 4.364330939380266]]]}}, {"id": "213", "type": "Feature", "properties": {"time_step": null}, "geometry": {"type": "Polygon", "coordinates": [[[12.832653226000751, 4.363609093474848], [12.832653226000751, 4.362706786093074], [12.832833687477107, 4.362706786093074], [12.832833687477107, 4.3627970168312515], [12.832923918215284, 4.3627970168312515], [12.832923918215284, 4.36288724756943], [12.833194610429816, 4.36288724756943], [12.833194610429816, 4.3627970168312515], [12.83337507190617, 4.3627970168312515], [12.83337507190617, 4.362706786093074], [12.833555533382524, 4.362706786093074], [12.833555533382524, 4.36288724756943], [12.833645764120702, 4.36288724756943], [12.833645764120702, 4.3627970168312515], [12.833735994858879, 4.3627970168312515], [12.833735994858879, 4.363067709045784], [12.833555533382524, 4.363067709045784], [12.833555533382524, 4.363248170522138], [12.83337507190617, 4.363248170522138], [12.83337507190617, 4.3634286319984925], [12.833014148953461, 4.3634286319984925], [12.833014148953461, 4.363609093474848], [12.832653226000751, 4.363609093474848]]]}}, {"id": "214", "type": "Feature", "properties": {"time_step": null}, "geometry": {"type": "Polygon", "coordinates": [[[12.829314688688193, 4.363248170522138], [12.829314688688193, 4.363157939783961], [12.829224457950016, 4.363157939783961], [12.829224457950016, 4.362977478307607], [12.829314688688193, 4.362977478307607], [12.829314688688193, 4.362706786093074], [12.829495150164547, 4.362706786093074], [12.829495150164547, 4.362616555354897], [12.829675611640901, 4.362616555354897], [12.829675611640901, 4.362706786093074], [12.830126765331789, 4.362706786093074], [12.830126765331789, 4.363067709045784], [12.829946303855433, 4.363067709045784], [12.829946303855433, 4.363157939783961], [12.829765842379079, 4.363157939783961], [12.829765842379079, 4.363248170522138], [12.829314688688193, 4.363248170522138]]]}}, {"id": "215", "type": "Feature", "properties": {"time_step": null}, "geometry": {"type": "Polygon", "coordinates": [[[12.818306538630566, 4.3634286319984925], [12.818306538630566, 4.363248170522138], [12.817945615677857, 4.363248170522138], [12.817945615677857, 4.363067709045784], [12.817765154201501, 4.363067709045784], [12.817765154201501, 4.3627970168312515], [12.817855384939678, 4.3627970168312515], [12.817855384939678, 4.362706786093074], [12.818216307892389, 4.362706786093074], [12.818216307892389, 4.362616555354897], [12.818306538630566, 4.362616555354897], [12.818306538630566, 4.36252632461672], [12.81848700010692, 4.36252632461672], [12.81848700010692, 4.362345863140366], [12.818667461583274, 4.362345863140366], [12.818667461583274, 4.361984940187656], [12.818847923059629, 4.361984940187656], [12.818847923059629, 4.361894709449479], [12.819028384535983, 4.361894709449479], [12.819028384535983, 4.361804478711302], [12.819389307488693, 4.361804478711302], [12.819389307488693, 4.361624017234948], [12.819659999703225, 4.361624017234948], [12.819659999703225, 4.3615337864967705], [12.819750230441402, 4.3615337864967705], [12.819750230441402, 4.361443555758592], [12.820562307084996, 4.361443555758592], [12.820562307084996, 4.3615337864967705], [12.820652537823175, 4.3615337864967705], [12.820652537823175, 4.361624017234948], [12.82083299929953, 4.361624017234948], [12.82083299929953, 4.361804478711302], [12.821013460775884, 4.361804478711302], [12.821013460775884, 4.362706786093074], [12.820652537823175, 4.362706786093074], [12.820652537823175, 4.36288724756943], [12.819659999703225, 4.36288724756943], [12.819659999703225, 4.362977478307607], [12.819569768965048, 4.362977478307607], [12.819569768965048, 4.363067709045784], [12.819028384535983, 4.363067709045784], [12.819028384535983, 4.363248170522138], [12.818667461583274, 4.363248170522138], [12.818667461583274, 4.3634286319984925], [12.818306538630566, 4.3634286319984925]]]}}, {"id": "216", "type": "Feature", "properties": {"time_step": null}, "geometry": {"type": "Polygon", "coordinates": [[[12.825164074732038, 4.362345863140366], [12.825164074732038, 4.3621654016640115], [12.82444222882662, 4.3621654016640115], [12.82444222882662, 4.361984940187656], [12.824261767350265, 4.361984940187656], [12.824261767350265, 4.361894709449479], [12.824171536612088, 4.361894709449479], [12.824171536612088, 4.361804478711302], [12.82408130587391, 4.361804478711302], [12.82408130587391, 4.361624017234948], [12.823991075135734, 4.361624017234948], [12.823991075135734, 4.361353325020415], [12.82408130587391, 4.361353325020415], [12.82408130587391, 4.361263094282238], [12.825164074732038, 4.361263094282238], [12.825164074732038, 4.3615337864967705], [12.825254305470215, 4.3615337864967705], [12.825254305470215, 4.361443555758592], [12.825524997684747, 4.361443555758592], [12.825524997684747, 4.361263094282238], [12.825976151375633, 4.361263094282238], [12.825976151375633, 4.361172863544061], [12.826066382113812, 4.361172863544061], [12.826066382113812, 4.361082632805884], [12.826246843590166, 4.361082632805884], [12.826246843590166, 4.361263094282238], [12.826337074328343, 4.361263094282238], [12.826337074328343, 4.361353325020415], [12.826246843590166, 4.361353325020415], [12.826246843590166, 4.361443555758592], [12.826337074328343, 4.361443555758592], [12.826337074328343, 4.3615337864967705], [12.826246843590166, 4.3615337864967705], [12.826246843590166, 4.3621654016640115], [12.826156612851989, 4.3621654016640115], [12.826156612851989, 4.362255632402189], [12.826066382113812, 4.362255632402189], [12.826066382113812, 4.362345863140366], [12.825164074732038, 4.362345863140366]]]}}, {"id": "217", "type": "Feature", "properties": {"time_step": null}, "geometry": {"type": "Polygon", "coordinates": [[[12.83102907271356, 4.362345863140366], [12.83102907271356, 4.3621654016640115], [12.830848611237206, 4.3621654016640115], [12.830848611237206, 4.361894709449479], [12.830938841975383, 4.361894709449479], [12.830938841975383, 4.361443555758592], [12.830758380499029, 4.361443555758592], [12.830758380499029, 4.361082632805884], [12.830938841975383, 4.361082632805884], [12.830938841975383, 4.361263094282238], [12.831119303451738, 4.361263094282238], [12.831119303451738, 4.361443555758592], [12.831480226404448, 4.361443555758592], [12.831480226404448, 4.3615337864967705], [12.83138999566627, 4.3615337864967705], [12.83138999566627, 4.361624017234948], [12.831570457142625, 4.361624017234948], [12.831570457142625, 4.361894709449479], [12.831660687880802, 4.361894709449479], [12.831660687880802, 4.361984940187656], [12.83175091861898, 4.361984940187656], [12.83175091861898, 4.362345863140366], [12.83102907271356, 4.362345863140366]]]}}, {"id": "218", "type": "Feature", "properties": {"time_step": null}, "geometry": {"type": "Polygon", "coordinates": [[[12.835179686669715, 4.362436093878543], [12.835179686669715, 4.362345863140366], [12.834818763717006, 4.362345863140366], [12.834818763717006, 4.361443555758592], [12.834457840764298, 4.361443555758592], [12.834457840764298, 4.3615337864967705], [12.83436761002612, 4.3615337864967705], [12.83436761002612, 4.361624017234948], [12.834277379287943, 4.361624017234948], [12.834277379287943, 4.361443555758592], [12.83400668707341, 4.361443555758592], [12.83400668707341, 4.361263094282238], [12.833916456335233, 4.361263094282238], [12.833916456335233, 4.3609021713295295], [12.83409691781159, 4.3609021713295295], [12.83409691781159, 4.360721709853174], [12.834277379287943, 4.360721709853174], [12.834277379287943, 4.360631479114997], [12.834457840764298, 4.360631479114997], [12.834457840764298, 4.360721709853174], [12.834818763717006, 4.360721709853174], [12.834818763717006, 4.3608119405913515], [12.834908994455184, 4.3608119405913515], [12.834908994455184, 4.3609021713295295], [12.83499922519336, 4.3609021713295295], [12.83499922519336, 4.361263094282238], [12.835540609622425, 4.361263094282238], [12.835540609622425, 4.361443555758592], [12.83572107109878, 4.361443555758592], [12.83572107109878, 4.361714247973125], [12.835811301836957, 4.361714247973125], [12.835811301836957, 4.361804478711302], [12.83572107109878, 4.361804478711302], [12.83572107109878, 4.362075170925833], [12.835450378884248, 4.362075170925833], [12.835450378884248, 4.362255632402189], [12.83536014814607, 4.362255632402189], [12.83536014814607, 4.362436093878543], [12.835179686669715, 4.362436093878543]]]}}, {"id": "219", "type": "Feature", "properties": {"time_step": null}, "geometry": {"type": "Polygon", "coordinates": [[[12.832653226000751, 4.361624017234948], [12.832653226000751, 4.361263094282238], [12.832562995262574, 4.361263094282238], [12.832562995262574, 4.361082632805884], [12.832653226000751, 4.361082632805884], [12.832653226000751, 4.3609021713295295], [12.832743456738928, 4.3609021713295295], [12.832743456738928, 4.360721709853174], [12.833014148953461, 4.360721709853174], [12.833014148953461, 4.36054124837682], [12.83337507190617, 4.36054124837682], [12.83337507190617, 4.360721709853174], [12.833465302644347, 4.360721709853174], [12.833465302644347, 4.3608119405913515], [12.833555533382524, 4.3608119405913515], [12.833555533382524, 4.3609021713295295], [12.833735994858879, 4.3609021713295295], [12.833735994858879, 4.361082632805884], [12.833645764120702, 4.361082632805884], [12.833645764120702, 4.361263094282238], [12.83337507190617, 4.361263094282238], [12.83337507190617, 4.361443555758592], [12.833104379691639, 4.361443555758592], [12.833104379691639, 4.3615337864967705], [12.833014148953461, 4.3615337864967705], [12.833014148953461, 4.361624017234948], [12.832653226000751, 4.361624017234948]]]}}, {"id": "220", "type": "Feature", "properties": {"time_step": null}, "geometry": {"type": "Polygon", "coordinates": [[[12.836442917004197, 4.361624017234948], [12.836442917004197, 4.3615337864967705], [12.836262455527843, 4.3615337864967705], [12.836262455527843, 4.361353325020415], [12.836081994051488, 4.361353325020415], [12.836081994051488, 4.361172863544061], [12.835991763313311, 4.361172863544061], [12.835991763313311, 4.361082632805884], [12.835901532575134, 4.361082632805884], [12.835901532575134, 4.360721709853174], [12.83572107109878, 4.360721709853174], [12.83572107109878, 4.360360786900466], [12.835901532575134, 4.360360786900466], [12.835901532575134, 4.360180325424111], [12.836623378480551, 4.360180325424111], [12.836623378480551, 4.360631479114997], [12.836803839956907, 4.360631479114997], [12.836803839956907, 4.3615337864967705], [12.836623378480551, 4.3615337864967705], [12.836623378480551, 4.361624017234948], [12.836442917004197, 4.361624017234948]]]}}, {"id": "221", "type": "Feature", "properties": {"time_step": null}, "geometry": {"type": "Polygon", "coordinates": [[[12.759837020291691, 4.360360786900466], [12.759837020291691, 4.3602705561622885], [12.759746789553514, 4.3602705561622885], [12.759746789553514, 4.360180325424111], [12.75956632807716, 4.360180325424111], [12.75956632807716, 4.359999863947756], [12.759476097338982, 4.359999863947756], [12.759476097338982, 4.359909633209579], [12.759385866600805, 4.359909633209579], [12.759385866600805, 4.359729171733225], [12.759295635862628, 4.359729171733225], [12.759295635862628, 4.359458479518692], [12.75956632807716, 4.359458479518692], [12.75956632807716, 4.359278018042338], [12.75992725102987, 4.359278018042338], [12.75992725102987, 4.359458479518692], [12.760107712506224, 4.359458479518692], [12.760107712506224, 4.359638940995048], [12.760288173982579, 4.359638940995048], [12.760288173982579, 4.359999863947756], [12.75992725102987, 4.359999863947756], [12.75992725102987, 4.360360786900466], [12.759837020291691, 4.360360786900466]]]}}, {"id": "222", "type": "Feature", "properties": {"time_step": null}, "geometry": {"type": "Polygon", "coordinates": [[[12.823720382921202, 4.359819402471402], [12.823720382921202, 4.358736633613274], [12.823900844397556, 4.358736633613274], [12.823900844397556, 4.358646402875097], [12.823991075135734, 4.358646402875097], [12.823991075135734, 4.35855617213692], [12.82408130587391, 4.35855617213692], [12.82408130587391, 4.358736633613274], [12.824261767350265, 4.358736633613274], [12.824261767350265, 4.358917095089629], [12.82444222882662, 4.358917095089629], [12.82444222882662, 4.359638940995048], [12.824351998088442, 4.359638940995048], [12.824351998088442, 4.359729171733225], [12.824261767350265, 4.359729171733225], [12.824261767350265, 4.359819402471402], [12.823720382921202, 4.359819402471402]]]}}, {"id": "223", "type": "Feature", "properties": {"time_step": null}, "geometry": {"type": "Polygon", "coordinates": [[[12.81217084843451, 4.3608119405913515], [12.81217084843451, 4.360721709853174], [12.811990386958156, 4.360721709853174], [12.811990386958156, 4.36054124837682], [12.811809925481802, 4.36054124837682], [12.811809925481802, 4.360360786900466], [12.811900156219979, 4.360360786900466], [12.811900156219979, 4.360180325424111], [12.811990386958156, 4.360180325424111], [12.811990386958156, 4.359999863947756], [12.81217084843451, 4.359999863947756], [12.81217084843451, 4.359909633209579], [12.812261079172687, 4.359909633209579], [12.812261079172687, 4.359819402471402], [12.81217084843451, 4.359819402471402], [12.81217084843451, 4.359097556565984], [12.812351309910865, 4.359097556565984], [12.812351309910865, 4.358917095089629], [12.81253177138722, 4.358917095089629], [12.81253177138722, 4.358736633613274], [12.812712232863575, 4.358736633613274], [12.812712232863575, 4.35855617213692], [12.812802463601752, 4.35855617213692], [12.812802463601752, 4.358465941398743], [12.81289269433993, 4.358465941398743], [12.81289269433993, 4.358375710660566], [12.812982925078106, 4.358375710660566], [12.812982925078106, 4.358465941398743], [12.813073155816284, 4.358465941398743], [12.813073155816284, 4.35855617213692], [12.813253617292638, 4.35855617213692], [12.813253617292638, 4.358736633613274], [12.813434078768992, 4.358736633613274], [12.813434078768992, 4.359097556565984], [12.813253617292638, 4.359097556565984], [12.813253617292638, 4.359458479518692], [12.813073155816284, 4.359458479518692], [12.813073155816284, 4.359819402471402], [12.81289269433993, 4.359819402471402], [12.81289269433993, 4.359999863947756], [12.812712232863575, 4.359999863947756], [12.812712232863575, 4.359819402471402], [12.812351309910865, 4.359819402471402], [12.812351309910865, 4.359999863947756], [12.81253177138722, 4.359999863947756], [12.81253177138722, 4.360090094685933], [12.812622002125398, 4.360090094685933], [12.812622002125398, 4.360180325424111], [12.812712232863575, 4.360180325424111], [12.812712232863575, 4.36054124837682], [12.81253177138722, 4.36054124837682], [12.81253177138722, 4.360721709853174], [12.812351309910865, 4.360721709853174], [12.812351309910865, 4.3608119405913515], [12.81217084843451, 4.3608119405913515]]]}}, {"id": "224", "type": "Feature", "properties": {"time_step": null}, "geometry": {"type": "Polygon", "coordinates": [[[12.809824849241902, 4.3621654016640115], [12.809824849241902, 4.361984940187656], [12.80892254186013, 4.361984940187656], [12.80892254186013, 4.361624017234948], [12.808832311121952, 4.361624017234948], [12.808832311121952, 4.3615337864967705], [12.808742080383775, 4.3615337864967705], [12.808742080383775, 4.361443555758592], [12.808832311121952, 4.361443555758592], [12.808832311121952, 4.361263094282238], [12.80892254186013, 4.361263094282238], [12.80892254186013, 4.360631479114997], [12.808832311121952, 4.360631479114997], [12.808832311121952, 4.36054124837682], [12.808742080383775, 4.36054124837682], [12.808742080383775, 4.360180325424111], [12.808651849645598, 4.360180325424111], [12.808651849645598, 4.359819402471402], [12.808742080383775, 4.359819402471402], [12.808742080383775, 4.359638940995048], [12.80892254186013, 4.359638940995048], [12.80892254186013, 4.359458479518692], [12.809824849241902, 4.359458479518692], [12.809824849241902, 4.359278018042338], [12.809644387765546, 4.359278018042338], [12.809644387765546, 4.358736633613274], [12.809824849241902, 4.358736633613274], [12.809824849241902, 4.35855617213692], [12.810005310718257, 4.35855617213692], [12.810005310718257, 4.358465941398743], [12.810095541456434, 4.358465941398743], [12.810095541456434, 4.358375710660566], [12.81054669514732, 4.358375710660566], [12.81054669514732, 4.35855617213692], [12.810727156623674, 4.35855617213692], [12.810727156623674, 4.358917095089629], [12.810907618100028, 4.358917095089629], [12.810907618100028, 4.359278018042338], [12.810727156623674, 4.359278018042338], [12.810727156623674, 4.359458479518692], [12.810366233670965, 4.359458479518692], [12.810366233670965, 4.359638940995048], [12.810907618100028, 4.359638940995048], [12.810907618100028, 4.359458479518692], [12.811088079576383, 4.359458479518692], [12.811088079576383, 4.359819402471402], [12.811268541052739, 4.359819402471402], [12.811268541052739, 4.360360786900466], [12.811358771790916, 4.360360786900466], [12.811358771790916, 4.36054124837682], [12.811449002529093, 4.36054124837682], [12.811449002529093, 4.360631479114997], [12.811358771790916, 4.360631479114997], [12.811358771790916, 4.360721709853174], [12.811449002529093, 4.360721709853174], [12.811449002529093, 4.361082632805884], [12.81153923326727, 4.361082632805884], [12.81153923326727, 4.361172863544061], [12.811629464005447, 4.361172863544061], [12.811629464005447, 4.361263094282238], [12.811358771790916, 4.361263094282238], [12.811358771790916, 4.361082632805884], [12.811268541052739, 4.361082632805884], [12.811268541052739, 4.361804478711302], [12.811178310314562, 4.361804478711302], [12.811178310314562, 4.361894709449479], [12.811088079576383, 4.361894709449479], [12.811088079576383, 4.361984940187656], [12.810997848838205, 4.361984940187656], [12.810997848838205, 4.361894709449479], [12.810817387361851, 4.361894709449479], [12.810817387361851, 4.361804478711302], [12.810727156623674, 4.361804478711302], [12.810727156623674, 4.361984940187656], [12.810366233670965, 4.361984940187656], [12.810366233670965, 4.3621654016640115], [12.809824849241902, 4.3621654016640115]], [[12.809463926289192, 4.3608119405913515], [12.809644387765546, 4.3608119405913515], [12.809644387765546, 4.360721709853174], [12.809463926289192, 4.360721709853174], [12.809463926289192, 4.3608119405913515]], [[12.810997848838205, 4.360721709853174], [12.811088079576383, 4.360721709853174], [12.811088079576383, 4.36054124837682], [12.810997848838205, 4.36054124837682], [12.810997848838205, 4.360721709853174]], [[12.810185772194611, 4.360631479114997], [12.810276002932788, 4.360631479114997], [12.810276002932788, 4.36054124837682], [12.810185772194611, 4.36054124837682], [12.810185772194611, 4.360631479114997]], [[12.810636925885497, 4.360631479114997], [12.810907618100028, 4.360631479114997], [12.810907618100028, 4.359819402471402], [12.810817387361851, 4.359819402471402], [12.810817387361851, 4.359909633209579], [12.810727156623674, 4.359909633209579], [12.810727156623674, 4.359999863947756], [12.810636925885497, 4.359999863947756], [12.810636925885497, 4.360180325424111], [12.81054669514732, 4.360180325424111], [12.81054669514732, 4.36054124837682], [12.810636925885497, 4.36054124837682], [12.810636925885497, 4.360631479114997]]]}}, {"id": "225", "type": "Feature", "properties": {"time_step": null}, "geometry": {"type": "Polygon", "coordinates": [[[12.831660687880802, 4.358826864351452], [12.831660687880802, 4.358736633613274], [12.831299764928092, 4.358736633613274], [12.831299764928092, 4.357834326231502], [12.831480226404448, 4.357834326231502], [12.831480226404448, 4.357744095493325], [12.831570457142625, 4.357744095493325], [12.831570457142625, 4.357834326231502], [12.831841149357157, 4.357834326231502], [12.831841149357157, 4.358014787707856], [12.832202072309865, 4.358014787707856], [12.832202072309865, 4.35855617213692], [12.832021610833511, 4.35855617213692], [12.832021610833511, 4.358736633613274], [12.831841149357157, 4.358736633613274], [12.831841149357157, 4.358826864351452], [12.831660687880802, 4.358826864351452]]]}}, {"id": "226", "type": "Feature", "properties": {"time_step": null}, "geometry": {"type": "Polygon", "coordinates": [[[12.811990386958156, 4.358917095089629], [12.811990386958156, 4.358826864351452], [12.811900156219979, 4.358826864351452], [12.811900156219979, 4.358736633613274], [12.811449002529093, 4.358736633613274], [12.811449002529093, 4.35855617213692], [12.811088079576383, 4.35855617213692], [12.811088079576383, 4.357834326231502], [12.811178310314562, 4.357834326231502], [12.811178310314562, 4.357744095493325], [12.811268541052739, 4.357744095493325], [12.811268541052739, 4.3576538647551475], [12.811990386958156, 4.3576538647551475], [12.811990386958156, 4.357834326231502], [12.812441540649042, 4.357834326231502], [12.812441540649042, 4.357924556969679], [12.812351309910865, 4.357924556969679], [12.812351309910865, 4.358014787707856], [12.81253177138722, 4.358014787707856], [12.81253177138722, 4.357473403278793], [12.812622002125398, 4.357473403278793], [12.812622002125398, 4.357383172540615], [12.812712232863575, 4.357383172540615], [12.812712232863575, 4.357292941802438], [12.813073155816284, 4.357292941802438], [12.813073155816284, 4.357473403278793], [12.813434078768992, 4.357473403278793], [12.813434078768992, 4.358014787707856], [12.813253617292638, 4.358014787707856], [12.813253617292638, 4.358195249184211], [12.812712232863575, 4.358195249184211], [12.812712232863575, 4.35855617213692], [12.81253177138722, 4.35855617213692], [12.81253177138722, 4.358736633613274], [12.812351309910865, 4.358736633613274], [12.812351309910865, 4.358917095089629], [12.811990386958156, 4.358917095089629]]]}}, {"id": "227", "type": "Feature", "properties": {"time_step": null}, "geometry": {"type": "Polygon", "coordinates": [[[12.754062253048346, 4.35855617213692], [12.754062253048346, 4.358465941398743], [12.753972022310169, 4.358465941398743], [12.753972022310169, 4.358014787707856], [12.753791560833815, 4.358014787707856], [12.753791560833815, 4.357834326231502], [12.75361109935746, 4.357834326231502], [12.75361109935746, 4.357744095493325], [12.753520868619283, 4.357744095493325], [12.753520868619283, 4.3576538647551475], [12.753430637881106, 4.3576538647551475], [12.753430637881106, 4.357202711064261], [12.753520868619283, 4.357202711064261], [12.753520868619283, 4.357112480326084], [12.75361109935746, 4.357112480326084], [12.75361109935746, 4.356932018849729], [12.754152483786523, 4.356932018849729], [12.754152483786523, 4.357112480326084], [12.754693868215588, 4.357112480326084], [12.754693868215588, 4.357292941802438], [12.754874329691942, 4.357292941802438], [12.754874329691942, 4.357834326231502], [12.754693868215588, 4.357834326231502], [12.754693868215588, 4.358195249184211], [12.754513406739232, 4.358195249184211], [12.754513406739232, 4.35855617213692], [12.754062253048346, 4.35855617213692]]]}}, {"id": "228", "type": "Feature", "properties": {"time_step": null}, "geometry": {"type": "Polygon", "coordinates": [[[12.75758125183726, 4.359278018042338], [12.75758125183726, 4.359097556565984], [12.757400790360906, 4.359097556565984], [12.757400790360906, 4.358917095089629], [12.757310559622729, 4.358917095089629], [12.757310559622729, 4.358826864351452], [12.75722032888455, 4.358826864351452], [12.75722032888455, 4.35855617213692], [12.757039867408196, 4.35855617213692], [12.757039867408196, 4.358375710660566], [12.756949636670019, 4.358375710660566], [12.756949636670019, 4.358195249184211], [12.756859405931841, 4.358195249184211], [12.756859405931841, 4.358014787707856], [12.756769175193664, 4.358014787707856], [12.756769175193664, 4.357924556969679], [12.756678944455487, 4.357924556969679], [12.756678944455487, 4.357744095493325], [12.75658871371731, 4.357744095493325], [12.75658871371731, 4.3576538647551475], [12.756498482979133, 4.3576538647551475], [12.756498482979133, 4.357924556969679], [12.756318021502778, 4.357924556969679], [12.756318021502778, 4.358014787707856], [12.756137560026424, 4.358014787707856], [12.756137560026424, 4.358195249184211], [12.75595709855007, 4.358195249184211], [12.75595709855007, 4.358375710660566], [12.75523525264465, 4.358375710660566], [12.75523525264465, 4.358195249184211], [12.755054791168297, 4.358195249184211], [12.755054791168297, 4.358014787707856], [12.75496456043012, 4.358014787707856], [12.75496456043012, 4.357744095493325], [12.755054791168297, 4.357744095493325], [12.755054791168297, 4.357473403278793], [12.75523525264465, 4.357473403278793], [12.75523525264465, 4.357383172540615], [12.755505944859182, 4.357383172540615], [12.755505944859182, 4.357473403278793], [12.755776637073714, 4.357473403278793], [12.755776637073714, 4.357383172540615], [12.75595709855007, 4.357383172540615], [12.75595709855007, 4.357292941802438], [12.756498482979133, 4.357292941802438], [12.756498482979133, 4.357112480326084], [12.757039867408196, 4.357112480326084], [12.757039867408196, 4.357202711064261], [12.75722032888455, 4.357202711064261], [12.75722032888455, 4.357292941802438], [12.757851944051792, 4.357292941802438], [12.757851944051792, 4.357202711064261], [12.757942174789969, 4.357202711064261], [12.757942174789969, 4.357292941802438], [12.7582128670045, 4.357292941802438], [12.7582128670045, 4.357112480326084], [12.758303097742678, 4.357112480326084], [12.758303097742678, 4.3570222495879065], [12.758393328480855, 4.3570222495879065], [12.758393328480855, 4.356932018849729], [12.758664020695388, 4.356932018849729], [12.758664020695388, 4.356841788111552], [12.758844482171742, 4.356841788111552], [12.758844482171742, 4.356932018849729], [12.759205405124451, 4.356932018849729], [12.759205405124451, 4.356751557373374], [12.75992725102987, 4.356751557373374], [12.75992725102987, 4.357112480326084], [12.759746789553514, 4.357112480326084], [12.759746789553514, 4.357292941802438], [12.75956632807716, 4.357292941802438], [12.75956632807716, 4.357473403278793], [12.759385866600805, 4.357473403278793], [12.759385866600805, 4.357834326231502], [12.759295635862628, 4.357834326231502], [12.759295635862628, 4.357924556969679], [12.759205405124451, 4.357924556969679], [12.759205405124451, 4.358736633613274], [12.759024943648097, 4.358736633613274], [12.759024943648097, 4.358917095089629], [12.758483559219032, 4.358917095089629], [12.758483559219032, 4.359097556565984], [12.758303097742678, 4.359097556565984], [12.758303097742678, 4.359278018042338], [12.75758125183726, 4.359278018042338]]]}}, {"id": "229", "type": "Feature", "properties": {"time_step": null}, "geometry": {"type": "Polygon", "coordinates": [[[12.808832311121952, 4.359097556565984], [12.808832311121952, 4.359007325827807], [12.808742080383775, 4.359007325827807], [12.808742080383775, 4.358826864351452], [12.808651849645598, 4.358826864351452], [12.808651849645598, 4.358736633613274], [12.80856161890742, 4.358736633613274], [12.80856161890742, 4.35855617213692], [12.808381157431064, 4.35855617213692], [12.808381157431064, 4.358375710660566], [12.80820069595471, 4.358375710660566], [12.80820069595471, 4.357834326231502], [12.808381157431064, 4.357834326231502], [12.808381157431064, 4.357744095493325], [12.808290926692887, 4.357744095493325], [12.808290926692887, 4.3576538647551475], [12.80820069595471, 4.3576538647551475], [12.80820069595471, 4.357292941802438], [12.808020234478356, 4.357292941802438], [12.808020234478356, 4.356932018849729], [12.807839773002001, 4.356932018849729], [12.807839773002001, 4.35657109589702], [12.808020234478356, 4.35657109589702], [12.808020234478356, 4.356480865158843], [12.80820069595471, 4.356480865158843], [12.80820069595471, 4.35657109589702], [12.808381157431064, 4.35657109589702], [12.808381157431064, 4.356751557373374], [12.808742080383775, 4.356751557373374], [12.808742080383775, 4.356932018849729], [12.809103003336483, 4.356932018849729], [12.809103003336483, 4.357112480326084], [12.80919323407466, 4.357112480326084], [12.80919323407466, 4.357202711064261], [12.809283464812838, 4.357202711064261], [12.809283464812838, 4.357473403278793], [12.809463926289192, 4.357473403278793], [12.809463926289192, 4.3576538647551475], [12.80955415702737, 4.3576538647551475], [12.80955415702737, 4.357834326231502], [12.809644387765546, 4.357834326231502], [12.809644387765546, 4.358375710660566], [12.809463926289192, 4.358375710660566], [12.809463926289192, 4.35855617213692], [12.809283464812838, 4.35855617213692], [12.809283464812838, 4.358736633613274], [12.80919323407466, 4.358736633613274], [12.80919323407466, 4.358917095089629], [12.809103003336483, 4.358917095089629], [12.809103003336483, 4.359097556565984], [12.808832311121952, 4.359097556565984]]]}}, {"id": "230", "type": "Feature", "properties": {"time_step": null}, "geometry": {"type": "Polygon", "coordinates": [[[12.829314688688193, 4.357112480326084], [12.829314688688193, 4.3570222495879065], [12.829224457950016, 4.3570222495879065], [12.829224457950016, 4.356932018849729], [12.829134227211838, 4.356932018849729], [12.829134227211838, 4.356210172944311], [12.829224457950016, 4.356210172944311], [12.829224457950016, 4.356119942206134], [12.829314688688193, 4.356119942206134], [12.829314688688193, 4.356029711467956], [12.829856073117256, 4.356029711467956], [12.829856073117256, 4.356661326635197], [12.829765842379079, 4.356661326635197], [12.829765842379079, 4.356751557373374], [12.829675611640901, 4.356751557373374], [12.829675611640901, 4.356932018849729], [12.829495150164547, 4.356932018849729], [12.829495150164547, 4.357112480326084], [12.829314688688193, 4.357112480326084]]]}}, {"id": "231", "type": "Feature", "properties": {"time_step": null}, "geometry": {"type": "Polygon", "coordinates": [[[12.826968689495583, 4.355127404086184], [12.826968689495583, 4.354946942609829], [12.826788228019229, 4.354946942609829], [12.826788228019229, 4.354766481133475], [12.826607766542875, 4.354766481133475], [12.826607766542875, 4.3544055581807655], [12.82642730506652, 4.3544055581807655], [12.82642730506652, 4.354225096704411], [12.826607766542875, 4.354225096704411], [12.826607766542875, 4.354044635228056], [12.826697997281052, 4.354044635228056], [12.826697997281052, 4.353954404489879], [12.826788228019229, 4.353954404489879], [12.826788228019229, 4.353864173751702], [12.826968689495583, 4.353864173751702], [12.826968689495583, 4.354044635228056], [12.827329612448292, 4.354044635228056], [12.827329612448292, 4.354225096704411], [12.827510073924648, 4.354225096704411], [12.827510073924648, 4.354766481133475], [12.827329612448292, 4.354766481133475], [12.827329612448292, 4.355127404086184], [12.826968689495583, 4.355127404086184]]]}}, {"id": "232", "type": "Feature", "properties": {"time_step": null}, "geometry": {"type": "Polygon", "coordinates": [[[12.757761713313615, 4.355849249991602], [12.757761713313615, 4.355668788515247], [12.757400790360906, 4.355668788515247], [12.757400790360906, 4.355398096300715], [12.757310559622729, 4.355398096300715], [12.757310559622729, 4.355307865562538], [12.75722032888455, 4.355307865562538], [12.75722032888455, 4.354946942609829], [12.757039867408196, 4.354946942609829], [12.757039867408196, 4.354766481133475], [12.756137560026424, 4.354766481133475], [12.756137560026424, 4.35458601965712], [12.756047329288247, 4.35458601965712], [12.756047329288247, 4.354676250395297], [12.75595709855007, 4.354676250395297], [12.75595709855007, 4.3544055581807655], [12.755776637073714, 4.3544055581807655], [12.755776637073714, 4.354225096704411], [12.75559617559736, 4.354225096704411], [12.75559617559736, 4.354044635228056], [12.755145021906474, 4.354044635228056], [12.755145021906474, 4.353954404489879], [12.755054791168297, 4.353954404489879], [12.755054791168297, 4.353864173751702], [12.754693868215588, 4.353864173751702], [12.754693868215588, 4.35359348153717], [12.75460363747741, 4.35359348153717], [12.75460363747741, 4.353503250798993], [12.754693868215588, 4.353503250798993], [12.754693868215588, 4.3531423278462835], [12.755054791168297, 4.3531423278462835], [12.755054791168297, 4.352781404893575], [12.75523525264465, 4.352781404893575], [12.75523525264465, 4.35260094341722], [12.75559617559736, 4.35260094341722], [12.75559617559736, 4.352691174155397], [12.755686406335537, 4.352691174155397], [12.755686406335537, 4.352781404893575], [12.755776637073714, 4.352781404893575], [12.755776637073714, 4.3531423278462835], [12.756137560026424, 4.3531423278462835], [12.756137560026424, 4.353322789322638], [12.756318021502778, 4.353322789322638], [12.756318021502778, 4.353413020060816], [12.756408252240956, 4.353413020060816], [12.756408252240956, 4.353503250798993], [12.756498482979133, 4.353503250798993], [12.756498482979133, 4.353683712275347], [12.756678944455487, 4.353683712275347], [12.756678944455487, 4.354044635228056], [12.756859405931841, 4.354044635228056], [12.756859405931841, 4.354225096704411], [12.757400790360906, 4.354225096704411], [12.757400790360906, 4.354044635228056], [12.757942174789969, 4.354044635228056], [12.757942174789969, 4.353954404489879], [12.757851944051792, 4.353954404489879], [12.757851944051792, 4.353864173751702], [12.757761713313615, 4.353864173751702], [12.757761713313615, 4.353683712275347], [12.757400790360906, 4.353683712275347], [12.757400790360906, 4.353322789322638], [12.757310559622729, 4.353322789322638], [12.757310559622729, 4.353232558584461], [12.75722032888455, 4.353232558584461], [12.75722032888455, 4.3531423278462835], [12.757310559622729, 4.3531423278462835], [12.757310559622729, 4.353052097108106], [12.757400790360906, 4.353052097108106], [12.757400790360906, 4.352961866369929], [12.75758125183726, 4.352961866369929], [12.75758125183726, 4.352781404893575], [12.758844482171742, 4.352781404893575], [12.758844482171742, 4.352961866369929], [12.759205405124451, 4.352961866369929], [12.759205405124451, 4.3531423278462835], [12.75956632807716, 4.3531423278462835], [12.75956632807716, 4.353322789322638], [12.759656558815337, 4.353322789322638], [12.759656558815337, 4.353413020060816], [12.759746789553514, 4.353413020060816], [12.759746789553514, 4.353503250798993], [12.759837020291691, 4.353503250798993], [12.759837020291691, 4.353683712275347], [12.759746789553514, 4.353683712275347], [12.759746789553514, 4.353864173751702], [12.759385866600805, 4.353864173751702], [12.759385866600805, 4.353954404489879], [12.759205405124451, 4.353954404489879], [12.759205405124451, 4.353864173751702], [12.759024943648097, 4.353864173751702], [12.759024943648097, 4.354044635228056], [12.759115174386274, 4.354044635228056], [12.759115174386274, 4.354134865966234], [12.759024943648097, 4.354134865966234], [12.759024943648097, 4.3544055581807655], [12.758844482171742, 4.3544055581807655], [12.758844482171742, 4.354766481133475], [12.758754251433565, 4.354766481133475], [12.758754251433565, 4.354946942609829], [12.758664020695388, 4.354946942609829], [12.758664020695388, 4.355127404086184], [12.758483559219032, 4.355127404086184], [12.758483559219032, 4.355217634824361], [12.758303097742678, 4.355217634824361], [12.758303097742678, 4.355307865562538], [12.758122636266323, 4.355307865562538], [12.758122636266323, 4.355668788515247], [12.757942174789969, 4.355668788515247], [12.757942174789969, 4.355849249991602], [12.757761713313615, 4.355849249991602]], [[12.757942174789969, 4.354766481133475], [12.758122636266323, 4.354766481133475], [12.758122636266323, 4.354225096704411], [12.758032405528146, 4.354225096704411], [12.758032405528146, 4.3544055581807655], [12.757942174789969, 4.3544055581807655], [12.757942174789969, 4.354766481133475]]]}}, {"id": "233", "type": "Feature", "properties": {"time_step": null}, "geometry": {"type": "Polygon", "coordinates": [[[12.82877330425913, 4.353683712275347], [12.82877330425913, 4.352781404893575], [12.828953765735484, 4.352781404893575], [12.828953765735484, 4.352420481940865], [12.829134227211838, 4.352420481940865], [12.829134227211838, 4.352240020464511], [12.829675611640901, 4.352240020464511], [12.829675611640901, 4.352059558988157], [12.830216996069966, 4.352059558988157], [12.830216996069966, 4.351879097511802], [12.830577919022675, 4.351879097511802], [12.830577919022675, 4.352149789726334], [12.830668149760852, 4.352149789726334], [12.830668149760852, 4.352240020464511], [12.830758380499029, 4.352240020464511], [12.830758380499029, 4.35260094341722], [12.830216996069966, 4.35260094341722], [12.830216996069966, 4.352781404893575], [12.829856073117256, 4.352781404893575], [12.829856073117256, 4.352961866369929], [12.829675611640901, 4.352961866369929], [12.829675611640901, 4.3531423278462835], [12.829495150164547, 4.3531423278462835], [12.829495150164547, 4.353322789322638], [12.829134227211838, 4.353322789322638], [12.829134227211838, 4.353503250798993], [12.828953765735484, 4.353503250798993], [12.828953765735484, 4.353683712275347], [12.82877330425913, 4.353683712275347]]]}}, {"id": "234", "type": "Feature", "properties": {"time_step": null}, "geometry": {"type": "Polygon", "coordinates": [[[12.756137560026424, 4.352781404893575], [12.756137560026424, 4.35260094341722], [12.75595709855007, 4.35260094341722], [12.75595709855007, 4.352420481940865], [12.755776637073714, 4.352420481940865], [12.755776637073714, 4.352059558988157], [12.75559617559736, 4.352059558988157], [12.75559617559736, 4.351518174559093], [12.75595709855007, 4.351518174559093], [12.75595709855007, 4.351698636035447], [12.756137560026424, 4.351698636035447], [12.756137560026424, 4.351879097511802], [12.756498482979133, 4.351879097511802], [12.756498482979133, 4.352240020464511], [12.756678944455487, 4.352240020464511], [12.756678944455487, 4.352781404893575], [12.756137560026424, 4.352781404893575]]]}}, {"id": "235", "type": "Feature", "properties": {"time_step": null}, "geometry": {"type": "Polygon", "coordinates": [[[12.753430637881106, 4.353052097108106], [12.753430637881106, 4.352961866369929], [12.752889253452041, 4.352961866369929], [12.752889253452041, 4.352781404893575], [12.752799022713864, 4.352781404893575], [12.752799022713864, 4.35260094341722], [12.752708791975687, 4.35260094341722], [12.752708791975687, 4.351879097511802], [12.75261856123751, 4.351879097511802], [12.75261856123751, 4.351698636035447], [12.752528330499333, 4.351698636035447], [12.752528330499333, 4.351067020868206], [12.75261856123751, 4.351067020868206], [12.75261856123751, 4.350976790130029], [12.752708791975687, 4.350976790130029], [12.752708791975687, 4.350886559391852], [12.752799022713864, 4.350886559391852], [12.752799022713864, 4.350706097915498], [12.752889253452041, 4.350706097915498], [12.752889253452041, 4.35061586717732], [12.753791560833815, 4.35061586717732], [12.753791560833815, 4.351518174559093], [12.754332945262878, 4.351518174559093], [12.754332945262878, 4.352240020464511], [12.754513406739232, 4.352240020464511], [12.754513406739232, 4.352781404893575], [12.754152483786523, 4.352781404893575], [12.754152483786523, 4.352961866369929], [12.75361109935746, 4.352961866369929], [12.75361109935746, 4.353052097108106], [12.753430637881106, 4.353052097108106]]]}}, {"id": "236", "type": "Feature", "properties": {"time_step": null}, "geometry": {"type": "Polygon", "coordinates": [[[12.834908994455184, 4.351518174559093], [12.834908994455184, 4.351337713082738], [12.83472853297883, 4.351337713082738], [12.83472853297883, 4.350976790130029], [12.834818763717006, 4.350976790130029], [12.834818763717006, 4.350886559391852], [12.834908994455184, 4.350886559391852], [12.834908994455184, 4.350706097915498], [12.835089455931538, 4.350706097915498], [12.835089455931538, 4.35061586717732], [12.835179686669715, 4.35061586717732], [12.835179686669715, 4.350435405700965], [12.83536014814607, 4.350435405700965], [12.83536014814607, 4.3505256364391425], [12.835269917407892, 4.3505256364391425], [12.835269917407892, 4.35061586717732], [12.835450378884248, 4.35061586717732], [12.835450378884248, 4.351337713082738], [12.835269917407892, 4.351337713082738], [12.835269917407892, 4.351518174559093], [12.834908994455184, 4.351518174559093]]]}}, {"id": "237", "type": "Feature", "properties": {"time_step": null}, "geometry": {"type": "Polygon", "coordinates": [[[12.82877330425913, 4.3511572516063834], [12.82877330425913, 4.3505256364391425], [12.828863534997307, 4.3505256364391425], [12.828863534997307, 4.350435405700965], [12.828953765735484, 4.350435405700965], [12.828953765735484, 4.350164713486434], [12.829043996473661, 4.350164713486434], [12.829043996473661, 4.350074482748257], [12.829134227211838, 4.350074482748257], [12.829134227211838, 4.3498940212719015], [12.829675611640901, 4.3498940212719015], [12.829675611640901, 4.350074482748257], [12.829765842379079, 4.350074482748257], [12.829765842379079, 4.350254944224611], [12.829675611640901, 4.350254944224611], [12.829675611640901, 4.350796328653675], [12.829495150164547, 4.350796328653675], [12.829495150164547, 4.350976790130029], [12.829314688688193, 4.350976790130029], [12.829314688688193, 4.3511572516063834], [12.82877330425913, 4.3511572516063834]]]}}, {"id": "238", "type": "Feature", "properties": {"time_step": null}, "geometry": {"type": "Polygon", "coordinates": [[[12.827690535401002, 4.35061586717732], [12.827690535401002, 4.350435405700965], [12.826697997281052, 4.350435405700965], [12.826697997281052, 4.350345174962788], [12.826607766542875, 4.350345174962788], [12.826607766542875, 4.349713559795547], [12.827870996877357, 4.349713559795547], [12.827870996877357, 4.34962332905737], [12.828231919830065, 4.34962332905737], [12.828231919830065, 4.349713559795547], [12.82841238130642, 4.349713559795547], [12.82841238130642, 4.349803790533724], [12.828592842782774, 4.349803790533724], [12.828592842782774, 4.350254944224611], [12.82841238130642, 4.350254944224611], [12.82841238130642, 4.350435405700965], [12.828322150568242, 4.350435405700965], [12.828322150568242, 4.35061586717732], [12.827690535401002, 4.35061586717732]]]}}, {"id": "239", "type": "Feature", "properties": {"time_step": null}, "geometry": {"type": "Polygon", "coordinates": [[[12.832292303048042, 4.350074482748257], [12.832292303048042, 4.349984252010079], [12.832202072309865, 4.349984252010079], [12.832202072309865, 4.3498940212719015], [12.832021610833511, 4.3498940212719015], [12.832021610833511, 4.349713559795547], [12.831841149357157, 4.349713559795547], [12.831841149357157, 4.349172175366483], [12.83238253378622, 4.349172175366483], [12.83238253378622, 4.348991713890129], [12.833284841167993, 4.348991713890129], [12.833284841167993, 4.349172175366483], [12.833465302644347, 4.349172175366483], [12.833465302644347, 4.349352636842838], [12.833645764120702, 4.349352636842838], [12.833645764120702, 4.349533098319193], [12.833826225597056, 4.349533098319193], [12.833826225597056, 4.349713559795547], [12.833465302644347, 4.349713559795547], [12.833465302644347, 4.34962332905737], [12.833284841167993, 4.34962332905737], [12.833284841167993, 4.349713559795547], [12.832923918215284, 4.349713559795547], [12.832923918215284, 4.349803790533724], [12.832743456738928, 4.349803790533724], [12.832743456738928, 4.3498940212719015], [12.83238253378622, 4.3498940212719015], [12.83238253378622, 4.350074482748257], [12.832292303048042, 4.350074482748257]]]}}, {"id": "240", "type": "Feature", "properties": {"time_step": null}, "geometry": {"type": "Polygon", "coordinates": [[[12.755505944859182, 4.3511572516063834], [12.755505944859182, 4.350976790130029], [12.755415714121005, 4.350976790130029], [12.755415714121005, 4.35061586717732], [12.755325483382828, 4.35061586717732], [12.755325483382828, 4.3505256364391425], [12.75523525264465, 4.3505256364391425], [12.75523525264465, 4.350345174962788], [12.755325483382828, 4.350345174962788], [12.755325483382828, 4.350254944224611], [12.755415714121005, 4.350254944224611], [12.755415714121005, 4.350074482748257], [12.75523525264465, 4.350074482748257], [12.75523525264465, 4.349352636842838], [12.755325483382828, 4.349352636842838], [12.755325483382828, 4.349172175366483], [12.75523525264465, 4.349172175366483], [12.75523525264465, 4.348991713890129], [12.755145021906474, 4.348991713890129], [12.755145021906474, 4.348811252413775], [12.75523525264465, 4.348811252413775], [12.75523525264465, 4.3486307909374196], [12.755866867811891, 4.3486307909374196], [12.755866867811891, 4.348811252413775], [12.75595709855007, 4.348811252413775], [12.75595709855007, 4.349081944628306], [12.756318021502778, 4.349081944628306], [12.756318021502778, 4.348991713890129], [12.756678944455487, 4.348991713890129], [12.756678944455487, 4.348901483151952], [12.756859405931841, 4.348901483151952], [12.756859405931841, 4.348811252413775], [12.757039867408196, 4.348811252413775], [12.757039867408196, 4.348901483151952], [12.75722032888455, 4.348901483151952], [12.75722032888455, 4.348991713890129], [12.757400790360906, 4.348991713890129], [12.757400790360906, 4.349352636842838], [12.75758125183726, 4.349352636842838], [12.75758125183726, 4.350074482748257], [12.757400790360906, 4.350074482748257], [12.757400790360906, 4.350435405700965], [12.75722032888455, 4.350435405700965], [12.75722032888455, 4.3505256364391425], [12.757039867408196, 4.3505256364391425], [12.757039867408196, 4.35061586717732], [12.756498482979133, 4.35061586717732], [12.756498482979133, 4.350796328653675], [12.756047329288247, 4.350796328653675], [12.756047329288247, 4.350976790130029], [12.755776637073714, 4.350976790130029], [12.755776637073714, 4.3511572516063834], [12.755505944859182, 4.3511572516063834]]]}}, {"id": "241", "type": "Feature", "properties": {"time_step": null}, "geometry": {"type": "Polygon", "coordinates": [[[12.83472853297883, 4.349172175366483], [12.83472853297883, 4.3486307909374196], [12.834908994455184, 4.3486307909374196], [12.834908994455184, 4.348450329461065], [12.835450378884248, 4.348450329461065], [12.835450378884248, 4.348991713890129], [12.83536014814607, 4.348991713890129], [12.83536014814607, 4.349081944628306], [12.835269917407892, 4.349081944628306], [12.835269917407892, 4.349172175366483], [12.83472853297883, 4.349172175366483]]]}}, {"id": "242", "type": "Feature", "properties": {"time_step": null}, "geometry": {"type": "Polygon", "coordinates": [[[12.813253617292638, 4.3486307909374196], [12.813253617292638, 4.348450329461065], [12.81316338655446, 4.348450329461065], [12.81316338655446, 4.348360098722888], [12.813073155816284, 4.348360098722888], [12.813073155816284, 4.348179637246534], [12.81289269433993, 4.348179637246534], [12.81289269433993, 4.347818714293824], [12.813073155816284, 4.347818714293824], [12.813073155816284, 4.34763825281747], [12.813614540245347, 4.34763825281747], [12.813614540245347, 4.347728483555647], [12.8137950017217, 4.347728483555647], [12.8137950017217, 4.347908945032001], [12.813975463198057, 4.347908945032001], [12.813975463198057, 4.3486307909374196], [12.813253617292638, 4.3486307909374196]]]}}, {"id": "243", "type": "Feature", "properties": {"time_step": null}, "geometry": {"type": "Polygon", "coordinates": [[[12.832743456738928, 4.348269867984711], [12.832743456738928, 4.348089406508357], [12.832562995262574, 4.348089406508357], [12.832562995262574, 4.347728483555647], [12.832743456738928, 4.347728483555647], [12.832743456738928, 4.347548022079293], [12.833104379691639, 4.347548022079293], [12.833104379691639, 4.347457791341116], [12.833284841167993, 4.347457791341116], [12.833284841167993, 4.347548022079293], [12.833465302644347, 4.347548022079293], [12.833465302644347, 4.347908945032001], [12.833284841167993, 4.347908945032001], [12.833284841167993, 4.348089406508357], [12.833194610429816, 4.348089406508357], [12.833194610429816, 4.348269867984711], [12.832743456738928, 4.348269867984711]]]}}, {"id": "244", "type": "Feature", "properties": {"time_step": null}, "geometry": {"type": "Polygon", "coordinates": [[[12.83337507190617, 4.3472773298647605], [12.83337507190617, 4.347187099126583], [12.833014148953461, 4.347187099126583], [12.833014148953461, 4.347096868388406], [12.832923918215284, 4.347096868388406], [12.832923918215284, 4.346826176173875], [12.833284841167993, 4.346826176173875], [12.833284841167993, 4.3466457146975195], [12.83436761002612, 4.3466457146975195], [12.83436761002612, 4.3467359454356975], [12.834457840764298, 4.3467359454356975], [12.834457840764298, 4.346826176173875], [12.834548071502475, 4.346826176173875], [12.834548071502475, 4.347096868388406], [12.834457840764298, 4.347096868388406], [12.834457840764298, 4.347187099126583], [12.834187148549766, 4.347187099126583], [12.834187148549766, 4.3472773298647605], [12.833826225597056, 4.3472773298647605], [12.833826225597056, 4.347187099126583], [12.833465302644347, 4.347187099126583], [12.833465302644347, 4.3472773298647605], [12.83337507190617, 4.3472773298647605]]]}}, {"id": "245", "type": "Feature", "properties": {"time_step": null}, "geometry": {"type": "Polygon", "coordinates": [[[12.833916456335233, 4.3461043302684566], [12.833916456335233, 4.345562945839393], [12.83400668707341, 4.345562945839393], [12.83400668707341, 4.345382484363038], [12.834908994455184, 4.345382484363038], [12.834908994455184, 4.345833638053924], [12.83472853297883, 4.345833638053924], [12.83472853297883, 4.345923868792101], [12.834548071502475, 4.345923868792101], [12.834548071502475, 4.3461043302684566], [12.833916456335233, 4.3461043302684566]]]}}, {"id": "246", "type": "Feature", "properties": {"time_step": null}, "geometry": {"type": "Polygon", "coordinates": [[[12.830487688284498, 4.347006637650229], [12.830487688284498, 4.346916406912052], [12.83039745754632, 4.346916406912052], [12.83039745754632, 4.3467359454356975], [12.830307226808143, 4.3467359454356975], [12.830307226808143, 4.3466457146975195], [12.830216996069966, 4.3466457146975195], [12.830216996069966, 4.345382484363038], [12.830126765331789, 4.345382484363038], [12.830126765331789, 4.34529225362486], [12.830216996069966, 4.34529225362486], [12.830216996069966, 4.345202022886683], [12.830307226808143, 4.345202022886683], [12.830307226808143, 4.345111792148506], [12.83039745754632, 4.345111792148506], [12.83039745754632, 4.345021561410329], [12.830758380499029, 4.345021561410329], [12.830758380499029, 4.345382484363038], [12.830938841975383, 4.345382484363038], [12.830938841975383, 4.345743407315747], [12.831119303451738, 4.345743407315747], [12.831119303451738, 4.346284791744811], [12.830938841975383, 4.346284791744811], [12.830938841975383, 4.346555483959342], [12.830848611237206, 4.346555483959342], [12.830848611237206, 4.346465253221165], [12.830758380499029, 4.346465253221165], [12.830758380499029, 4.3466457146975195], [12.830577919022675, 4.3466457146975195], [12.830577919022675, 4.346826176173875], [12.830668149760852, 4.346826176173875], [12.830668149760852, 4.346916406912052], [12.830758380499029, 4.346916406912052], [12.830758380499029, 4.347006637650229], [12.830487688284498, 4.347006637650229]]]}}, {"id": "247", "type": "Feature", "properties": {"time_step": null}, "geometry": {"type": "Polygon", "coordinates": [[[12.82841238130642, 4.345382484363038], [12.82841238130642, 4.345202022886683], [12.82805145835371, 4.345202022886683], [12.82805145835371, 4.345021561410329], [12.827870996877357, 4.345021561410329], [12.827870996877357, 4.34466063845762], [12.82805145835371, 4.34466063845762], [12.82805145835371, 4.344480176981265], [12.82841238130642, 4.344480176981265], [12.82841238130642, 4.34466063845762], [12.82877330425913, 4.34466063845762], [12.82877330425913, 4.344841099933975], [12.828953765735484, 4.344841099933975], [12.828953765735484, 4.345202022886683], [12.82877330425913, 4.345202022886683], [12.82877330425913, 4.345382484363038], [12.82841238130642, 4.345382484363038]]]}}, {"id": "248", "type": "Feature", "properties": {"time_step": null}, "geometry": {"type": "Polygon", "coordinates": [[[12.755145021906474, 4.346826176173875], [12.755145021906474, 4.3467359454356975], [12.755054791168297, 4.3467359454356975], [12.755054791168297, 4.3466457146975195], [12.754784098953765, 4.3466457146975195], [12.754784098953765, 4.346284791744811], [12.75496456043012, 4.346284791744811], [12.75496456043012, 4.345923868792101], [12.754784098953765, 4.345923868792101], [12.754784098953765, 4.345562945839393], [12.75460363747741, 4.345562945839393], [12.75460363747741, 4.345111792148506], [12.754693868215588, 4.345111792148506], [12.754693868215588, 4.345021561410329], [12.754784098953765, 4.345021561410329], [12.754784098953765, 4.344841099933975], [12.75496456043012, 4.344841099933975], [12.75496456043012, 4.34466063845762], [12.755145021906474, 4.34466063845762], [12.755145021906474, 4.344570407719442], [12.75523525264465, 4.344570407719442], [12.75523525264465, 4.344480176981265], [12.755505944859182, 4.344480176981265], [12.755505944859182, 4.344299715504911], [12.755686406335537, 4.344299715504911], [12.755686406335537, 4.3441192540285565], [12.756047329288247, 4.3441192540285565], [12.756047329288247, 4.344299715504911], [12.756227790764601, 4.344299715504911], [12.756227790764601, 4.34466063845762], [12.756408252240956, 4.34466063845762], [12.756408252240956, 4.344841099933975], [12.75658871371731, 4.344841099933975], [12.75658871371731, 4.345021561410329], [12.756769175193664, 4.345021561410329], [12.756769175193664, 4.345923868792101], [12.75658871371731, 4.345923868792101], [12.75658871371731, 4.3461043302684566], [12.756408252240956, 4.3461043302684566], [12.756408252240956, 4.346284791744811], [12.756227790764601, 4.346284791744811], [12.756227790764601, 4.346465253221165], [12.755866867811891, 4.346465253221165], [12.755866867811891, 4.3466457146975195], [12.755505944859182, 4.3466457146975195], [12.755505944859182, 4.346826176173875], [12.755145021906474, 4.346826176173875]]]}}, {"id": "249", "type": "Feature", "properties": {"time_step": null}, "geometry": {"type": "Polygon", "coordinates": [[[12.821374383728593, 4.347096868388406], [12.821374383728593, 4.347006637650229], [12.821013460775884, 4.347006637650229], [12.821013460775884, 4.346826176173875], [12.82083299929953, 4.346826176173875], [12.82083299929953, 4.3466457146975195], [12.820652537823175, 4.3466457146975195], [12.820652537823175, 4.3467359454356975], [12.82047207634682, 4.3467359454356975], [12.82047207634682, 4.3466457146975195], [12.820201384132288, 4.3466457146975195], [12.820201384132288, 4.346555483959342], [12.82011115339411, 4.346555483959342], [12.82011115339411, 4.346465253221165], [12.819930691917756, 4.346465253221165], [12.819930691917756, 4.346284791744811], [12.819750230441402, 4.346284791744811], [12.819750230441402, 4.3461043302684566], [12.819569768965048, 4.3461043302684566], [12.819569768965048, 4.345202022886683], [12.819389307488693, 4.345202022886683], [12.819389307488693, 4.345382484363038], [12.819208846012337, 4.345382484363038], [12.819208846012337, 4.345562945839393], [12.818847923059629, 4.345562945839393], [12.818847923059629, 4.345472715101216], [12.818757692321451, 4.345472715101216], [12.818757692321451, 4.345382484363038], [12.818577230845097, 4.345382484363038], [12.818577230845097, 4.345202022886683], [12.81848700010692, 4.345202022886683], [12.81848700010692, 4.344841099933975], [12.818667461583274, 4.344841099933975], [12.818667461583274, 4.34466063845762], [12.818126077154211, 4.34466063845762], [12.818126077154211, 4.344480176981265], [12.818306538630566, 4.344480176981265], [12.818306538630566, 4.344299715504911], [12.81848700010692, 4.344299715504911], [12.81848700010692, 4.3441192540285565], [12.818757692321451, 4.3441192540285565], [12.818757692321451, 4.344029023290379], [12.818938153797806, 4.344029023290379], [12.818938153797806, 4.3441192540285565], [12.819028384535983, 4.3441192540285565], [12.819028384535983, 4.344299715504911], [12.818938153797806, 4.344299715504911], [12.818938153797806, 4.344389946243088], [12.818847923059629, 4.344389946243088], [12.818847923059629, 4.344480176981265], [12.819208846012337, 4.344480176981265], [12.819208846012337, 4.34466063845762], [12.819389307488693, 4.34466063845762], [12.819389307488693, 4.344931330672152], [12.81947953822687, 4.344931330672152], [12.81947953822687, 4.345021561410329], [12.819930691917756, 4.345021561410329], [12.819930691917756, 4.345111792148506], [12.82011115339411, 4.345111792148506], [12.82011115339411, 4.345202022886683], [12.821374383728593, 4.345202022886683], [12.821374383728593, 4.345382484363038], [12.821554845204947, 4.345382484363038], [12.821554845204947, 4.345562945839393], [12.821645075943124, 4.345562945839393], [12.821645075943124, 4.345743407315747], [12.821735306681301, 4.345743407315747], [12.821735306681301, 4.346284791744811], [12.821915768157655, 4.346284791744811], [12.821915768157655, 4.347006637650229], [12.821735306681301, 4.347006637650229], [12.821735306681301, 4.347096868388406], [12.821374383728593, 4.347096868388406]]]}}, {"id": "250", "type": "Feature", "properties": {"time_step": null}, "geometry": {"type": "Polygon", "coordinates": [[[12.83436761002612, 4.344480176981265], [12.83436761002612, 4.344299715504911], [12.833284841167993, 4.344299715504911], [12.833284841167993, 4.344209484766734], [12.833194610429816, 4.344209484766734], [12.833194610429816, 4.3441192540285565], [12.833104379691639, 4.3441192540285565], [12.833104379691639, 4.343216946646783], [12.833194610429816, 4.343216946646783], [12.833194610429816, 4.343126715908606], [12.833284841167993, 4.343126715908606], [12.833284841167993, 4.343036485170429], [12.833645764120702, 4.343036485170429], [12.833645764120702, 4.342946254432252], [12.833735994858879, 4.342946254432252], [12.833735994858879, 4.3428560236940745], [12.83409691781159, 4.3428560236940745], [12.83409691781159, 4.342946254432252], [12.834187148549766, 4.342946254432252], [12.834187148549766, 4.343036485170429], [12.83436761002612, 4.343036485170429], [12.83436761002612, 4.343216946646783], [12.834548071502475, 4.343216946646783], [12.834548071502475, 4.343577869599493], [12.83472853297883, 4.343577869599493], [12.83472853297883, 4.343758331075847], [12.834908994455184, 4.343758331075847], [12.834908994455184, 4.343938792552201], [12.83472853297883, 4.343938792552201], [12.83472853297883, 4.344299715504911], [12.834548071502475, 4.344299715504911], [12.834548071502475, 4.344480176981265], [12.83436761002612, 4.344480176981265]]]}}, {"id": "251", "type": "Feature", "properties": {"time_step": null}, "geometry": {"type": "Polygon", "coordinates": [[[12.817584692725147, 4.344299715504911], [12.817584692725147, 4.343938792552201], [12.817404231248792, 4.343938792552201], [12.817404231248792, 4.343758331075847], [12.817223769772438, 4.343758331075847], [12.817223769772438, 4.343216946646783], [12.817043308296084, 4.343216946646783], [12.817043308296084, 4.34267556221772], [12.817945615677857, 4.34267556221772], [12.817945615677857, 4.3428560236940745], [12.818126077154211, 4.3428560236940745], [12.818126077154211, 4.343036485170429], [12.818306538630566, 4.343036485170429], [12.818306538630566, 4.343307177384961], [12.818396769368743, 4.343307177384961], [12.818396769368743, 4.343397408123138], [12.81848700010692, 4.343397408123138], [12.81848700010692, 4.343938792552201], [12.818306538630566, 4.343938792552201], [12.818306538630566, 4.3441192540285565], [12.818126077154211, 4.3441192540285565], [12.818126077154211, 4.344299715504911], [12.817584692725147, 4.344299715504911]]]}}, {"id": "252", "type": "Feature", "properties": {"time_step": null}, "geometry": {"type": "Polygon", "coordinates": [[[12.822637614063074, 4.3441192540285565], [12.822637614063074, 4.343938792552201], [12.822186460372189, 4.343938792552201], [12.822186460372189, 4.343848561814024], [12.822096229634012, 4.343848561814024], [12.822096229634012, 4.343758331075847], [12.821735306681301, 4.343758331075847], [12.821735306681301, 4.343577869599493], [12.821554845204947, 4.343577869599493], [12.821554845204947, 4.343126715908606], [12.821645075943124, 4.343126715908606], [12.821645075943124, 4.343036485170429], [12.821915768157655, 4.343036485170429], [12.821915768157655, 4.3428560236940745], [12.822096229634012, 4.3428560236940745], [12.822096229634012, 4.34267556221772], [12.822276691110366, 4.34267556221772], [12.822276691110366, 4.342495100741365], [12.822818075539429, 4.342495100741365], [12.822818075539429, 4.34267556221772], [12.822637614063074, 4.34267556221772], [12.822637614063074, 4.342946254432252], [12.822727844801252, 4.342946254432252], [12.822727844801252, 4.343036485170429], [12.822818075539429, 4.343036485170429], [12.822818075539429, 4.343126715908606], [12.822998537015783, 4.343126715908606], [12.822998537015783, 4.343216946646783], [12.823178998492137, 4.343216946646783], [12.823178998492137, 4.343577869599493], [12.823359459968493, 4.343577869599493], [12.823359459968493, 4.343758331075847], [12.823178998492137, 4.343758331075847], [12.823178998492137, 4.343938792552201], [12.822998537015783, 4.343938792552201], [12.822998537015783, 4.3441192540285565], [12.822637614063074, 4.3441192540285565]]]}}, {"id": "253", "type": "Feature", "properties": {"time_step": null}, "geometry": {"type": "Polygon", "coordinates": [[[12.755505944859182, 4.3428560236940745], [12.755505944859182, 4.34267556221772], [12.755415714121005, 4.34267556221772], [12.755415714121005, 4.342585331479542], [12.755325483382828, 4.342585331479542], [12.755325483382828, 4.342404870003188], [12.75496456043012, 4.342404870003188], [12.75496456043012, 4.341863485574124], [12.755415714121005, 4.341863485574124], [12.755415714121005, 4.341953716312302], [12.755505944859182, 4.341953716312302], [12.755505944859182, 4.342043947050479], [12.755686406335537, 4.342043947050479], [12.755686406335537, 4.342314639265011], [12.755866867811891, 4.342314639265011], [12.755866867811891, 4.342404870003188], [12.756047329288247, 4.342404870003188], [12.756047329288247, 4.34267556221772], [12.75595709855007, 4.34267556221772], [12.75595709855007, 4.342765792955897], [12.755866867811891, 4.342765792955897], [12.755866867811891, 4.3428560236940745], [12.755505944859182, 4.3428560236940745]]]}}, {"id": "254", "type": "Feature", "properties": {"time_step": null}, "geometry": {"type": "Polygon", "coordinates": [[[12.819750230441402, 4.343758331075847], [12.819750230441402, 4.343577869599493], [12.819389307488693, 4.343577869599493], [12.819389307488693, 4.3434876388613155], [12.819208846012337, 4.3434876388613155], [12.819208846012337, 4.34267556221772], [12.819569768965048, 4.34267556221772], [12.819569768965048, 4.342765792955897], [12.819750230441402, 4.342765792955897], [12.819750230441402, 4.3428560236940745], [12.819930691917756, 4.3428560236940745], [12.819930691917756, 4.34267556221772], [12.819659999703225, 4.34267556221772], [12.819659999703225, 4.342585331479542], [12.819569768965048, 4.342585331479542], [12.819569768965048, 4.341953716312302], [12.819750230441402, 4.341953716312302], [12.819750230441402, 4.341773254835947], [12.82047207634682, 4.341773254835947], [12.82047207634682, 4.341953716312302], [12.820652537823175, 4.341953716312302], [12.820652537823175, 4.342495100741365], [12.820562307084996, 4.342495100741365], [12.820562307084996, 4.342585331479542], [12.82047207634682, 4.342585331479542], [12.82047207634682, 4.3428560236940745], [12.82011115339411, 4.3428560236940745], [12.82011115339411, 4.343577869599493], [12.819930691917756, 4.343577869599493], [12.819930691917756, 4.343758331075847], [12.819750230441402, 4.343758331075847]]]}}, {"id": "255", "type": "Feature", "properties": {"time_step": null}, "geometry": {"type": "Polygon", "coordinates": [[[12.813614540245347, 4.344570407719442], [12.813614540245347, 4.344389946243088], [12.813343848030815, 4.344389946243088], [12.813343848030815, 4.344299715504911], [12.813253617292638, 4.344299715504911], [12.813253617292638, 4.344209484766734], [12.813073155816284, 4.344209484766734], [12.813073155816284, 4.344029023290379], [12.81289269433993, 4.344029023290379], [12.81289269433993, 4.34366810033767], [12.813073155816284, 4.34366810033767], [12.813073155816284, 4.343577869599493], [12.813253617292638, 4.343577869599493], [12.813253617292638, 4.343307177384961], [12.813343848030815, 4.343307177384961], [12.813343848030815, 4.343126715908606], [12.813434078768992, 4.343126715908606], [12.813434078768992, 4.342946254432252], [12.812351309910865, 4.342946254432252], [12.812351309910865, 4.342765792955897], [12.812261079172687, 4.342765792955897], [12.812261079172687, 4.342585331479542], [12.811900156219979, 4.342585331479542], [12.811900156219979, 4.342404870003188], [12.81153923326727, 4.342404870003188], [12.81153923326727, 4.342043947050479], [12.811719694743624, 4.342043947050479], [12.811719694743624, 4.34168302409777], [12.811809925481802, 4.34168302409777], [12.811809925481802, 4.341502562621415], [12.811900156219979, 4.341502562621415], [12.811900156219979, 4.341412331883238], [12.811990386958156, 4.341412331883238], [12.811990386958156, 4.341322101145061], [12.812622002125398, 4.341322101145061], [12.812622002125398, 4.341502562621415], [12.813343848030815, 4.341502562621415], [12.813343848030815, 4.34168302409777], [12.813704770983524, 4.34168302409777], [12.813704770983524, 4.341863485574124], [12.813614540245347, 4.341863485574124], [12.813614540245347, 4.342043947050479], [12.8137950017217, 4.342043947050479], [12.8137950017217, 4.342224408526834], [12.81388523245988, 4.342224408526834], [12.81388523245988, 4.342404870003188], [12.814877770579828, 4.342404870003188], [12.814877770579828, 4.342224408526834], [12.815328924270716, 4.342224408526834], [12.815328924270716, 4.342134177788656], [12.815419155008893, 4.342134177788656], [12.815419155008893, 4.342043947050479], [12.815780077961602, 4.342043947050479], [12.815780077961602, 4.342224408526834], [12.81614100091431, 4.342224408526834], [12.81614100091431, 4.342404870003188], [12.816321462390665, 4.342404870003188], [12.816321462390665, 4.343758331075847], [12.816231231652488, 4.343758331075847], [12.816231231652488, 4.34366810033767], [12.81614100091431, 4.34366810033767], [12.81614100091431, 4.343758331075847], [12.816050770176133, 4.343758331075847], [12.816050770176133, 4.343848561814024], [12.815780077961602, 4.343848561814024], [12.815780077961602, 4.344029023290379], [12.815238693532539, 4.344029023290379], [12.815238693532539, 4.344299715504911], [12.81514846279436, 4.344299715504911], [12.81514846279436, 4.344389946243088], [12.814877770579828, 4.344389946243088], [12.814877770579828, 4.344480176981265], [12.814697309103474, 4.344480176981265], [12.814697309103474, 4.344570407719442], [12.813614540245347, 4.344570407719442]]]}}, {"id": "256", "type": "Feature", "properties": {"time_step": null}, "geometry": {"type": "Polygon", "coordinates": [[[12.819930691917756, 4.3408709474541745], [12.819930691917756, 4.34069048597782], [12.819750230441402, 4.34069048597782], [12.819750230441402, 4.340149101548756], [12.819208846012337, 4.340149101548756], [12.819208846012337, 4.339968640072402], [12.818847923059629, 4.339968640072402], [12.818847923059629, 4.339427255643338], [12.819028384535983, 4.339427255643338], [12.819028384535983, 4.339517486381515], [12.820652537823175, 4.339517486381515], [12.820652537823175, 4.3396077171196925], [12.82083299929953, 4.3396077171196925], [12.82083299929953, 4.339788178596047], [12.821013460775884, 4.339788178596047], [12.821013460775884, 4.340329563025111], [12.82083299929953, 4.340329563025111], [12.82083299929953, 4.34069048597782], [12.82047207634682, 4.34069048597782], [12.82047207634682, 4.3408709474541745], [12.819930691917756, 4.3408709474541745]]]}}]}